0_ap	kodesupplier	varchar	varchar(255)	YES	actor
0_ap	namasupplier	varchar	varchar(255)	YES	actor
0_ar	kodecustomer	varchar	varchar(255)	YES	actor
0_ar	namacustomer	varchar	varchar(255)	YES	actor
0_barangbaru	subdepartment	varchar	varchar(255)	YES	organization
0_coacustomer	kodecustomer	varchar	varchar(255)	YES	actor
0_coacustomer	namacustomer	varchar	varchar(255)	YES	actor
0_coasupplier	kodesupplier	varchar	varchar(255)	YES	actor
0_coasupplier	namasupplier	varchar	varchar(255)	YES	actor
0_coasupplier_copy	kodesupplier	varchar	varchar(255)	YES	actor
0_customer	salesman	varchar	varchar(255)	YES	actor
0_po	kodesupplier	varchar	varchar(500)	YES	actor
0_po	namasupplier	varchar	varchar(500)	YES	actor
0_po	status	varchar	varchar(500)	YES	status
0_po_1	kodesupplier	varchar	varchar(500)	YES	actor
0_po_1	namasupplier	varchar	varchar(500)	YES	actor
0_po_1	status	varchar	varchar(500)	YES	status
0_so	kodecustomer	varchar	varchar(500)	YES	actor
0_so	namacustomer	varchar	varchar(500)	YES	actor
0_so	kodesalesman	varchar	varchar(255)	YES	actor
0_so	status	varchar	varchar(500)	YES	status
0_so_1	kodecustomer	varchar	varchar(500)	YES	actor
0_so_1	namacustomer	varchar	varchar(500)	YES	actor
0_so_1	kodesalesman	varchar	varchar(255)	YES	actor
0_so_1	status	varchar	varchar(500)	YES	status
0_so_update	namacustomer	varchar	varchar(255)	YES	actor
0_so_update	kodecustomer	varchar	varchar(255)	YES	actor
0_so_update	kodesalesman	varchar	varchar(255)	YES	actor
ak_tmp	akcustomer	bigint	bigint	YES	actor
ak_tmp	akcustomerkontak	varchar	varchar(100)	YES	actor
ak_tmp	akstatusrealisasi	tinyint	tinyint	NO	status
ak_tmp	akstatus	tinyint	tinyint	NO	status
ak_tmp	akstatussebelumnya	tinyint	tinyint	NO	status
businessunits	UnitId	int	int	NO	organization
businessunits	ParentUnitId	int	int	YES	organization
dataauditlog	LogType	smallint	smallint	NO	classification
exceptions	Type	varchar	varchar(100)	NO	classification
exceptions	StatusCode	int	int	YES	status
lb_tmp	lbcustomer	bigint	bigint	YES	actor
lb_tmp	lbcustomerkontak	varchar	varchar(100)	YES	actor
lb_tmp	lbstatusrealisasi	tinyint	tinyint	NO	status
lb_tmp	lbstatus	tinyint	tinyint	NO	status
lb_tmp	lbstatussebelumnya	tinyint	tinyint	NO	status
lu_tmp	lucustomer	bigint	bigint	YES	actor
lu_tmp	lucustomerkontak	varchar	varchar(100)	YES	actor
lu_tmp	lustatusrealisasi	tinyint	tinyint	NO	status
lu_tmp	lustatus	tinyint	tinyint	NO	status
lu_tmp	lustatussebelumnya	tinyint	tinyint	NO	status
m0_app	appactive	tinyint	tinyint	YES	status
m0_backup	status	int	int	NO	status
m0_config	ckuncisales	smallint	smallint	NO	actor
m0_config	cgrouprekening	varchar	varchar(15)	NO	classification
m0_config	cmultiunit	smallint	smallint	NO	organization
m0_export	egroupby	varchar	varchar(250)	YES	classification
m0_hitungulang_log	hustatus	int	int	NO	status
m0_menu	mntype	smallint	smallint	YES	classification
m0_menu	mnactive	smallint	smallint	YES	status
m0_menu_s	mntype	smallint	smallint	YES	classification
m0_menu_s	mnactive	smallint	smallint	YES	status
m0_menu_s_copy1	mntype	smallint	smallint	YES	classification
m0_menu_s_copy1	mnactive	smallint	smallint	YES	status
m0_module	mactive	tinyint	tinyint	NO	status
m0_msmq	groupby	text	text	YES	classification
m0_nomor_next_failed	status	tinyint	tinyint	NO	status
m0_notifikasi_email	statusnotifikasi	tinyint	tinyint	NO	status
m0_notifikasi_email	statusupdate	tinyint	tinyint	NO	status
m0_report	rgroupby	varchar	varchar(250)	YES	classification
m0_report_copy	rgroupby	varchar	varchar(250)	YES	classification
m0_si	sicustomer	bigint	bigint	NO	actor
m0_si	sicustomerkontak	varchar	varchar(100)	YES	actor
m0_si	sicustomarea	varchar	varchar(250)	YES	location
m0_si	sistatuslunas	tinyint	tinyint	NO	status
m0_si	sistatusrnr	tinyint	tinyint	NO	status
m0_si	sistatussr	tinyint	tinyint	NO	status
m0_si	sistatusrealisasi	tinyint	tinyint	NO	status
m0_si	sistatussie	tinyint	tinyint	NO	status
m0_si	sistatus	tinyint	tinyint	NO	status
m0_si	sistatussebelumnya	tinyint	tinyint	NO	status
m0_si_detail	statusrnr	tinyint	tinyint	NO	status
m0_si_detail	statussr	tinyint	tinyint	NO	status
m0_si_detail	statusrealisasi	tinyint	tinyint	NO	status
m0_statistic	type	tinyint	tinyint	NO	classification
m0_table_relation_status	trsstatus	tinyint	tinyint	NO	status
m0_validitas_data	status	bigint	bigint	YES	status
m13_bl	blstatusrealisasi	tinyint	tinyint	NO	status
m13_bl	blstatus	tinyint	tinyint	NO	status
m13_bl	blstatussebelumnya	tinyint	tinyint	NO	status
m13_bl_detail	statusrealisasi	tinyint	tinyint	NO	status
m13_bl_detail_history	statusrealisasi	tinyint	tinyint	NO	status
m13_bl_history	blstatusrealisasi	tinyint	tinyint	NO	status
m13_bl_history	blstatus	tinyint	tinyint	NO	status
m13_bl_history	blstatussebelumnya	tinyint	tinyint	NO	status
m13_py	pystatusrealisasi	tinyint	tinyint	NO	status
m13_py	pystatus	tinyint	tinyint	NO	status
m13_py	pystatussebelumnya	tinyint	tinyint	NO	status
m13_py_detail	statusrealisasi	tinyint	tinyint	NO	status
m14_ang	angstatusrealisasi	tinyint	tinyint	NO	status
m14_ang	angstatus	tinyint	tinyint	NO	status
m14_ang	angstatussebelumnya	tinyint	tinyint	NO	status
m14_ang_detail	statusrealisasi	tinyint	tinyint	NO	status
m14_pjm	pjmstatusrealisasi	tinyint	tinyint	NO	status
m14_pjm	pjmstatus	tinyint	tinyint	NO	status
m14_pjm	pjmstatussebelumnya	tinyint	tinyint	NO	status
m14_pjm_detail	statusrealisasi	tinyint	tinyint	NO	status
m14_smp	smpstatusrealisasi	tinyint	tinyint	NO	status
m14_smp	smpstatus	tinyint	tinyint	NO	status
m14_smp	smpstatussebelumnya	tinyint	tinyint	NO	status
m14_smp_detail	statusrealisasi	tinyint	tinyint	NO	status
m1_contact	kkategorisalesman	varchar	varchar(25)	YES	actor
m1_contact	kkategorisalesmannama	varchar	varchar(100)	YES	actor
m1_contact	kkategoricustomer	varchar	varchar(25)	YES	actor
m1_contact	kkategoricustomernama	varchar	varchar(100)	YES	actor
m1_contact	kkategorisupplier	varchar	varchar(25)	YES	actor
m1_contact	kkategorisuppliernama	varchar	varchar(100)	YES	actor
m1_contact	ksalesman	bigint	bigint	YES	actor
m1_contact	ksalesmannama	varchar	varchar(100)	YES	actor
m1_contact	karea	varchar	varchar(25)	YES	location
m1_contact	kareanama	varchar	varchar(100)	YES	location
m1_contact_copy	kkategorisalesman	varchar	varchar(25)	YES	actor
m1_contact_copy	kkategorisalesmannama	varchar	varchar(100)	YES	actor
m1_contact_copy	kkategoricustomer	varchar	varchar(25)	YES	actor
m1_contact_copy	kkategoricustomernama	varchar	varchar(100)	YES	actor
m1_contact_copy	kkategorisupplier	varchar	varchar(25)	YES	actor
m1_contact_copy	kkategorisuppliernama	varchar	varchar(100)	YES	actor
m1_contact_copy	ksalesman	bigint	bigint	YES	actor
m1_contact_copy	ksalesmannama	varchar	varchar(100)	YES	actor
m1_contact_copy	karea	varchar	varchar(25)	YES	location
m1_contact_copy	kareanama	varchar	varchar(100)	YES	location
m1_contact_history	kkategorisalesman	varchar	varchar(25)	YES	actor
m1_contact_history	kkategorisalesmannama	varchar	varchar(100)	YES	actor
m1_contact_history	kkategoricustomer	varchar	varchar(25)	YES	actor
m1_contact_history	kkategoricustomernama	varchar	varchar(100)	YES	actor
m1_contact_history	kkategorisupplier	varchar	varchar(25)	YES	actor
m1_contact_history	kkategorisuppliernama	varchar	varchar(100)	YES	actor
m1_contact_history	ksalesman	bigint	bigint	YES	actor
m1_contact_history	ksalesmannama	varchar	varchar(100)	YES	actor
m1_contact_history	karea	varchar	varchar(25)	YES	location
m1_contact_history	kareanama	varchar	varchar(100)	YES	location
m1_item	bvendor	varchar	varchar(250)	YES	actor
m1_item	bstatusmoving	varchar	varchar(2)	YES	status
m1_item2	bvendor	varchar	varchar(250)	YES	actor
m1_item2	bstatusmoving	varchar	varchar(2)	YES	status
m1_item_branch_costcenter	ibcbranch	varchar	varchar(25)	NO	location
m1_item_c	bvendor	varchar	varchar(250)	YES	actor
m1_item_c	bstatusmoving	varchar	varchar(2)	YES	status
m1_item_copy1	bvendor	varchar	varchar(250)	YES	actor
m1_item_copy1	bstatusmoving	varchar	varchar(2)	YES	status
m1_item_copy2	bvendor	varchar	varchar(250)	YES	actor
m1_item_copy2	bstatusmoving	varchar	varchar(2)	YES	status
m1_item_flex	bvendor	varchar	varchar(250)	YES	actor
m1_item_flex	bstatusmoving	varchar	varchar(2)	YES	status
m1_item_hauling	bstatusmoving	varchar	varchar(2)	YES	status
m1_item_hauling	bastatus	int	int	NO	status
m1_item_hauling_history	bstatusmoving	varchar	varchar(2)	YES	status
m1_item_hauling_history	bastatus	int	int	NO	status
m1_item_history	bvendor	varchar	varchar(250)	YES	actor
m1_item_history	bstatusmoving	varchar	varchar(2)	YES	status
m1_item_permission	ipretursupplier	tinyint	tinyint	NO	actor
m1_item_permission_history	ipretursupplier	tinyint	tinyint	NO	actor
m1_patient	pstatusperkawinan	tinyint	tinyint	YES	status
m1_project	pstatus	varchar	varchar(15)	YES	status
m1_project_history	pstatus	varchar	varchar(15)	YES	status
m1_salesman_category	scarea	varchar	varchar(25)	NO	location
m1_salesman_category_history	scarea	varchar	varchar(25)	NO	location
m2_aj	ajstatusbayar	tinyint	tinyint	NO	status
m2_aj	ajstatus	tinyint	tinyint	NO	status
m2_aj	ajstatussebelumnya	tinyint	tinyint	NO	status
m2_aj_history	ajstatusbayar	tinyint	tinyint	NO	status
m2_aj_history	ajstatus	tinyint	tinyint	NO	status
m2_aj_history	ajstatussebelumnya	tinyint	tinyint	NO	status
m2_bd	bdstatus	tinyint	tinyint	NO	status
m2_bd	bdstatussebelumnya	tinyint	tinyint	NO	status
m2_bd_history	bdstatus	tinyint	tinyint	NO	status
m2_bd_history	bdstatussebelumnya	tinyint	tinyint	NO	status
m2_cb	cbstatusbayar	tinyint	tinyint	NO	status
m2_cb	cbstatus	tinyint	tinyint	NO	status
m2_cb	cbstatussebelumnya	tinyint	tinyint	NO	status
m2_cb_history	cbstatusbayar	tinyint	tinyint	NO	status
m2_cb_history	cbstatus	tinyint	tinyint	NO	status
m2_cb_history	cbstatussebelumnya	tinyint	tinyint	NO	status
m2_cd	cdstatusbayar	tinyint	tinyint	NO	status
m2_cd	cdstatus	tinyint	tinyint	NO	status
m2_cd	cdstatussebelumnya	tinyint	tinyint	NO	status
m2_cd_history	cdstatusbayar	tinyint	tinyint	NO	status
m2_cd_history	cdstatus	tinyint	tinyint	NO	status
m2_cd_history	cdstatussebelumnya	tinyint	tinyint	NO	status
m2_cr	crstatusbayar	tinyint	tinyint	NO	status
m2_cr	crstatus	tinyint	tinyint	NO	status
m2_cr	crstatussebelumnya	tinyint	tinyint	NO	status
m2_cr_history	crstatusbayar	tinyint	tinyint	NO	status
m2_cr_history	crstatus	tinyint	tinyint	NO	status
m2_cr_history	crstatussebelumnya	tinyint	tinyint	NO	status
m2_giro_list	glstatus	tinyint	tinyint	NO	status
m2_giro_list	glstatussebelumnya	tinyint	tinyint	NO	status
m2_gj	gjstatusbayar	tinyint	tinyint	NO	status
m2_gj	gjstatus	tinyint	tinyint	NO	status
m2_gj	gjstatussebelumnya	tinyint	tinyint	NO	status
m2_gj_history	gjstatusbayar	tinyint	tinyint	NO	status
m2_gj_history	gjstatus	tinyint	tinyint	NO	status
m2_gj_history	gjstatussebelumnya	tinyint	tinyint	NO	status
m2_jm	jmstatusbayar	tinyint	tinyint	NO	status
m2_jm	jmstatus	tinyint	tinyint	NO	status
m2_jm	jmstatussebelumnya	tinyint	tinyint	NO	status
m2_jm_history	jmstatusbayar	tinyint	tinyint	NO	status
m2_jm_history	jmstatus	tinyint	tinyint	NO	status
m2_jm_history	jmstatussebelumnya	tinyint	tinyint	NO	status
m2_pengajuan_dana	tstatusrealisasi	tinyint	tinyint	NO	status
m2_pengajuan_dana	tstatus	tinyint	tinyint	NO	status
m2_rg	rgstatusrgc	tinyint	tinyint	NO	status
m2_rg	rgstatus	tinyint	tinyint	NO	status
m2_rg	rgstatussebelumnya	tinyint	tinyint	NO	status
m2_rg_detail	statusgiro	tinyint	tinyint	NO	status
m2_rg_detail	statusrgc	tinyint	tinyint	NO	status
m2_rg_detail_history	statusgiro	tinyint	tinyint	NO	status
m2_rg_detail_history	statusrgc	tinyint	tinyint	NO	status
m2_rg_history	rgstatusrgc	tinyint	tinyint	NO	status
m2_rg_history	rgstatus	tinyint	tinyint	NO	status
m2_rg_history	rgstatussebelumnya	tinyint	tinyint	NO	status
m2_rgc	rgcstatus	tinyint	tinyint	NO	status
m2_rgc	rgcstatussebelumnya	tinyint	tinyint	NO	status
m2_rgc_detail	statusgiro	tinyint	tinyint	NO	status
m2_rgc_detail_history	statusgiro	tinyint	tinyint	NO	status
m2_rgc_history	rgcstatus	tinyint	tinyint	NO	status
m2_rgc_history	rgcstatussebelumnya	tinyint	tinyint	NO	status
m2_rm	rmstatusbayar	tinyint	tinyint	NO	status
m2_rm	rmstatus	tinyint	tinyint	NO	status
m2_rm	rmstatussebelumnya	tinyint	tinyint	NO	status
m2_rm_history	rmstatusbayar	tinyint	tinyint	NO	status
m2_rm_history	rmstatus	tinyint	tinyint	NO	status
m2_rm_history	rmstatussebelumnya	tinyint	tinyint	NO	status
m2_sg	sgstatussgc	tinyint	tinyint	NO	status
m2_sg	sgstatus	tinyint	tinyint	NO	status
m2_sg	sgstatussebelumnya	tinyint	tinyint	NO	status
m2_sg_detail	statusgiro	tinyint	tinyint	NO	status
m2_sg_detail	statussgc	tinyint	tinyint	NO	status
m2_sg_detail_history	statusgiro	tinyint	tinyint	NO	status
m2_sg_detail_history	statussgc	tinyint	tinyint	NO	status
m2_sg_history	sgstatussgc	tinyint	tinyint	NO	status
m2_sg_history	sgstatus	tinyint	tinyint	NO	status
m2_sg_history	sgstatussebelumnya	tinyint	tinyint	NO	status
m2_sgc	sgcstatus	tinyint	tinyint	NO	status
m2_sgc	sgcstatussebelumnya	tinyint	tinyint	NO	status
m2_sgc_detail	statusgiro	tinyint	tinyint	NO	status
m2_sgc_detail_history	statusgiro	tinyint	tinyint	NO	status
m2_sgc_history	sgcstatus	tinyint	tinyint	NO	status
m2_sgc_history	sgcstatussebelumnya	tinyint	tinyint	NO	status
m2_sm	smstatusbayar	tinyint	tinyint	NO	status
m2_sm	smstatus	tinyint	tinyint	NO	status
m2_sm	smstatussebelumnya	tinyint	tinyint	NO	status
m2_sm_history	smstatusbayar	tinyint	tinyint	NO	status
m2_sm_history	smstatus	tinyint	tinyint	NO	status
m2_sm_history	smstatussebelumnya	tinyint	tinyint	NO	status
m2_template	tstatusrealisasi	tinyint	tinyint	NO	status
m2_template	tstatus	tinyint	tinyint	NO	status
m2_transaction_journal	tstatuslunas	tinyint	tinyint	NO	status
m2_transaction_journal	tstatusrealisasi	tinyint	tinyint	NO	status
m2_transaction_journal	tstatus	tinyint	tinyint	NO	status
m2_transaction_journal_history	tstatuslunas	int	int	NO	status
m2_transaction_journal_history	tstatusrealisasi	tinyint	tinyint	NO	status
m2_transaction_journal_history	tstatus	tinyint	tinyint	NO	status
m2r_ap_card	apstatuslunas	tinyint	tinyint	NO	status
m2r_ap_card_detail	apstatuslunas	tinyint	tinyint	NO	status
m2r_ap_voucher	apstatuslunas	tinyint	tinyint	NO	status
m2r_ap_voucher_aging	apstatuslunas	tinyint	tinyint	NO	status
m2r_ap_voucher_aging_detail	apstatuslunas	tinyint	tinyint	NO	status
m2r_ap_voucher_detail	apstatuslunas	tinyint	tinyint	NO	status
m2r_appostage_card	apstatuslunas	tinyint	tinyint	NO	status
m2r_appostage_voucher	apstatuslunas	tinyint	tinyint	NO	status
m2r_ar_card	arstatuslunas	tinyint	tinyint	NO	status
m2r_ar_card_detail	arstatuslunas	tinyint	tinyint	NO	status
m2r_ar_voucher	arstatuslunas	tinyint	tinyint	NO	status
m2r_ar_voucher_aging	arstatuslunas	tinyint	tinyint	NO	status
m2r_ar_voucher_aging_detail	arstatuslunas	tinyint	tinyint	NO	status
m2r_ar_voucher_detail	arstatuslunas	tinyint	tinyint	NO	status
m2r_arpostage_card	arstatuslunas	tinyint	tinyint	NO	status
m2r_arpostage_voucher	arstatuslunas	tinyint	tinyint	NO	status
m2r_bp_card	bpstatuslunas	tinyint	tinyint	NO	status
m2r_general_ledger_detail	bpstatuslunas	tinyint	tinyint	NO	status
m2r_giro_voucher	glstatus	tinyint	tinyint	NO	status
m2r_giro_voucher	glstatussebelumnya	tinyint	tinyint	NO	status
m2r_giro_voucher_aging	glstatus	tinyint	tinyint	NO	status
m2r_giro_voucher_aging	glstatussebelumnya	tinyint	tinyint	NO	status
m2r_ip_card	arstatuslunas	tinyint	tinyint	NO	status
m2r_ip_list	pvcustomer	bigint	bigint	YES	actor
m2r_ip_list	pvcustomerkode	varchar	varchar(250)	YES	actor
m2r_ip_list	pvcustomernama	varchar	varchar(250)	YES	actor
m2r_ip_list	ipstatusbayar	tinyint	tinyint	NO	status
m2r_ip_voucher	arstatuslunas	tinyint	tinyint	NO	status
m2r_komisi_abd	salesmankode	varchar	varchar(250)	YES	actor
m2r_komisi_abd	salesmannama	varchar	varchar(250)	YES	actor
m2r_komisi_abd	customerkode	varchar	varchar(250)	YES	actor
m2r_komisi_abd	customernama	varchar	varchar(250)	YES	actor
m2r_komisi_limo	idsalesman	bigint	bigint	NO	actor
m2r_komisi_limo	kodesalesman	varchar	varchar(250)	YES	actor
m2r_komisi_limo	namasalesman	varchar	varchar(250)	YES	actor
m2r_komisi_limo	idcustomer	bigint	bigint	NO	actor
m2r_komisi_limo	kodecustomer	varchar	varchar(250)	NO	actor
m2r_komisi_limo	namacustomer	varchar	varchar(250)	NO	actor
m2r_laporan_penjualan	kkategoricustomer	varchar	varchar(250)	NO	actor
m2r_lr_invoice_detail	lrnamacustomer	varchar	varchar(250)	YES	actor
m2r_lr_invoice_global	lrnamacustomer	varchar	varchar(500)	YES	actor
m2r_mutasi_keuangan	mkstatus	int	int	YES	status
m2r_mutasi_keuangan	mkstatusnama	varchar	varchar(250)	YES	status
m2r_mutasi_stok_sumber	msvendor	varchar	varchar(250)	YES	actor
m2r_mutasi_stok_sumber	msvendornama	varchar	varchar(250)	YES	actor
m2r_mutasi_stok_sumber	msclass	varchar	varchar(250)	YES	classification
m2r_mutasi_stok_sumber	msclassnama	varchar	varchar(250)	YES	classification
m2r_mutasi_stok_sumber	mssubclass	varchar	varchar(250)	YES	classification
m2r_mutasi_stok_sumber	mssubclassnama	varchar	varchar(250)	YES	classification
m2r_penjualan_perhari_1	status	varchar	varchar(250)	YES	status
m2r_penjualan_perhari_2	status	bigint	bigint	YES	status
m2r_perhitungan_insentive	kodesalesman	varchar	varchar(250)	YES	actor
m2r_perhitungan_insentive	namasalesman	varchar	varchar(250)	YES	actor
m2r_salesman_point	salesman	bigint	bigint	NO	actor
m2r_salesman_point	salesmankode	varchar	varchar(250)	YES	actor
m2r_salesman_point	salesmannama	varchar	varchar(250)	YES	actor
m2r_salesman_point	kategorisalesman	varchar	varchar(250)	YES	actor
m2r_salesman_point	kategorisalesmannama	varchar	varchar(250)	YES	actor
m2r_salesman_point	customer	bigint	bigint	YES	actor
m2r_salesman_point	customerkode	varchar	varchar(250)	YES	actor
m2r_salesman_point	customernama	varchar	varchar(100)	YES	actor
m2r_salesman_point	areasalesman	varchar	varchar(250)	YES	location
m2r_salesman_point	areasalesmannama	varchar	varchar(250)	YES	location
m2r_salesman_point	customerarea	varchar	varchar(250)	YES	location
m2r_salesman_point	customerareanama	varchar	varchar(250)	YES	location
m2r_stok	supplier	varchar	varchar(250)	YES	actor
m2r_umpembelian_card	apstatuslunas	tinyint	tinyint	NO	status
m2r_umpembelian_voucher	apstatuslunas	tinyint	tinyint	NO	status
m2r_umpenjualan_card	arstatuslunas	tinyint	tinyint	NO	status
m2r_umpenjualan_voucher	arstatuslunas	tinyint	tinyint	NO	status
m3_dc	dcstatusts	tinyint	tinyint	NO	status
m3_dc	dcstatusrs	tinyint	tinyint	NO	status
m3_dc	dcstatusrealisasi	tinyint	tinyint	NO	status
m3_dc	dcstatus	tinyint	tinyint	NO	status
m3_dc	dcstatussebelumnya	tinyint	tinyint	NO	status
m3_dc_check	status	int	int	NO	status
m3_dc_check_history	status	int	int	NO	status
m3_dc_detail	statusrealisasi	tinyint	tinyint	NO	status
m3_dc_detail_history	statusrealisasi	tinyint	tinyint	NO	status
m3_dc_history	dcstatusts	tinyint	tinyint	NO	status
m3_dc_history	dcstatusrs	tinyint	tinyint	NO	status
m3_dc_history	dcstatusrealisasi	tinyint	tinyint	NO	status
m3_dc_history	dcstatus	tinyint	tinyint	NO	status
m3_dc_history	dcstatussebelumnya	tinyint	tinyint	NO	status
m3_ib	ibstatus	tinyint	tinyint	NO	status
m3_ib	ibstatussebelumnya	tinyint	tinyint	NO	status
m3_ib_history	ibstatus	tinyint	tinyint	NO	status
m3_ib_history	ibstatussebelumnya	tinyint	tinyint	NO	status
m3_mr	mrstatusts	tinyint	tinyint	NO	status
m3_mr	mrstatusrs	tinyint	tinyint	NO	status
m3_mr	mrstatusrealisasi	tinyint	tinyint	NO	status
m3_mr	mrstatus	tinyint	tinyint	NO	status
m3_mr	mrstatussebelumnya	tinyint	tinyint	NO	status
m3_mr_detail	statusts	tinyint	tinyint	NO	status
m3_mr_detail	statusrs	tinyint	tinyint	NO	status
m3_mr_detail	statusrealisasi	tinyint	tinyint	NO	status
m3_mr_detail_history	statusts	tinyint	tinyint	NO	status
m3_mr_detail_history	statusrs	tinyint	tinyint	NO	status
m3_mr_detail_history	statusrealisasi	tinyint	tinyint	NO	status
m3_mr_history	mrstatusts	tinyint	tinyint	NO	status
m3_mr_history	mrstatusrs	tinyint	tinyint	NO	status
m3_mr_history	mrstatusrealisasi	tinyint	tinyint	NO	status
m3_mr_history	mrstatus	tinyint	tinyint	NO	status
m3_mr_history	mrstatussebelumnya	tinyint	tinyint	NO	status
m3_pa	pastatus	tinyint	tinyint	NO	status
m3_pa	pastatussebelumnya	tinyint	tinyint	NO	status
m3_pa_detail	statusberlaku	int	int	NO	status
m3_pa_detail_history	statusberlaku	int	int	NO	status
m3_pa_history	pastatus	tinyint	tinyint	NO	status
m3_pa_history	pastatussebelumnya	tinyint	tinyint	NO	status
m3_rf	rfstatusts	tinyint	tinyint	NO	status
m3_rf	rfstatusrs	tinyint	tinyint	NO	status
m3_rf	rfstatusrealisasi	tinyint	tinyint	NO	status
m3_rf	rfstatus	tinyint	tinyint	NO	status
m3_rf	rfstatussebelumnya	tinyint	tinyint	NO	status
m3_rf_detail	statusts	tinyint	tinyint	NO	status
m3_rf_detail	statusrs	tinyint	tinyint	NO	status
m3_rf_detail	statusrealisasi	tinyint	tinyint	NO	status
m3_rf_detail_history	statusts	tinyint	tinyint	NO	status
m3_rf_detail_history	statusrs	tinyint	tinyint	NO	status
m3_rf_detail_history	statusrealisasi	tinyint	tinyint	NO	status
m3_rf_history	rfstatusts	tinyint	tinyint	NO	status
m3_rf_history	rfstatusrs	tinyint	tinyint	NO	status
m3_rf_history	rfstatusrealisasi	tinyint	tinyint	NO	status
m3_rf_history	rfstatus	tinyint	tinyint	NO	status
m3_rf_history	rfstatussebelumnya	tinyint	tinyint	NO	status
m3_rs	rsstatus	tinyint	tinyint	NO	status
m3_rs	rsstatussebelumnya	tinyint	tinyint	NO	status
m3_rs_history	rsstatus	tinyint	tinyint	NO	status
m3_rs_history	rsstatussebelumnya	tinyint	tinyint	NO	status
m3_rw	rwstatus	tinyint	tinyint	NO	status
m3_rw	rwstatussebelumnya	tinyint	tinyint	NO	status
m3_rw_history	rwstatus	tinyint	tinyint	NO	status
m3_rw_history	rwstatussebelumnya	tinyint	tinyint	NO	status
m3_sa	sastatus	tinyint	tinyint	NO	status
m3_sa	sastatussebelumnya	tinyint	tinyint	NO	status
m3_sa_history	sastatus	tinyint	tinyint	NO	status
m3_sa_history	sastatussebelumnya	tinyint	tinyint	NO	status
m3_sp	spstatussa	tinyint	tinyint	NO	status
m3_sp	spstatus	tinyint	tinyint	NO	status
m3_sp	spstatussebelumnya	tinyint	tinyint	NO	status
m3_sp_detail	statussa	tinyint	tinyint	NO	status
m3_sp_detail_history	statussa	tinyint	tinyint	NO	status
m3_sp_detail_progress	statussa	tinyint	tinyint	NO	status
m3_sp_history	spstatussa	tinyint	tinyint	NO	status
m3_sp_history	spstatus	tinyint	tinyint	NO	status
m3_sp_history	spstatussebelumnya	tinyint	tinyint	NO	status
m3_sp_progress	spstatussa	tinyint	tinyint	NO	status
m3_sp_progress	spstatus	tinyint	tinyint	NO	status
m3_sp_progress	spstatussebelumnya	tinyint	tinyint	NO	status
m3_ts	tsstatusrs	tinyint	tinyint	NO	status
m3_ts	tsstatusrealisasi	tinyint	tinyint	NO	status
m3_ts	tsstatus	tinyint	tinyint	NO	status
m3_ts	tsstatussebelumnya	tinyint	tinyint	NO	status
m3_ts_detail	statusrs	tinyint	tinyint	NO	status
m3_ts_detail	statusrealisasi	tinyint	tinyint	NO	status
m3_ts_detail_history	statusrs	tinyint	tinyint	NO	status
m3_ts_detail_history	statusrealisasi	tinyint	tinyint	NO	status
m3_ts_history	tsstatusrs	tinyint	tinyint	NO	status
m3_ts_history	tsstatusrealisasi	tinyint	tinyint	NO	status
m3_ts_history	tsstatus	tinyint	tinyint	NO	status
m3_ts_history	tsstatussebelumnya	tinyint	tinyint	NO	status
m4_ap	apstatusbayar	tinyint	tinyint	NO	status
m4_ap	apstatusvpp	tinyint	tinyint	NO	status
m4_ap	apstatus	tinyint	tinyint	NO	status
m4_ap	apstatussebelumnya	tinyint	tinyint	NO	status
m4_ap_history	apstatusbayar	tinyint	tinyint	NO	status
m4_ap_history	apstatusvpp	tinyint	tinyint	NO	status
m4_ap_history	apstatus	tinyint	tinyint	NO	status
m4_ap_history	apstatussebelumnya	tinyint	tinyint	NO	status
m4_bs	bsidrq1statuspo	tinyint	tinyint	NO	status
m4_bs	bsidrq2statuspo	tinyint	tinyint	NO	status
m4_bs	bsidrq3statuspo	tinyint	tinyint	NO	status
m4_bs	bsidrq4statuspo	tinyint	tinyint	NO	status
m4_bs	bsidrq5statuspo	tinyint	tinyint	NO	status
m4_bs	bsstatus	tinyint	tinyint	NO	status
m4_bs	bsstatussebelumnya	tinyint	tinyint	NO	status
m4_bs_history	bsidrq1statuspo	tinyint	tinyint	NO	status
m4_bs_history	bsidrq2statuspo	tinyint	tinyint	NO	status
m4_bs_history	bsidrq3statuspo	tinyint	tinyint	NO	status
m4_bs_history	bsidrq4statuspo	tinyint	tinyint	NO	status
m4_bs_history	bsidrq5statuspo	tinyint	tinyint	NO	status
m4_bs_history	bsstatus	tinyint	tinyint	NO	status
m4_bs_history	bsstatussebelumnya	tinyint	tinyint	NO	status
m4_cs	cssupplier	bigint	bigint	NO	actor
m4_cs	cssupplierkontak	varchar	varchar(100)	YES	actor
m4_cs	csstatuspo	tinyint	tinyint	NO	status
m4_cs	csstatusipc	tinyint	tinyint	NO	status
m4_cs	csstatusgrn	tinyint	tinyint	NO	status
m4_cs	csstatusri	tinyint	tinyint	NO	status
m4_cs	csstatusdnr	tinyint	tinyint	NO	status
m4_cs	csstatusprt	tinyint	tinyint	NO	status
m4_cs	csstatusrealisasi	tinyint	tinyint	NO	status
m4_cs	csstatus	tinyint	tinyint	NO	status
m4_cs	csstatussebelumnya	tinyint	tinyint	NO	status
m4_cs_detail	statuspo	tinyint	tinyint	NO	status
m4_cs_detail	statusipc	tinyint	tinyint	NO	status
m4_cs_detail	statusgrn	tinyint	tinyint	NO	status
m4_cs_detail	statusri	tinyint	tinyint	NO	status
m4_cs_detail	statusdnr	tinyint	tinyint	NO	status
m4_cs_detail	statusprt	tinyint	tinyint	NO	status
m4_cs_detail	statusrealisasi	tinyint	tinyint	NO	status
m4_dnr	dnrsupplier	bigint	bigint	NO	actor
m4_dnr	dnrsupplierkontak	varchar	varchar(100)	YES	actor
m4_dnr	dnrstatuslunas	tinyint	tinyint	NO	status
m4_dnr	dnrstatusprt	tinyint	tinyint	NO	status
m4_dnr	dnrstatusrealisasi	tinyint	tinyint	NO	status
m4_dnr	dnrstatus	tinyint	tinyint	NO	status
m4_dnr	dnrstatussebelumnya	tinyint	tinyint	NO	status
m4_dnr_detail	statusprt	tinyint	tinyint	NO	status
m4_dnr_detail	statusrealisasi	tinyint	tinyint	NO	status
m4_dnr_detail_history	statusprt	tinyint	tinyint	NO	status
m4_dnr_detail_history	statusrealisasi	tinyint	tinyint	NO	status
m4_dnr_history	dnrsupplier	bigint	bigint	NO	actor
m4_dnr_history	dnrsupplierkontak	varchar	varchar(100)	YES	actor
m4_dnr_history	dnrstatuslunas	tinyint	tinyint	NO	status
m4_dnr_history	dnrstatusprt	tinyint	tinyint	NO	status
m4_dnr_history	dnrstatusrealisasi	tinyint	tinyint	NO	status
m4_dnr_history	dnrstatus	tinyint	tinyint	NO	status
m4_dnr_history	dnrstatussebelumnya	tinyint	tinyint	NO	status
m4_grn	grnsupplier	bigint	bigint	NO	actor
m4_grn	grnsupplierkontak	varchar	varchar(100)	YES	actor
m4_grn	grnstatusri	tinyint	tinyint	NO	status
m4_grn	grnstatusdnr	tinyint	tinyint	NO	status
m4_grn	grnstatusprt	tinyint	tinyint	NO	status
m4_grn	grnstatusts	tinyint	tinyint	NO	status
m4_grn	grnstatusrealisasi	tinyint	tinyint	NO	status
m4_grn	grnstatus	tinyint	tinyint	NO	status
m4_grn	grnstatussebelumnya	tinyint	tinyint	NO	status
m4_grn_cost	statusri	tinyint	tinyint	NO	status
m4_grn_cost	statusbayar	tinyint	tinyint	NO	status
m4_grn_cost_history	statusri	tinyint	tinyint	NO	status
m4_grn_cost_history	statusbayar	tinyint	tinyint	NO	status
m4_grn_detail	statusri	tinyint	tinyint	NO	status
m4_grn_detail	statusdnr	tinyint	tinyint	NO	status
m4_grn_detail	statusprt	tinyint	tinyint	NO	status
m4_grn_detail	statusts	tinyint	tinyint	NO	status
m4_grn_detail	statusrealisasi	tinyint	tinyint	NO	status
m4_grn_detail_history	statusri	tinyint	tinyint	NO	status
m4_grn_detail_history	statusdnr	tinyint	tinyint	NO	status
m4_grn_detail_history	statusprt	tinyint	tinyint	NO	status
m4_grn_detail_history	statusts	tinyint	tinyint	NO	status
m4_grn_detail_history	statusrealisasi	tinyint	tinyint	NO	status
m4_grn_history	grnsupplier	bigint	bigint	NO	actor
m4_grn_history	grnsupplierkontak	varchar	varchar(100)	YES	actor
m4_grn_history	grnstatusri	tinyint	tinyint	NO	status
m4_grn_history	grnstatusdnr	tinyint	tinyint	NO	status
m4_grn_history	grnstatusprt	tinyint	tinyint	NO	status
m4_grn_history	grnstatusts	tinyint	tinyint	NO	status
m4_grn_history	grnstatusrealisasi	tinyint	tinyint	NO	status
m4_grn_history	grnstatus	tinyint	tinyint	NO	status
m4_grn_history	grnstatussebelumnya	tinyint	tinyint	NO	status
m4_ipc	ipcsupplier	bigint	bigint	NO	actor
m4_ipc	ipcsupplierkontak	varchar	varchar(100)	YES	actor
m4_ipc	ipcstatusipc	tinyint	tinyint	NO	status
m4_ipc	ipcstatusgrn	tinyint	tinyint	NO	status
m4_ipc	ipcstatusri	tinyint	tinyint	NO	status
m4_ipc	ipcstatusdnr	tinyint	tinyint	NO	status
m4_ipc	ipcstatusprt	tinyint	tinyint	NO	status
m4_ipc	ipcstatusrealisasi	tinyint	tinyint	NO	status
m4_ipc	ipcstatus	tinyint	tinyint	NO	status
m4_ipc	ipcstatussebelumnya	tinyint	tinyint	NO	status
m4_ipc_detail	statusipc	tinyint	tinyint	NO	status
m4_ipc_detail	statusgrn	tinyint	tinyint	NO	status
m4_ipc_detail	statusri	tinyint	tinyint	NO	status
m4_ipc_detail	statusdnr	tinyint	tinyint	NO	status
m4_ipc_detail	statusprt	tinyint	tinyint	NO	status
m4_ipc_detail	statusrealisasi	tinyint	tinyint	NO	status
m4_pie	piestatus	tinyint	tinyint	NO	status
m4_pie	piestatussebelumnya	tinyint	tinyint	NO	status
m4_pie_history	piestatus	tinyint	tinyint	NO	status
m4_pie_history	piestatussebelumnya	tinyint	tinyint	NO	status
m4_po	posupplier	bigint	bigint	NO	actor
m4_po	posupplierkontak	varchar	varchar(100)	YES	actor
m4_po	postatusipc	tinyint	tinyint	NO	status
m4_po	postatusgrn	tinyint	tinyint	NO	status
m4_po	postatusri	tinyint	tinyint	NO	status
m4_po	postatusdnr	tinyint	tinyint	NO	status
m4_po	postatusprt	tinyint	tinyint	NO	status
m4_po	postatusrealisasi	tinyint	tinyint	NO	status
m4_po	postatus	tinyint	tinyint	NO	status
m4_po	postatussebelumnya	tinyint	tinyint	NO	status
m4_po_cost	statusipc	tinyint	tinyint	NO	status
m4_po_cost	statusgrn	tinyint	tinyint	NO	status
m4_po_cost	statusri	tinyint	tinyint	NO	status
m4_po_cost	statusbayar	tinyint	tinyint	NO	status
m4_po_cost_history	statusipc	tinyint	tinyint	NO	status
m4_po_cost_history	statusgrn	tinyint	tinyint	NO	status
m4_po_cost_history	statusri	tinyint	tinyint	NO	status
m4_po_cost_history	statusbayar	tinyint	tinyint	NO	status
m4_po_detail	statusipc	tinyint	tinyint	NO	status
m4_po_detail	statusgrn	tinyint	tinyint	NO	status
m4_po_detail	statusri	tinyint	tinyint	NO	status
m4_po_detail	statusdnr	tinyint	tinyint	NO	status
m4_po_detail	statusprt	tinyint	tinyint	NO	status
m4_po_detail	statusrealisasi	tinyint	tinyint	NO	status
m4_po_detail_history	statusipc	tinyint	tinyint	NO	status
m4_po_detail_history	statusgrn	tinyint	tinyint	NO	status
m4_po_detail_history	statusri	tinyint	tinyint	NO	status
m4_po_detail_history	statusdnr	tinyint	tinyint	NO	status
m4_po_detail_history	statusprt	tinyint	tinyint	NO	status
m4_po_detail_history	statusrealisasi	tinyint	tinyint	NO	status
m4_po_history	posupplier	bigint	bigint	NO	actor
m4_po_history	posupplierkontak	varchar	varchar(100)	YES	actor
m4_po_history	postatusipc	tinyint	tinyint	NO	status
m4_po_history	postatusgrn	tinyint	tinyint	NO	status
m4_po_history	postatusri	tinyint	tinyint	NO	status
m4_po_history	postatusdnr	tinyint	tinyint	NO	status
m4_po_history	postatusprt	tinyint	tinyint	NO	status
m4_po_history	postatusrealisasi	tinyint	tinyint	NO	status
m4_po_history	postatus	tinyint	tinyint	NO	status
m4_po_history	postatussebelumnya	tinyint	tinyint	NO	status
m4_pp	ppstatusbayar	tinyint	tinyint	NO	status
m4_pp	ppstatus	tinyint	tinyint	NO	status
m4_pp	ppstatussebelumnya	tinyint	tinyint	NO	status
m4_pr	prstatussq	tinyint	tinyint	NO	status
m4_pr	prstatuscs	tinyint	tinyint	NO	status
m4_pr	prstatusrq	tinyint	tinyint	NO	status
m4_pr	prstatuspo	tinyint	tinyint	NO	status
m4_pr	prstatusipc	tinyint	tinyint	NO	status
m4_pr	prstatusgrn	tinyint	tinyint	NO	status
m4_pr	prstatusri	tinyint	tinyint	NO	status
m4_pr	prstatusdnr	tinyint	tinyint	NO	status
m4_pr	prstatusprt	tinyint	tinyint	NO	status
m4_pr	prstatusrealisasi	tinyint	tinyint	NO	status
m4_pr	prstatus	tinyint	tinyint	NO	status
m4_pr	prstatussebelumnya	tinyint	tinyint	NO	status
m4_pr_detail	supplier	bigint	bigint	NO	actor
m4_pr_detail	statussq	tinyint	tinyint	NO	status
m4_pr_detail	statuscs	tinyint	tinyint	NO	status
m4_pr_detail	statusrq	tinyint	tinyint	NO	status
m4_pr_detail	statuspo	tinyint	tinyint	NO	status
m4_pr_detail	statusipc	tinyint	tinyint	NO	status
m4_pr_detail	statusgrn	tinyint	tinyint	NO	status
m4_pr_detail	statusri	tinyint	tinyint	NO	status
m4_pr_detail	statusdnr	tinyint	tinyint	NO	status
m4_pr_detail	statusprt	tinyint	tinyint	NO	status
m4_pr_detail	statusrealisasi	tinyint	tinyint	NO	status
m4_pr_detail_history	supplier	bigint	bigint	NO	actor
m4_pr_detail_history	statussq	tinyint	tinyint	NO	status
m4_pr_detail_history	statuscs	tinyint	tinyint	NO	status
m4_pr_detail_history	statusrq	tinyint	tinyint	NO	status
m4_pr_detail_history	statuspo	tinyint	tinyint	NO	status
m4_pr_detail_history	statusipc	tinyint	tinyint	NO	status
m4_pr_detail_history	statusgrn	tinyint	tinyint	NO	status
m4_pr_detail_history	statusri	tinyint	tinyint	NO	status
m4_pr_detail_history	statusdnr	tinyint	tinyint	NO	status
m4_pr_detail_history	statusprt	tinyint	tinyint	NO	status
m4_pr_detail_history	statusrealisasi	tinyint	tinyint	NO	status
m4_pr_history	prstatussq	tinyint	tinyint	NO	status
m4_pr_history	prstatuscs	tinyint	tinyint	NO	status
m4_pr_history	prstatusrq	tinyint	tinyint	NO	status
m4_pr_history	prstatuspo	tinyint	tinyint	NO	status
m4_pr_history	prstatusipc	tinyint	tinyint	NO	status
m4_pr_history	prstatusgrn	tinyint	tinyint	NO	status
m4_pr_history	prstatusri	tinyint	tinyint	NO	status
m4_pr_history	prstatusdnr	tinyint	tinyint	NO	status
m4_pr_history	prstatusprt	tinyint	tinyint	NO	status
m4_pr_history	prstatusrealisasi	tinyint	tinyint	NO	status
m4_pr_history	prstatus	tinyint	tinyint	NO	status
m4_pr_history	prstatussebelumnya	tinyint	tinyint	NO	status
m4_prt	prtsupplier	bigint	bigint	NO	actor
m4_prt	prtsupplierkontak	varchar	varchar(100)	YES	actor
m4_prt	prtstatuslunas	tinyint	tinyint	NO	status
m4_prt	prtstatuspie	tinyint	tinyint	NO	status
m4_prt	prtstatusvpp	tinyint	tinyint	NO	status
m4_prt	prtstatus	tinyint	tinyint	NO	status
m4_prt	prtstatussebelumnya	tinyint	tinyint	NO	status
m4_prt_history	prtsupplier	bigint	bigint	NO	actor
m4_prt_history	prtsupplierkontak	varchar	varchar(100)	YES	actor
m4_prt_history	prtstatuslunas	tinyint	tinyint	NO	status
m4_prt_history	prtstatuspie	tinyint	tinyint	NO	status
m4_prt_history	prtstatusvpp	tinyint	tinyint	NO	status
m4_prt_history	prtstatus	tinyint	tinyint	NO	status
m4_prt_history	prtstatussebelumnya	tinyint	tinyint	NO	status
m4_rfq	rfqstatus	tinyint	tinyint	NO	status
m4_rfq	rfqstatussebelumnya	tinyint	tinyint	NO	status
m4_rfq_history	rfqstatus	tinyint	tinyint	NO	status
m4_rfq_history	rfqstatussebelumnya	tinyint	tinyint	NO	status
m4_ri	risupplier	bigint	bigint	NO	actor
m4_ri	risupplierkontak	varchar	varchar(100)	YES	actor
m4_ri	ristatuslunas	tinyint	tinyint	NO	status
m4_ri	ristatusdnr	tinyint	tinyint	NO	status
m4_ri	ristatusprt	tinyint	tinyint	NO	status
m4_ri	ristatusrealisasi	tinyint	tinyint	NO	status
m4_ri	ristatuspie	tinyint	tinyint	NO	status
m4_ri	ristatusvpp	tinyint	tinyint	NO	status
m4_ri	ristatus	tinyint	tinyint	NO	status
m4_ri	ristatussebelumnya	tinyint	tinyint	NO	status
m4_ri_cost	statusbayar	tinyint	tinyint	NO	status
m4_ri_cost_history	statusbayar	tinyint	tinyint	NO	status
m4_ri_detail	statusdnr	tinyint	tinyint	NO	status
m4_ri_detail	statusprt	tinyint	tinyint	NO	status
m4_ri_detail	statusrealisasi	tinyint	tinyint	NO	status
m4_ri_detail_history	statusdnr	tinyint	tinyint	NO	status
m4_ri_detail_history	statusprt	tinyint	tinyint	NO	status
m4_ri_detail_history	statusrealisasi	tinyint	tinyint	NO	status
m4_ri_history	risupplier	bigint	bigint	NO	actor
m4_ri_history	risupplierkontak	varchar	varchar(100)	YES	actor
m4_ri_history	ristatuslunas	tinyint	tinyint	NO	status
m4_ri_history	ristatusdnr	tinyint	tinyint	NO	status
m4_ri_history	ristatusprt	tinyint	tinyint	NO	status
m4_ri_history	ristatusrealisasi	tinyint	tinyint	NO	status
m4_ri_history	ristatuspie	tinyint	tinyint	NO	status
m4_ri_history	ristatusvpp	tinyint	tinyint	NO	status
m4_ri_history	ristatus	tinyint	tinyint	NO	status
m4_ri_history	ristatussebelumnya	tinyint	tinyint	NO	status
m4_rq	rqsupplier	bigint	bigint	NO	actor
m4_rq	rqsupplierkontak	varchar	varchar(100)	YES	actor
m4_rq	rqstatuspo	tinyint	tinyint	NO	status
m4_rq	rqstatusipc	tinyint	tinyint	NO	status
m4_rq	rqstatusgrn	tinyint	tinyint	NO	status
m4_rq	rqstatusri	tinyint	tinyint	NO	status
m4_rq	rqstatusdnr	tinyint	tinyint	NO	status
m4_rq	rqstatusprt	tinyint	tinyint	NO	status
m4_rq	rqstatusrealisasi	tinyint	tinyint	NO	status
m4_rq	rqstatus	tinyint	tinyint	NO	status
m4_rq	rqstatussebelumnya	tinyint	tinyint	NO	status
m4_rq_detail	statuspo	tinyint	tinyint	NO	status
m4_rq_detail	statusipc	tinyint	tinyint	NO	status
m4_rq_detail	statusgrn	tinyint	tinyint	NO	status
m4_rq_detail	statusri	tinyint	tinyint	NO	status
m4_rq_detail	statusdnr	tinyint	tinyint	NO	status
m4_rq_detail	statusprt	tinyint	tinyint	NO	status
m4_rq_detail	statusrealisasi	tinyint	tinyint	NO	status
m4_rq_detail_history	statuspo	tinyint	tinyint	NO	status
m4_rq_detail_history	statusipc	tinyint	tinyint	NO	status
m4_rq_detail_history	statusgrn	tinyint	tinyint	NO	status
m4_rq_detail_history	statusri	tinyint	tinyint	NO	status
m4_rq_detail_history	statusdnr	tinyint	tinyint	NO	status
m4_rq_detail_history	statusprt	tinyint	tinyint	NO	status
m4_rq_detail_history	statusrealisasi	tinyint	tinyint	NO	status
m4_rq_history	rqsupplier	bigint	bigint	NO	actor
m4_rq_history	rqsupplierkontak	varchar	varchar(100)	YES	actor
m4_rq_history	rqstatuspo	tinyint	tinyint	NO	status
m4_rq_history	rqstatusipc	tinyint	tinyint	NO	status
m4_rq_history	rqstatusgrn	tinyint	tinyint	NO	status
m4_rq_history	rqstatusri	tinyint	tinyint	NO	status
m4_rq_history	rqstatusdnr	tinyint	tinyint	NO	status
m4_rq_history	rqstatusprt	tinyint	tinyint	NO	status
m4_rq_history	rqstatusrealisasi	tinyint	tinyint	NO	status
m4_rq_history	rqstatus	tinyint	tinyint	NO	status
m4_rq_history	rqstatussebelumnya	tinyint	tinyint	NO	status
m4_vp	vpsupplier	bigint	bigint	NO	actor
m4_vp	vpsupplierkontak	varchar	varchar(100)	YES	actor
m4_vp	vpstatus	tinyint	tinyint	NO	status
m4_vp	vpstatussebelumnya	tinyint	tinyint	NO	status
m4_vp_history	vpsupplier	bigint	bigint	NO	actor
m4_vp_history	vpsupplierkontak	varchar	varchar(100)	YES	actor
m4_vp_history	vpstatus	tinyint	tinyint	NO	status
m4_vp_history	vpstatussebelumnya	tinyint	tinyint	NO	status
m4_vpp	vppsupplier	bigint	bigint	NO	actor
m4_vpp	vppsupplierkontak	varchar	varchar(100)	YES	actor
m4_vpp	vppstatusvp	tinyint	tinyint	NO	status
m4_vpp	vppstatus	tinyint	tinyint	NO	status
m4_vpp	vppstatussebelumnya	tinyint	tinyint	NO	status
m4_vpp_detail	statusvp	tinyint	tinyint	NO	status
m4_vpp_detail_history	statusvp	tinyint	tinyint	NO	status
m4_vpp_history	vppsupplier	bigint	bigint	NO	actor
m4_vpp_history	vppsupplierkontak	varchar	varchar(100)	YES	actor
m4_vpp_history	vppstatusvp	tinyint	tinyint	NO	status
m4_vpp_history	vppstatus	tinyint	tinyint	NO	status
m4_vpp_history	vppstatussebelumnya	tinyint	tinyint	NO	status
m4_vpp_pay	statusvp	tinyint	tinyint	NO	status
m4_vpp_pay_history	statusvp	tinyint	tinyint	NO	status
m5_as	asstatusbayar	tinyint	tinyint	NO	status
m5_as	asstatus	tinyint	tinyint	NO	status
m5_as	asstatussebelumnya	tinyint	tinyint	NO	status
m5_as_history	asstatusbayar	tinyint	tinyint	NO	status
m5_as_history	asstatus	tinyint	tinyint	NO	status
m5_as_history	asstatussebelumnya	tinyint	tinyint	NO	status
m5_cl	clcustomer	bigint	bigint	NO	actor
m5_cl	clcustomerkontak	varchar	varchar(100)	YES	actor
m5_cl	clstatuspi	tinyint	tinyint	NO	status
m5_cl	clstatuspl	tinyint	tinyint	NO	status
m5_cl	clstatusdo	tinyint	tinyint	NO	status
m5_cl	clstatusdr	tinyint	tinyint	NO	status
m5_cl	clstatussi	tinyint	tinyint	NO	status
m5_cl	clstatusrnr	tinyint	tinyint	NO	status
m5_cl	clstatussr	tinyint	tinyint	NO	status
m5_cl	clstatusrealisasi	tinyint	tinyint	NO	status
m5_cl	clstatus	tinyint	tinyint	NO	status
m5_cl	clstatussebelumnya	tinyint	tinyint	NO	status
m5_cl_history	clcustomer	bigint	bigint	NO	actor
m5_cl_history	clcustomerkontak	varchar	varchar(100)	YES	actor
m5_cl_history	clstatuspi	tinyint	tinyint	NO	status
m5_cl_history	clstatuspl	tinyint	tinyint	NO	status
m5_cl_history	clstatusdo	tinyint	tinyint	NO	status
m5_cl_history	clstatusdr	tinyint	tinyint	NO	status
m5_cl_history	clstatussi	tinyint	tinyint	NO	status
m5_cl_history	clstatusrnr	tinyint	tinyint	NO	status
m5_cl_history	clstatussr	tinyint	tinyint	NO	status
m5_cl_history	clstatusrealisasi	tinyint	tinyint	NO	status
m5_cl_history	clstatus	tinyint	tinyint	NO	status
m5_cl_history	clstatussebelumnya	tinyint	tinyint	NO	status
m5_do	docustomer	bigint	bigint	NO	actor
m5_do	docustomerkontak	varchar	varchar(100)	YES	actor
m5_do	dostatusdr	tinyint	tinyint	NO	status
m5_do	dostatussi	tinyint	tinyint	NO	status
m5_do	dostatusrnr	tinyint	tinyint	NO	status
m5_do	dostatussr	tinyint	tinyint	NO	status
m5_do	dostatusrealisasi	tinyint	tinyint	NO	status
m5_do	dostatus	tinyint	tinyint	NO	status
m5_do	dostatussebelumnya	tinyint	tinyint	NO	status
m5_do_detail	statusdr	tinyint	tinyint	NO	status
m5_do_detail	statussi	tinyint	tinyint	NO	status
m5_do_detail	statusrnr	tinyint	tinyint	NO	status
m5_do_detail	statussr	tinyint	tinyint	NO	status
m5_do_detail	statusrealisasi	tinyint	tinyint	NO	status
m5_do_detail_history	statusdr	tinyint	tinyint	NO	status
m5_do_detail_history	statussi	tinyint	tinyint	NO	status
m5_do_detail_history	statusrnr	tinyint	tinyint	NO	status
m5_do_detail_history	statussr	tinyint	tinyint	NO	status
m5_do_detail_history	statusrealisasi	tinyint	tinyint	NO	status
m5_do_history	docustomer	bigint	bigint	NO	actor
m5_do_history	docustomerkontak	varchar	varchar(100)	YES	actor
m5_do_history	dostatusdr	tinyint	tinyint	NO	status
m5_do_history	dostatussi	tinyint	tinyint	NO	status
m5_do_history	dostatusrnr	tinyint	tinyint	NO	status
m5_do_history	dostatussr	tinyint	tinyint	NO	status
m5_do_history	dostatusrealisasi	tinyint	tinyint	NO	status
m5_do_history	dostatus	tinyint	tinyint	NO	status
m5_do_history	dostatussebelumnya	tinyint	tinyint	NO	status
m5_dr	drcustomer	bigint	bigint	NO	actor
m5_dr	drcustomerkontak	varchar	varchar(100)	YES	actor
m5_dr	drstatussi	tinyint	tinyint	NO	status
m5_dr	drstatusrnr	tinyint	tinyint	NO	status
m5_dr	drstatussr	tinyint	tinyint	NO	status
m5_dr	drstatusrealisasi	tinyint	tinyint	NO	status
m5_dr	drstatus	tinyint	tinyint	NO	status
m5_dr	drstatussebelumnya	tinyint	tinyint	NO	status
m5_dr_detail	statussi	tinyint	tinyint	NO	status
m5_dr_detail	statusrnr	tinyint	tinyint	NO	status
m5_dr_detail	statussr	tinyint	tinyint	NO	status
m5_dr_detail	statusrealisasi	tinyint	tinyint	NO	status
m5_dr_detail_history	statussi	tinyint	tinyint	NO	status
m5_dr_detail_history	statusrnr	tinyint	tinyint	NO	status
m5_dr_detail_history	statussr	tinyint	tinyint	NO	status
m5_dr_detail_history	statusrealisasi	tinyint	tinyint	NO	status
m5_dr_history	drcustomer	bigint	bigint	NO	actor
m5_dr_history	drcustomerkontak	varchar	varchar(100)	YES	actor
m5_dr_history	drstatussi	tinyint	tinyint	NO	status
m5_dr_history	drstatusrnr	tinyint	tinyint	NO	status
m5_dr_history	drstatussr	tinyint	tinyint	NO	status
m5_dr_history	drstatusrealisasi	tinyint	tinyint	NO	status
m5_dr_history	drstatus	tinyint	tinyint	NO	status
m5_dr_history	drstatussebelumnya	tinyint	tinyint	NO	status
m5_ic	iccustomer	bigint	bigint	NO	actor
m5_ic	iccustomerkontak	varchar	varchar(100)	YES	actor
m5_ic	icstatuspv	tinyint	tinyint	NO	status
m5_ic	icstatus	tinyint	tinyint	NO	status
m5_ic	icstatussebelumnya	tinyint	tinyint	NO	status
m5_ic_detail	statuspv	double	double	NO	status
m5_ic_detail_history	statuspv	double	double	NO	status
m5_ic_history	iccustomer	bigint	bigint	NO	actor
m5_ic_history	iccustomerkontak	varchar	varchar(100)	YES	actor
m5_ic_history	icstatuspv	tinyint	tinyint	NO	status
m5_ic_history	icstatus	tinyint	tinyint	NO	status
m5_ic_history	icstatussebelumnya	tinyint	tinyint	NO	status
m5_ip	ipstatusbayar	tinyint	tinyint	NO	status
m5_ip	ipstatus	tinyint	tinyint	NO	status
m5_ip	ipstatussebelumnya	tinyint	tinyint	NO	status
m5_ip_history	ipstatusbayar	tinyint	tinyint	NO	status
m5_ip_history	ipstatus	tinyint	tinyint	NO	status
m5_ip_history	ipstatussebelumnya	tinyint	tinyint	NO	status
m5_pi	picustomer	bigint	bigint	NO	actor
m5_pi	picustomerkontak	varchar	varchar(100)	YES	actor
m5_pi	pistatuspl	tinyint	tinyint	NO	status
m5_pi	pistatusdo	tinyint	tinyint	NO	status
m5_pi	pistatusdr	tinyint	tinyint	NO	status
m5_pi	pistatussi	tinyint	tinyint	NO	status
m5_pi	pistatusrnr	tinyint	tinyint	NO	status
m5_pi	pistatussr	tinyint	tinyint	NO	status
m5_pi	pistatusrealisasi	tinyint	tinyint	NO	status
m5_pi	pistatus	tinyint	tinyint	NO	status
m5_pi	pistatussebelumnya	tinyint	tinyint	NO	status
m5_pi_detail	statuspl	tinyint	tinyint	NO	status
m5_pi_detail	statusdo	tinyint	tinyint	NO	status
m5_pi_detail	statusdr	tinyint	tinyint	NO	status
m5_pi_detail	statussi	tinyint	tinyint	NO	status
m5_pi_detail	statusrnr	tinyint	tinyint	NO	status
m5_pi_detail	statussr	tinyint	tinyint	NO	status
m5_pi_detail	statusrealisasi	tinyint	tinyint	NO	status
m5_pi_detail_history	statuspl	tinyint	tinyint	NO	status
m5_pi_detail_history	statusdo	tinyint	tinyint	NO	status
m5_pi_detail_history	statusdr	tinyint	tinyint	NO	status
m5_pi_detail_history	statussi	tinyint	tinyint	NO	status
m5_pi_detail_history	statusrnr	tinyint	tinyint	NO	status
m5_pi_detail_history	statussr	tinyint	tinyint	NO	status
m5_pi_detail_history	statusrealisasi	tinyint	tinyint	NO	status
m5_pi_history	picustomer	bigint	bigint	NO	actor
m5_pi_history	picustomerkontak	varchar	varchar(100)	YES	actor
m5_pi_history	pistatuspl	tinyint	tinyint	NO	status
m5_pi_history	pistatusdo	tinyint	tinyint	NO	status
m5_pi_history	pistatusdr	tinyint	tinyint	NO	status
m5_pi_history	pistatussi	tinyint	tinyint	NO	status
m5_pi_history	pistatusrnr	tinyint	tinyint	NO	status
m5_pi_history	pistatussr	tinyint	tinyint	NO	status
m5_pi_history	pistatusrealisasi	tinyint	tinyint	NO	status
m5_pi_history	pistatus	tinyint	tinyint	NO	status
m5_pi_history	pistatussebelumnya	tinyint	tinyint	NO	status
m5_pl	plcustomer	bigint	bigint	NO	actor
m5_pl	plcustomerkontak	varchar	varchar(100)	YES	actor
m5_pl	plstatusdo	tinyint	tinyint	NO	status
m5_pl	plstatusdr	tinyint	tinyint	NO	status
m5_pl	plstatussi	tinyint	tinyint	NO	status
m5_pl	plstatusrnr	tinyint	tinyint	NO	status
m5_pl	plstatussr	tinyint	tinyint	NO	status
m5_pl	plstatusrealisasi	tinyint	tinyint	NO	status
m5_pl	plstatus	tinyint	tinyint	NO	status
m5_pl	plstatussebelumnya	tinyint	tinyint	NO	status
m5_pl_detail	statusdo	tinyint	tinyint	NO	status
m5_pl_detail	statusdr	tinyint	tinyint	NO	status
m5_pl_detail	statussi	tinyint	tinyint	NO	status
m5_pl_detail	statusrnr	tinyint	tinyint	NO	status
m5_pl_detail	statussr	tinyint	tinyint	NO	status
m5_pl_detail	statusrealisasi	tinyint	tinyint	NO	status
m5_pl_detail_history	statusdo	tinyint	tinyint	NO	status
m5_pl_detail_history	statusdr	tinyint	tinyint	NO	status
m5_pl_detail_history	statussi	tinyint	tinyint	NO	status
m5_pl_detail_history	statusrnr	tinyint	tinyint	NO	status
m5_pl_detail_history	statussr	tinyint	tinyint	NO	status
m5_pl_detail_history	statusrealisasi	tinyint	tinyint	NO	status
m5_pl_history	plcustomer	bigint	bigint	NO	actor
m5_pl_history	plcustomerkontak	varchar	varchar(100)	YES	actor
m5_pl_history	plstatusdo	tinyint	tinyint	NO	status
m5_pl_history	plstatusdr	tinyint	tinyint	NO	status
m5_pl_history	plstatussi	tinyint	tinyint	NO	status
m5_pl_history	plstatusrnr	tinyint	tinyint	NO	status
m5_pl_history	plstatussr	tinyint	tinyint	NO	status
m5_pl_history	plstatusrealisasi	tinyint	tinyint	NO	status
m5_pl_history	plstatus	tinyint	tinyint	NO	status
m5_pl_history	plstatussebelumnya	tinyint	tinyint	NO	status
m5_pv	pvcustomer	bigint	bigint	NO	actor
m5_pv	pvcustomerkontak	varchar	varchar(100)	YES	actor
m5_pv	pvstatus	tinyint	tinyint	NO	status
m5_pv	pvstatussebelumnya	tinyint	tinyint	NO	status
m5_pv_history	pvcustomer	bigint	bigint	NO	actor
m5_pv_history	pvcustomerkontak	varchar	varchar(100)	YES	actor
m5_pv_history	pvstatus	tinyint	tinyint	NO	status
m5_pv_history	pvstatussebelumnya	tinyint	tinyint	NO	status
m5_rnr	rnrcustomer	bigint	bigint	NO	actor
m5_rnr	rnrcustomerkontak	varchar	varchar(100)	YES	actor
m5_rnr	rnrstatuslunas	tinyint	tinyint	NO	status
m5_rnr	rnrstatussr	tinyint	tinyint	NO	status
m5_rnr	rnrstatusrealisasi	tinyint	tinyint	NO	status
m5_rnr	rnrstatus	tinyint	tinyint	NO	status
m5_rnr	rnrstatussebelumnya	tinyint	tinyint	NO	status
m5_rnr_detail	statussr	tinyint	tinyint	NO	status
m5_rnr_detail	statusrealisasi	tinyint	tinyint	NO	status
m5_rnr_detail_history	statussr	tinyint	tinyint	NO	status
m5_rnr_detail_history	statusrealisasi	tinyint	tinyint	NO	status
m5_rnr_history	rnrcustomer	bigint	bigint	NO	actor
m5_rnr_history	rnrcustomerkontak	varchar	varchar(100)	YES	actor
m5_rnr_history	rnrstatuslunas	tinyint	tinyint	NO	status
m5_rnr_history	rnrstatussr	tinyint	tinyint	NO	status
m5_rnr_history	rnrstatusrealisasi	tinyint	tinyint	NO	status
m5_rnr_history	rnrstatus	tinyint	tinyint	NO	status
m5_rnr_history	rnrstatussebelumnya	tinyint	tinyint	NO	status
m5_rp	rpstatusbayar	tinyint	tinyint	NO	status
m5_rp	rpstatus	tinyint	tinyint	NO	status
m5_rp	rpstatussebelumnya	tinyint	tinyint	NO	status
m5_rp_history	rpstatusbayar	tinyint	tinyint	NO	status
m5_rp_history	rpstatus	tinyint	tinyint	NO	status
m5_rp_history	rpstatussebelumnya	tinyint	tinyint	NO	status
m5_si	sicustomer	bigint	bigint	NO	actor
m5_si	sicustomerkontak	varchar	varchar(100)	YES	actor
m5_si	sicustomarea	varchar	varchar(250)	YES	location
m5_si	sistatuslunas	tinyint	tinyint	NO	status
m5_si	sistatusrnr	tinyint	tinyint	NO	status
m5_si	sistatussr	tinyint	tinyint	NO	status
m5_si	sistatusrealisasi	tinyint	tinyint	NO	status
m5_si	sistatussie	tinyint	tinyint	NO	status
m5_si	sistatus	tinyint	tinyint	NO	status
m5_si	sistatussebelumnya	tinyint	tinyint	NO	status
m5_si_detail	statusrnr	tinyint	tinyint	NO	status
m5_si_detail	statussr	tinyint	tinyint	NO	status
m5_si_detail	statusrealisasi	tinyint	tinyint	NO	status
m5_si_detail_failed	statusrnr	tinyint	tinyint	NO	status
m5_si_detail_failed	statussr	tinyint	tinyint	NO	status
m5_si_detail_failed	statusrealisasi	tinyint	tinyint	NO	status
m5_si_detail_history	statusrnr	tinyint	tinyint	NO	status
m5_si_detail_history	statussr	tinyint	tinyint	NO	status
m5_si_detail_history	statusrealisasi	tinyint	tinyint	NO	status
m5_si_failed	sicustomer	bigint	bigint	NO	actor
m5_si_failed	sicustomerkontak	varchar	varchar(100)	YES	actor
m5_si_failed	sicustomarea	varchar	varchar(250)	YES	location
m5_si_failed	sistatuslunas	tinyint	tinyint	NO	status
m5_si_failed	sistatusrnr	tinyint	tinyint	NO	status
m5_si_failed	sistatussr	tinyint	tinyint	NO	status
m5_si_failed	sistatusrealisasi	tinyint	tinyint	NO	status
m5_si_failed	sistatussie	tinyint	tinyint	NO	status
m5_si_failed	sistatus	tinyint	tinyint	NO	status
m5_si_failed	sistatussebelumnya	tinyint	tinyint	NO	status
m5_si_history	sicustomer	bigint	bigint	NO	actor
m5_si_history	sicustomerkontak	varchar	varchar(100)	YES	actor
m5_si_history	sicustomarea	varchar	varchar(250)	YES	location
m5_si_history	sistatuslunas	tinyint	tinyint	NO	status
m5_si_history	sistatusrnr	tinyint	tinyint	NO	status
m5_si_history	sistatussr	tinyint	tinyint	NO	status
m5_si_history	sistatusrealisasi	tinyint	tinyint	NO	status
m5_si_history	sistatussie	tinyint	tinyint	NO	status
m5_si_history	sistatus	tinyint	tinyint	NO	status
m5_si_history	sistatussebelumnya	tinyint	tinyint	NO	status
m5_si_installment	statuslunas	tinyint	tinyint	NO	status
m5_si_material	statusrnr	tinyint	tinyint	NO	status
m5_si_material	statussr	tinyint	tinyint	NO	status
m5_si_material	statusrealisasi	tinyint	tinyint	NO	status
m5_si_material_history	statusrnr	tinyint	tinyint	NO	status
m5_si_material_history	statussr	tinyint	tinyint	NO	status
m5_si_material_history	statusrealisasi	tinyint	tinyint	NO	status
m5_sie	siestatus	tinyint	tinyint	NO	status
m5_sie	siestatussebelumnya	tinyint	tinyint	NO	status
m5_sie_history	siestatus	tinyint	tinyint	NO	status
m5_sie_history	siestatussebelumnya	tinyint	tinyint	NO	status
m5_so	socustomer	bigint	bigint	NO	actor
m5_so	socustomerkontak	varchar	varchar(100)	YES	actor
m5_so	sostatuspi	tinyint	tinyint	NO	status
m5_so	sostatuspl	tinyint	tinyint	NO	status
m5_so	sostatusdo	tinyint	tinyint	NO	status
m5_so	sostatusdr	tinyint	tinyint	NO	status
m5_so	sostatussi	tinyint	tinyint	NO	status
m5_so	sostatusrnr	tinyint	tinyint	NO	status
m5_so	sostatussr	tinyint	tinyint	NO	status
m5_so	sostatusrealisasi	tinyint	tinyint	NO	status
m5_so	sostatus	tinyint	tinyint	NO	status
m5_so	sostatussebelumnya	tinyint	tinyint	NO	status
m5_so_detail	statuspi	tinyint	tinyint	NO	status
m5_so_detail	statuspl	tinyint	tinyint	NO	status
m5_so_detail	statusdo	tinyint	tinyint	NO	status
m5_so_detail	statusdr	tinyint	tinyint	NO	status
m5_so_detail	statussi	tinyint	tinyint	NO	status
m5_so_detail	statusrnr	tinyint	tinyint	NO	status
m5_so_detail	statussr	tinyint	tinyint	NO	status
m5_so_detail	statusrealisasi	tinyint	tinyint	NO	status
m5_so_detail_history	statuspi	tinyint	tinyint	NO	status
m5_so_detail_history	statuspl	tinyint	tinyint	NO	status
m5_so_detail_history	statusdo	tinyint	tinyint	NO	status
m5_so_detail_history	statusdr	tinyint	tinyint	NO	status
m5_so_detail_history	statussi	tinyint	tinyint	NO	status
m5_so_detail_history	statusrnr	tinyint	tinyint	NO	status
m5_so_detail_history	statussr	tinyint	tinyint	NO	status
m5_so_detail_history	statusrealisasi	tinyint	tinyint	NO	status
m5_so_history	socustomer	bigint	bigint	NO	actor
m5_so_history	socustomerkontak	varchar	varchar(100)	YES	actor
m5_so_history	sostatuspi	tinyint	tinyint	NO	status
m5_so_history	sostatuspl	tinyint	tinyint	NO	status
m5_so_history	sostatusdo	tinyint	tinyint	NO	status
m5_so_history	sostatusdr	tinyint	tinyint	NO	status
m5_so_history	sostatussi	tinyint	tinyint	NO	status
m5_so_history	sostatusrnr	tinyint	tinyint	NO	status
m5_so_history	sostatussr	tinyint	tinyint	NO	status
m5_so_history	sostatusrealisasi	tinyint	tinyint	NO	status
m5_so_history	sostatus	tinyint	tinyint	NO	status
m5_so_history	sostatussebelumnya	tinyint	tinyint	NO	status
m5_spa	spastatus	tinyint	tinyint	NO	status
m5_spa	spastatussebelumnya	tinyint	tinyint	NO	status
m5_spa_history	spastatus	tinyint	tinyint	NO	status
m5_spa_history	spastatussebelumnya	tinyint	tinyint	NO	status
m5_sq	sqcustomer	bigint	bigint	NO	actor
m5_sq	sqcustomerkontak	varchar	varchar(100)	YES	actor
m5_sq	sqstatuspr	tinyint	tinyint	NO	status
m5_sq	sqstatusso	tinyint	tinyint	NO	status
m5_sq	sqstatuspi	tinyint	tinyint	NO	status
m5_sq	sqstatuspl	tinyint	tinyint	NO	status
m5_sq	sqstatusdo	tinyint	tinyint	NO	status
m5_sq	sqstatusdr	tinyint	tinyint	NO	status
m5_sq	sqstatussi	tinyint	tinyint	NO	status
m5_sq	sqstatusrnr	tinyint	tinyint	NO	status
m5_sq	sqstatussr	tinyint	tinyint	NO	status
m5_sq	sqstatusrealisasi	tinyint	tinyint	NO	status
m5_sq	sqstatus	tinyint	tinyint	NO	status
m5_sq	sqstatussebelumnya	tinyint	tinyint	NO	status
m5_sq_detail	statuspr	tinyint	tinyint	NO	status
m5_sq_detail	statusso	tinyint	tinyint	NO	status
m5_sq_detail	statuspi	tinyint	tinyint	NO	status
m5_sq_detail	statuspl	tinyint	tinyint	NO	status
m5_sq_detail	statusdo	tinyint	tinyint	NO	status
m5_sq_detail	statusdr	tinyint	tinyint	NO	status
m5_sq_detail	statussi	tinyint	tinyint	NO	status
m5_sq_detail	statusrnr	tinyint	tinyint	NO	status
m5_sq_detail	statussr	tinyint	tinyint	NO	status
m5_sq_detail	statusrealisasi	tinyint	tinyint	NO	status
m5_sq_detail_history	statuspr	tinyint	tinyint	NO	status
m5_sq_detail_history	statusso	tinyint	tinyint	NO	status
m5_sq_detail_history	statuspi	tinyint	tinyint	NO	status
m5_sq_detail_history	statuspl	tinyint	tinyint	NO	status
m5_sq_detail_history	statusdo	tinyint	tinyint	NO	status
m5_sq_detail_history	statusdr	tinyint	tinyint	NO	status
m5_sq_detail_history	statussi	tinyint	tinyint	NO	status
m5_sq_detail_history	statusrnr	tinyint	tinyint	NO	status
m5_sq_detail_history	statussr	tinyint	tinyint	NO	status
m5_sq_detail_history	statusrealisasi	tinyint	tinyint	NO	status
m5_sq_history	sqcustomer	bigint	bigint	NO	actor
m5_sq_history	sqcustomerkontak	varchar	varchar(100)	YES	actor
m5_sq_history	sqstatuspr	tinyint	tinyint	NO	status
m5_sq_history	sqstatusso	tinyint	tinyint	NO	status
m5_sq_history	sqstatuspi	tinyint	tinyint	NO	status
m5_sq_history	sqstatuspl	tinyint	tinyint	NO	status
m5_sq_history	sqstatusdo	tinyint	tinyint	NO	status
m5_sq_history	sqstatusdr	tinyint	tinyint	NO	status
m5_sq_history	sqstatussi	tinyint	tinyint	NO	status
m5_sq_history	sqstatusrnr	tinyint	tinyint	NO	status
m5_sq_history	sqstatussr	tinyint	tinyint	NO	status
m5_sq_history	sqstatusrealisasi	tinyint	tinyint	NO	status
m5_sq_history	sqstatus	tinyint	tinyint	NO	status
m5_sq_history	sqstatussebelumnya	tinyint	tinyint	NO	status
m5_sq_out	statuspr	tinyint	tinyint	NO	status
m5_sq_out	statusso	tinyint	tinyint	NO	status
m5_sq_out	statuspi	tinyint	tinyint	NO	status
m5_sq_out	statuspl	tinyint	tinyint	NO	status
m5_sq_out	statusdo	tinyint	tinyint	NO	status
m5_sq_out	statusdr	tinyint	tinyint	NO	status
m5_sq_out	statussi	tinyint	tinyint	NO	status
m5_sq_out	statusrnr	tinyint	tinyint	NO	status
m5_sq_out	statussr	tinyint	tinyint	NO	status
m5_sq_out	statusrealisasi	tinyint	tinyint	NO	status
m5_sq_shipping	statuspr	tinyint	tinyint	NO	status
m5_sq_shipping	statusso	tinyint	tinyint	NO	status
m5_sq_shipping	statuspi	tinyint	tinyint	NO	status
m5_sq_shipping	statuspl	tinyint	tinyint	NO	status
m5_sq_shipping	statusdo	tinyint	tinyint	NO	status
m5_sq_shipping	statusdr	tinyint	tinyint	NO	status
m5_sq_shipping	statussi	tinyint	tinyint	NO	status
m5_sq_shipping	statusrnr	tinyint	tinyint	NO	status
m5_sq_shipping	statussr	tinyint	tinyint	NO	status
m5_sq_shipping	statusrealisasi	tinyint	tinyint	NO	status
m5_sr	srcustomer	bigint	bigint	NO	actor
m5_sr	srcustomerkontak	varchar	varchar(100)	YES	actor
m5_sr	srstatuslunas	tinyint	tinyint	NO	status
m5_sr	srstatussie	tinyint	tinyint	NO	status
m5_sr	srstatus	tinyint	tinyint	NO	status
m5_sr	srstatussebelumnya	tinyint	tinyint	NO	status
m5_sr_history	srcustomer	bigint	bigint	NO	actor
m5_sr_history	srcustomerkontak	varchar	varchar(100)	YES	actor
m5_sr_history	srstatuslunas	tinyint	tinyint	NO	status
m5_sr_history	srstatussie	tinyint	tinyint	NO	status
m5_sr_history	srstatus	tinyint	tinyint	NO	status
m5_sr_history	srstatussebelumnya	tinyint	tinyint	NO	status
m6_bom	bomstatus	tinyint	tinyint	NO	status
m6_bom	bomstatussebelumnya	tinyint	tinyint	NO	status
m6_bom_history	bomstatus	tinyint	tinyint	NO	status
m6_bom_history	bomstatussebelumnya	tinyint	tinyint	NO	status
m6_mrn	mrnstatuspdin	tinyint	tinyint	NO	status
m6_mrn	mrnstatuspdout	tinyint	tinyint	NO	status
m6_mrn	mrnstatusrealisasiin	tinyint	tinyint	NO	status
m6_mrn	mrnstatusrealisasiout	tinyint	tinyint	NO	status
m6_mrn	mrnstatus	tinyint	tinyint	NO	status
m6_mrn	mrnstatussebelumnya	tinyint	tinyint	NO	status
m6_mrn_history	mrnstatuspdin	tinyint	tinyint	NO	status
m6_mrn_history	mrnstatuspdout	tinyint	tinyint	NO	status
m6_mrn_history	mrnstatusrealisasiin	tinyint	tinyint	NO	status
m6_mrn_history	mrnstatusrealisasiout	tinyint	tinyint	NO	status
m6_mrn_history	mrnstatus	tinyint	tinyint	NO	status
m6_mrn_history	mrnstatussebelumnya	tinyint	tinyint	NO	status
m6_mrn_in	statuspd	tinyint	tinyint	NO	status
m6_mrn_in	statusrealisasi	tinyint	tinyint	NO	status
m6_mrn_in_history	statuspd	tinyint	tinyint	NO	status
m6_mrn_in_history	statusrealisasi	tinyint	tinyint	NO	status
m6_mrn_out	statuspd	tinyint	tinyint	NO	status
m6_mrn_out	statusrealisasi	tinyint	tinyint	NO	status
m6_mrn_out_history	statuspd	tinyint	tinyint	NO	status
m6_mrn_out_history	statusrealisasi	tinyint	tinyint	NO	status
m6_mrs	mrsstatusmrnin	tinyint	tinyint	NO	status
m6_mrs	mrsstatusmrnout	tinyint	tinyint	NO	status
m6_mrs	mrsstatuspdin	tinyint	tinyint	NO	status
m6_mrs	mrsstatuspdout	tinyint	tinyint	NO	status
m6_mrs	mrsstatusrealisasiin	tinyint	tinyint	NO	status
m6_mrs	mrsstatusrealisasiout	tinyint	tinyint	NO	status
m6_mrs	mrsstatus	tinyint	tinyint	NO	status
m6_mrs	mrsstatussebelumnya	tinyint	tinyint	NO	status
m6_mrs_history	mrsstatusmrnin	tinyint	tinyint	NO	status
m6_mrs_history	mrsstatusmrnout	tinyint	tinyint	NO	status
m6_mrs_history	mrsstatuspdin	tinyint	tinyint	NO	status
m6_mrs_history	mrsstatuspdout	tinyint	tinyint	NO	status
m6_mrs_history	mrsstatusrealisasiin	tinyint	tinyint	NO	status
m6_mrs_history	mrsstatusrealisasiout	tinyint	tinyint	NO	status
m6_mrs_history	mrsstatus	tinyint	tinyint	NO	status
m6_mrs_history	mrsstatussebelumnya	tinyint	tinyint	NO	status
m6_mrs_in	statusmrn	tinyint	tinyint	NO	status
m6_mrs_in	statuspd	tinyint	tinyint	NO	status
m6_mrs_in	statusrealisasi	tinyint	tinyint	NO	status
m6_mrs_in_history	statusmrn	tinyint	tinyint	NO	status
m6_mrs_in_history	statuspd	tinyint	tinyint	NO	status
m6_mrs_in_history	statusrealisasi	tinyint	tinyint	NO	status
m6_mrs_out	statusmrn	tinyint	tinyint	NO	status
m6_mrs_out	statuspd	tinyint	tinyint	NO	status
m6_mrs_out	statusrealisasi	tinyint	tinyint	NO	status
m6_mrs_out_history	statusmrn	tinyint	tinyint	NO	status
m6_mrs_out_history	statuspd	tinyint	tinyint	NO	status
m6_mrs_out_history	statusrealisasi	tinyint	tinyint	NO	status
m6_pd	pdstatus	tinyint	tinyint	NO	status
m6_pd	pdstatussebelumnya	tinyint	tinyint	NO	status
m6_pd_history	pdstatus	tinyint	tinyint	NO	status
m6_pd_history	pdstatussebelumnya	tinyint	tinyint	NO	status
m6_pdr	pdrstatuswoin	tinyint	tinyint	NO	status
m6_pdr	pdrstatuswoout	tinyint	tinyint	NO	status
m6_pdr	pdrstatusmrsin	tinyint	tinyint	NO	status
m6_pdr	pdrstatusmrsout	tinyint	tinyint	NO	status
m6_pdr	pdrstatusmrnin	tinyint	tinyint	NO	status
m6_pdr	pdrstatusmrnout	tinyint	tinyint	NO	status
m6_pdr	pdrstatuspdin	tinyint	tinyint	NO	status
m6_pdr	pdrstatuspdout	tinyint	tinyint	NO	status
m6_pdr	pdrstatusrealisasiin	tinyint	tinyint	NO	status
m6_pdr	pdrstatusrealisasiout	tinyint	tinyint	NO	status
m6_pdr	pdrstatus	tinyint	tinyint	NO	status
m6_pdr	pdrstatussebelumnya	tinyint	tinyint	NO	status
m6_pdr_history	pdrstatuswoin	tinyint	tinyint	NO	status
m6_pdr_history	pdrstatuswoout	tinyint	tinyint	NO	status
m6_pdr_history	pdrstatusmrsin	tinyint	tinyint	NO	status
m6_pdr_history	pdrstatusmrsout	tinyint	tinyint	NO	status
m6_pdr_history	pdrstatusmrnin	tinyint	tinyint	NO	status
m6_pdr_history	pdrstatusmrnout	tinyint	tinyint	NO	status
m6_pdr_history	pdrstatuspdin	tinyint	tinyint	NO	status
m6_pdr_history	pdrstatuspdout	tinyint	tinyint	NO	status
m6_pdr_history	pdrstatusrealisasiin	tinyint	tinyint	NO	status
m6_pdr_history	pdrstatusrealisasiout	tinyint	tinyint	NO	status
m6_pdr_history	pdrstatus	tinyint	tinyint	NO	status
m6_pdr_history	pdrstatussebelumnya	tinyint	tinyint	NO	status
m6_pdr_in	statuswo	tinyint	tinyint	NO	status
m6_pdr_in	statusmrs	tinyint	tinyint	NO	status
m6_pdr_in	statusmrn	tinyint	tinyint	NO	status
m6_pdr_in	statuspd	tinyint	tinyint	NO	status
m6_pdr_in	statusrealisasi	tinyint	tinyint	NO	status
m6_pdr_in_history	statuswo	tinyint	tinyint	NO	status
m6_pdr_in_history	statusmrs	tinyint	tinyint	NO	status
m6_pdr_in_history	statusmrn	tinyint	tinyint	NO	status
m6_pdr_in_history	statuspd	tinyint	tinyint	NO	status
m6_pdr_in_history	statusrealisasi	tinyint	tinyint	NO	status
m6_pdr_out	statuswo	tinyint	tinyint	NO	status
m6_pdr_out	statusmrs	tinyint	tinyint	NO	status
m6_pdr_out	statusmrn	tinyint	tinyint	NO	status
m6_pdr_out	statuspd	tinyint	tinyint	NO	status
m6_pdr_out	statusrealisasi	tinyint	tinyint	NO	status
m6_pdr_out_history	statuswo	tinyint	tinyint	NO	status
m6_pdr_out_history	statusmrs	tinyint	tinyint	NO	status
m6_pdr_out_history	statusmrn	tinyint	tinyint	NO	status
m6_pdr_out_history	statuspd	tinyint	tinyint	NO	status
m6_pdr_out_history	statusrealisasi	tinyint	tinyint	NO	status
m6_wo	wostatusmrsin	tinyint	tinyint	NO	status
m6_wo	wostatusmrsout	tinyint	tinyint	NO	status
m6_wo	wostatusmrnin	tinyint	tinyint	NO	status
m6_wo	wostatusmrnout	tinyint	tinyint	NO	status
m6_wo	wostatuspdin	tinyint	tinyint	NO	status
m6_wo	wostatuspdout	tinyint	tinyint	NO	status
m6_wo	wostatusrealisasiin	tinyint	tinyint	NO	status
m6_wo	wostatusrealisasiout	tinyint	tinyint	NO	status
m6_wo	wostatus	tinyint	tinyint	NO	status
m6_wo	wostatussebelumnya	tinyint	tinyint	NO	status
m6_wo_history	wostatusmrsin	tinyint	tinyint	NO	status
m6_wo_history	wostatusmrsout	tinyint	tinyint	NO	status
m6_wo_history	wostatusmrnin	tinyint	tinyint	NO	status
m6_wo_history	wostatusmrnout	tinyint	tinyint	NO	status
m6_wo_history	wostatuspdin	tinyint	tinyint	NO	status
m6_wo_history	wostatuspdout	tinyint	tinyint	NO	status
m6_wo_history	wostatusrealisasiin	tinyint	tinyint	NO	status
m6_wo_history	wostatusrealisasiout	tinyint	tinyint	NO	status
m6_wo_history	wostatus	tinyint	tinyint	NO	status
m6_wo_history	wostatussebelumnya	tinyint	tinyint	NO	status
m6_wo_in	statusmrs	tinyint	tinyint	NO	status
m6_wo_in	statusmrn	tinyint	tinyint	NO	status
m6_wo_in	statuspd	tinyint	tinyint	NO	status
m6_wo_in	statusrealisasi	tinyint	tinyint	NO	status
m6_wo_in_history	statusmrs	tinyint	tinyint	NO	status
m6_wo_in_history	statusmrn	tinyint	tinyint	NO	status
m6_wo_in_history	statuspd	tinyint	tinyint	NO	status
m6_wo_in_history	statusrealisasi	tinyint	tinyint	NO	status
m6_wo_out	statusmrs	tinyint	tinyint	NO	status
m6_wo_out	statusmrn	tinyint	tinyint	NO	status
m6_wo_out	statuspd	tinyint	tinyint	NO	status
m6_wo_out	statusrealisasi	tinyint	tinyint	NO	status
m6_wo_out_history	statusmrs	tinyint	tinyint	NO	status
m6_wo_out_history	statusmrn	tinyint	tinyint	NO	status
m6_wo_out_history	statuspd	tinyint	tinyint	NO	status
m6_wo_out_history	statusrealisasi	tinyint	tinyint	NO	status
m7_ab	abidaq1statusao	tinyint	tinyint	NO	status
m7_ab	abidaq2statusao	tinyint	tinyint	NO	status
m7_ab	abidaq3statusao	tinyint	tinyint	NO	status
m7_ab	abidaq4statusao	tinyint	tinyint	NO	status
m7_ab	abidaq5statusao	tinyint	tinyint	NO	status
m7_ab	abstatus	tinyint	tinyint	NO	status
m7_ab	abstatussebelumnya	tinyint	tinyint	NO	status
m7_ae	aesupplier	bigint	bigint	NO	actor
m7_ae	aesupplierkontak	varchar	varchar(100)	YES	actor
m7_ae	aestatuslunas	tinyint	tinyint	NO	status
m7_ae	aestatusai	tinyint	tinyint	NO	status
m7_ae	aestatusrealisasi	tinyint	tinyint	NO	status
m7_ae	aestatus	tinyint	tinyint	NO	status
m7_ae	aestatussebelumnya	tinyint	tinyint	NO	status
m7_ae_detail	statusrealisasi	tinyint	tinyint	NO	status
m7_ag	agstatus	tinyint	tinyint	NO	status
m7_ag	agstatussebelumnya	tinyint	tinyint	NO	status
m7_ao	aosupplier	bigint	bigint	NO	actor
m7_ao	aosupplierkontak	varchar	varchar(100)	YES	actor
m7_ao	aostatusae	tinyint	tinyint	NO	status
m7_ao	aostatusrealisasi	tinyint	tinyint	NO	status
m7_ao	aostatus	tinyint	tinyint	NO	status
m7_ao	aostatussebelumnya	tinyint	tinyint	NO	status
m7_ao_detail	statusae	tinyint	tinyint	NO	status
m7_ao_detail	statusrealisasi	tinyint	tinyint	NO	status
m7_aq	aqsupplier	bigint	bigint	NO	actor
m7_aq	aqsupplierkontak	varchar	varchar(100)	YES	actor
m7_aq	aqstatusao	tinyint	tinyint	NO	status
m7_aq	aqstatusae	tinyint	tinyint	NO	status
m7_aq	aqstatusrealisasi	tinyint	tinyint	NO	status
m7_aq	aqstatus	tinyint	tinyint	NO	status
m7_aq	aqstatussebelumnya	tinyint	tinyint	NO	status
m7_aq_detail	statusao	tinyint	tinyint	NO	status
m7_aq_detail	statusae	tinyint	tinyint	NO	status
m7_aq_detail	statusrealisasi	tinyint	tinyint	NO	status
m7_ar	arstatusaq	tinyint	tinyint	NO	status
m7_ar	arstatusao	tinyint	tinyint	NO	status
m7_ar	arstatusae	tinyint	tinyint	NO	status
m7_ar	arstatusai	tinyint	tinyint	NO	status
m7_ar	arstatusrealisasi	tinyint	tinyint	NO	status
m7_ar	arstatus	tinyint	tinyint	NO	status
m7_ar	arstatussebelumnya	tinyint	tinyint	NO	status
m7_ar_detail	statusaq	tinyint	tinyint	NO	status
m7_ar_detail	statusao	tinyint	tinyint	NO	status
m7_ar_detail	statusae	tinyint	tinyint	NO	status
m7_ar_detail	statusai	tinyint	tinyint	NO	status
m7_ar_detail	statusrealisasi	tinyint	tinyint	NO	status
m7_asl	aslcustomer	bigint	bigint	NO	actor
m7_asl	aslcustomerkontak	varchar	varchar(100)	YES	actor
m7_asl	aslstatuslunas	tinyint	tinyint	NO	status
m7_asl	aslstatusrealisasi	tinyint	tinyint	NO	status
m7_asl	aslstatus	tinyint	tinyint	NO	status
m7_asl	aslstatussebelumnya	tinyint	tinyint	NO	status
m7_asl_detail	statusrealisasi	tinyint	tinyint	NO	status
m7_asr	asrstatusasl	tinyint	tinyint	NO	status
m7_asr	asrstatusrealisasi	tinyint	tinyint	NO	status
m7_asr	asrstatus	tinyint	tinyint	NO	status
m7_asr	asrstatussebelumnya	tinyint	tinyint	NO	status
m7_asr_detail	statusaec	tinyint	tinyint	NO	status
m7_asr_detail	statusrealisasi	tinyint	tinyint	NO	status
m7_asset	astatus	tinyint	tinyint	NO	status
m7_asset	astatussebelumnya	tinyint	tinyint	YES	status
m7_asset_history	astatus	tinyint	tinyint	NO	status
m7_asset_history	astatussebelumnya	tinyint	tinyint	YES	status
m7_asset_transaction	atstatus	tinyint	tinyint	NO	status
m7_asset_transaction	atstatussebelumnya	tinyint	tinyint	YES	status
m7_asset_transaction_history	atstatus	tinyint	tinyint	NO	status
m7_asset_transaction_history	atstatussebelumnya	tinyint	tinyint	YES	status
m7_at	atsupplier	bigint	bigint	NO	actor
m7_at	atsupplierkontak	varchar	varchar(100)	YES	actor
m7_at	atstatus	tinyint	tinyint	NO	status
m7_at	atstatussebelumnya	tinyint	tinyint	NO	status
m7_da	dastatus	tinyint	tinyint	NO	status
m7_da	dastatussebelumnya	tinyint	tinyint	NO	status
m7_dsa	dsastatusrealisasi	tinyint	tinyint	NO	status
m7_dsa	dsastatus	tinyint	tinyint	NO	status
m7_dsa	dsastatussebelumnya	tinyint	tinyint	NO	status
m7_dsa_detail	statusrnr	tinyint	tinyint	NO	status
m7_dsa_detail	statussr	tinyint	tinyint	NO	status
m7_dsa_detail	statusrealisasi	tinyint	tinyint	NO	status
m7_dsr	dsrstatusdsa	tinyint	tinyint	NO	status
m7_dsr	dsrstatusrealisasi	tinyint	tinyint	NO	status
m7_dsr	dsrstatus	tinyint	tinyint	NO	status
m7_dsr	dsrstatussebelumnya	tinyint	tinyint	NO	status
m7_dsr_detail	statusdsa	tinyint	tinyint	NO	status
m7_dsr_detail	statusrealisasi	tinyint	tinyint	NO	status
m7_ia	iastatusirt	varchar	varchar(2)	NO	status
m7_ia	iastatus	tinyint	tinyint	NO	status
m7_ia	iastatussebelumnya	tinyint	tinyint	NO	status
m7_ia_detail	department	varchar	varchar(3)	NO	organization
m7_ia_detail	statusirt	varchar	varchar(2)	NO	status
m7_ir	irstatusia	varchar	varchar(2)	NO	status
m7_ir	irstatusirt	varchar	varchar(2)	NO	status
m7_ir	irstatus	tinyint	tinyint	NO	status
m7_ir	irstatussebelumnya	tinyint	tinyint	NO	status
m7_ir_detail	department	varchar	varchar(3)	NO	organization
m7_ir_detail	statusia	varchar	varchar(2)	NO	status
m7_ir_detail	statusirt	varchar	varchar(2)	NO	status
m7_irt	irtstatus	tinyint	tinyint	NO	status
m7_irt	irtstatussebelumnya	tinyint	tinyint	NO	status
m7_irt_detail	department	varchar	varchar(3)	NO	organization
m7_ra	rastatus	tinyint	tinyint	NO	status
m7_ra	rastatussebelumnya	tinyint	tinyint	NO	status
m7_ra_detail	department	varchar	varchar(3)	NO	organization
m7_ta	tastatuste	tinyint	tinyint	NO	status
m7_ta	tastatusrealisasi	tinyint	tinyint	NO	status
m7_ta	tastatus	tinyint	tinyint	NO	status
m7_ta	tastatussebelumnya	tinyint	tinyint	NO	status
m7_ta_detail	statuste	tinyint	tinyint	NO	status
m7_ta_detail	statusrealisasi	tinyint	tinyint	NO	status
m7_te	testatus	tinyint	tinyint	NO	status
m7_te	testatussebelumnya	tinyint	tinyint	NO	status
m7_tr	trstatusta	tinyint	tinyint	NO	status
m7_tr	trstatuste	tinyint	tinyint	NO	status
m7_tr	trstatusrealisasi	tinyint	tinyint	NO	status
m7_tr	trstatus	tinyint	tinyint	NO	status
m7_tr	trstatussebelumnya	tinyint	tinyint	NO	status
m7_tr_detail	statusta	tinyint	tinyint	NO	status
m7_tr_detail	statuste	tinyint	tinyint	NO	status
m7_tr_detail	statusrealisasi	tinyint	tinyint	NO	status
m7_ua	uastatusurt	tinyint	tinyint	NO	status
m7_ua	uastatusrealisasi	tinyint	tinyint	NO	status
m7_ua	uastatus	tinyint	tinyint	NO	status
m7_ua	uastatussebelumnya	tinyint	tinyint	NO	status
m7_ua_detail	statusurt	tinyint	tinyint	NO	status
m7_ua_detail	statusrealisasi	tinyint	tinyint	NO	status
m7_ur	urstatusua	tinyint	tinyint	NO	status
m7_ur	urstatusurt	tinyint	tinyint	NO	status
m7_ur	urstatusrealisasi	tinyint	tinyint	NO	status
m7_ur	urstatus	tinyint	tinyint	NO	status
m7_ur	urstatussebelumnya	tinyint	tinyint	NO	status
m7_ur_detail	statusua	tinyint	tinyint	NO	status
m7_ur_detail	statusurt	tinyint	tinyint	NO	status
m7_ur_detail	statusrealisasi	tinyint	tinyint	NO	status
m7_urt	urtstatus	tinyint	tinyint	NO	status
m7_urt	urtstatussebelumnya	tinyint	tinyint	NO	status
m9_coa	ccustomer	tinyint	tinyint	NO	actor
m9_coa	csupplier	tinyint	tinyint	NO	actor
m9_coa	csalesman	tinyint	tinyint	NO	actor
m9_setting_db	dbstatus	int	int	NO	status
m_10_ab	abstatus	tinyint	tinyint	NO	status
m_10_ad	adstatus	tinyint	tinyint	NO	status
m_10_ad	adstatuspencairan	varchar	varchar(3)	NO	status
m_10_ad_detail	statuskehadiran	varchar	varchar(35)	NO	status
m_10_al	alstatus	tinyint	tinyint	NO	status
m_10_at	atstatus	tinyint	tinyint	NO	status
m_10_cn	cnstatusperkawinan	tinyint	tinyint	NO	status
m_10_crn	crnstatus	tinyint	tinyint	NO	status
m_10_ea	eastatus	tinyint	tinyint	NO	status
m_10_ed	edstatus	tinyint	tinyint	NO	status
m_10_ed	edstatuspotong	varchar	varchar(3)	NO	status
m_10_em	emstatus	tinyint	tinyint	NO	status
m_10_em	emstatusptm	varchar	varchar(3)	NO	status
m_10_employee	kdepartment	varchar	varchar(30)	NO	organization
m_10_employee	kstatusperkawinan	tinyint	tinyint	YES	status
m_10_emr	emrstatus	tinyint	tinyint	NO	status
m_10_emr	emrstatusem	varchar	varchar(3)	NO	status
m_10_emr	emrstatusrem	varchar	varchar(3)	NO	status
m_10_ep	epstatus	tinyint	tinyint	NO	status
m_10_er	erstatus	tinyint	tinyint	NO	status
m_10_er	erstatuspr	varchar	varchar(3)	NO	status
m_10_erg	ergstatus	tinyint	tinyint	NO	status
m_10_erg	ergstatuspemberhentian	varchar	varchar(3)	NO	status
m_10_erl	erlstatus	tinyint	tinyint	NO	status
m_10_erl	erlstatuspencairan	varchar	varchar(3)	NO	status
m_10_err	errstatus	tinyint	tinyint	NO	status
m_10_err	errstatusrpl	varchar	varchar(2)	YES	status
m_10_es	esstatus	tinyint	tinyint	NO	status
m_10_es	esstatuspencairan	varchar	varchar(3)	NO	status
m_10_et	etstatus	tinyint	tinyint	NO	status
m_10_ets	etsstatus	tinyint	tinyint	NO	status
m_10_ets	etsstatuskelulusan	tinyint	tinyint	NO	status
m_10_ets	etsstatusperjanjian	varchar	varchar(3)	NO	status
m_10_ew	ewstatus	tinyint	tinyint	NO	status
m_10_jp	jpstatus	tinyint	tinyint	NO	status
m_10_lr	lrstatus	tinyint	tinyint	NO	status
m_10_ord	ordstatus	tinyint	tinyint	NO	status
m_10_ord	ordstatuspencairan	tinyint	tinyint	NO	status
m_10_pc	pcstatus	tinyint	tinyint	NO	status
m_10_pe	pestatus	tinyint	tinyint	NO	status
m_10_position	jdepartment	varchar	varchar(30)	NO	organization
m_10_pp	ppstatuspencairan	varchar	varchar(3)	NO	status
m_10_rem	remdepartmentasal	varchar	varchar(25)	NO	organization
m_10_rem	remdepartmenttujuan	varchar	varchar(25)	NO	organization
m_10_rem	remstatus	tinyint	tinyint	NO	status
m_10_sc	scstatus	tinyint	tinyint	NO	status
m_10_sc	scstatuskelulusan	tinyint	tinyint	NO	status
m_10_sc	scstatustes	varchar	varchar(2)	NO	status
m_10_ss	ssstatus	tinyint	tinyint	NO	status
m_10_tq	tqstatus	tinyint	tinyint	NO	status
m_10_tq	tqstatusapproval	varchar	varchar(3)	NO	status
m_10_wt	wtstatus	tinyint	tinyint	NO	status
m_10_wt	wtstatuspenilaian	varchar	varchar(2)	NO	status
m_11_ak	akcustomer	bigint	bigint	YES	actor
m_11_ak	akcustomerkontak	varchar	varchar(100)	YES	actor
m_11_ak	akstatusrealisasi	tinyint	tinyint	NO	status
m_11_ak	akstatus	tinyint	tinyint	NO	status
m_11_ak	akstatussebelumnya	tinyint	tinyint	NO	status
m_11_ak_detail	statusrealisasi	tinyint	tinyint	NO	status
m_11_ilo	ilostatusrealisasi	tinyint	tinyint	NO	status
m_11_ilo	ilostatus	tinyint	tinyint	NO	status
m_11_ilo	ilostatussebelumnya	tinyint	tinyint	NO	status
m_11_isk	iskstatusrealisasi	tinyint	tinyint	NO	status
m_11_isk	iskstatus	tinyint	tinyint	NO	status
m_11_isk	iskstatussebelumnya	tinyint	tinyint	NO	status
m_11_kj	kjstatusperkawinan	tinyint	tinyint	YES	status
m_11_kj	kjstatusrealisasi	tinyint	tinyint	NO	status
m_11_kj	kjstatus	tinyint	tinyint	NO	status
m_11_kj	kjstatussebelumnya	tinyint	tinyint	NO	status
m_11_kj	kjstatuskamar	bigint	bigint	NO	status
m_11_kj	kjstatuspasien	int	int	NO	status
m_11_kj_history	kjstatusperkawinan	tinyint	tinyint	YES	status
m_11_kj_history	kjstatusrealisasi	tinyint	tinyint	NO	status
m_11_kj_history	kjstatus	tinyint	tinyint	NO	status
m_11_kj_history	kjstatussebelumnya	tinyint	tinyint	NO	status
m_11_km	kmcustomer	bigint	bigint	NO	actor
m_11_km	kmcustomerkontak	varchar	varchar(100)	YES	actor
m_11_km	kmstatusrealisasi	tinyint	tinyint	NO	status
m_11_km	kmstatus	tinyint	tinyint	NO	status
m_11_km	kmstatussebelumnya	tinyint	tinyint	NO	status
m_11_km_history	kmcustomer	bigint	bigint	NO	actor
m_11_km_history	kmcustomerkontak	varchar	varchar(100)	YES	actor
m_11_km_history	kmstatusrealisasi	tinyint	tinyint	NO	status
m_11_km_history	kmstatus	tinyint	tinyint	NO	status
m_11_km_history	kmstatussebelumnya	tinyint	tinyint	NO	status
m_11_kw	kwcustomer	bigint	bigint	NO	actor
m_11_kw	kwcustomerkontak	varchar	varchar(100)	YES	actor
m_11_kw	kwstatuspb	tinyint	tinyint	NO	status
m_11_kw	kwstatus	tinyint	tinyint	NO	status
m_11_kw	kwstatussebelumnya	tinyint	tinyint	NO	status
m_11_kw_detail	statuspb	double	double	NO	status
m_11_lb	lbcustomer	bigint	bigint	YES	actor
m_11_lb	lbcustomerkontak	varchar	varchar(100)	YES	actor
m_11_lb	lbstatusrealisasi	tinyint	tinyint	NO	status
m_11_lb	lbstatus	tinyint	tinyint	NO	status
m_11_lb	lbstatussebelumnya	tinyint	tinyint	NO	status
m_11_lb_detail	statusrealisasi	tinyint	tinyint	NO	status
m_11_lu	lucustomer	bigint	bigint	YES	actor
m_11_lu	lucustomerkontak	varchar	varchar(100)	YES	actor
m_11_lu	lustatusrealisasi	tinyint	tinyint	NO	status
m_11_lu	lustatus	tinyint	tinyint	NO	status
m_11_lu	lustatussebelumnya	tinyint	tinyint	NO	status
m_11_lu_detail	statusrealisasi	tinyint	tinyint	NO	status
m_11_lu_detail_history	statusrealisasi	tinyint	tinyint	NO	status
m_11_lu_history	lucustomer	bigint	bigint	NO	actor
m_11_lu_history	lucustomerkontak	varchar	varchar(100)	YES	actor
m_11_lu_history	lustatusrealisasi	tinyint	tinyint	NO	status
m_11_lu_history	lustatus	tinyint	tinyint	NO	status
m_11_lu_history	lustatussebelumnya	tinyint	tinyint	NO	status
m_11_pb	pvcustomer	bigint	bigint	NO	actor
m_11_pb	pvcustomerkontak	varchar	varchar(100)	YES	actor
m_11_pb	pvstatus	tinyint	tinyint	NO	status
m_11_pb	pvstatussebelumnya	tinyint	tinyint	NO	status
m_11_pb_	pbstatusbayar	tinyint	tinyint	NO	status
m_11_pb_	pbstatus	tinyint	tinyint	NO	status
m_11_pb_	pbstatussebelumnya	tinyint	tinyint	NO	status
m_11_pt	ptstatusrealisasi	tinyint	tinyint	NO	status
m_11_pt	ptstatus	tinyint	tinyint	NO	status
m_11_pt	ptstatussebelumnya	tinyint	tinyint	NO	status
m_11_rk	rkstatusbayar	tinyint	tinyint	NO	status
m_11_rk	rkstatus	tinyint	tinyint	NO	status
m_11_rk	rkstatussebelumnya	tinyint	tinyint	NO	status
m_11_rm	rmstatus	tinyint	tinyint	NO	status
m_11_rm	rmstatussebelumnya	tinyint	tinyint	NO	status
m_11_rm	rmstatusimunisasi	int	int	YES	status
m_11_ro	rocustomer	bigint	bigint	NO	actor
m_11_ro	rocustomerkontak	varchar	varchar(100)	YES	actor
m_11_ro	rostatusrealisasi	tinyint	tinyint	NO	status
m_11_ro	rostatus	tinyint	tinyint	NO	status
m_11_ro	rostatussebelumnya	tinyint	tinyint	NO	status
m_11_ro_detail	statusrealisasi	tinyint	tinyint	NO	status
m_11_sk	skstatusrealisasi	tinyint	tinyint	NO	status
m_11_sk	skstatus	tinyint	tinyint	NO	status
m_11_sk	skstatussebelumnya	tinyint	tinyint	NO	status
m_11_ud	udstatusrealisasi	tinyint	tinyint	NO	status
m_11_ud	udstatus	tinyint	tinyint	NO	status
m_11_ud	udstatussebelumnya	tinyint	tinyint	NO	status
m_12_ai	aistatus	tinyint	tinyint	NO	status
m_12_ai	aistatussebelumnya	tinyint	tinyint	NO	status
m_12_bi	bistatus	tinyint	tinyint	NO	status
m_12_bi	bistatussebelumnya	tinyint	tinyint	NO	status
m_12_bi_history	bistatus	tinyint	tinyint	NO	status
m_12_bi_history	bistatussebelumnya	tinyint	tinyint	NO	status
m_12_cpa	cpastatus	tinyint	tinyint	NO	status
m_12_cpa	cpastatussebelumnya	tinyint	tinyint	NO	status
m_12_cpa_history	cpastatus	tinyint	tinyint	NO	status
m_12_cpa_history	cpastatussebelumnya	tinyint	tinyint	NO	status
m_12_di	distatus	tinyint	tinyint	NO	status
m_12_di	distatussebelumnya	tinyint	tinyint	NO	status
m_12_di_history	distatus	tinyint	tinyint	NO	status
m_12_di_history	distatussebelumnya	tinyint	tinyint	NO	status
m_12_lp	lpstatus	tinyint	tinyint	NO	status
m_12_lp	lpstatussebelumnya	tinyint	tinyint	NO	status
m_12_lp_detail	statusberlaku	int	int	NO	status
m_12_lp_detail_history	statusberlaku	int	int	NO	status
m_12_lp_history	pastatus	tinyint	tinyint	NO	status
m_12_lp_history	pastatussebelumnya	tinyint	tinyint	NO	status
m_12_pos_discount_category_customer	dcckategoricustomer	varchar	varchar(25)	NO	actor
m_12_ppa	ppastatus	tinyint	tinyint	NO	status
m_12_ppa	ppastatussebelumnya	tinyint	tinyint	NO	status
m_12_ppa_detail	statusberlaku	int	int	NO	status
m_12_ppa_detail_history	statusberlaku	int	int	NO	status
m_12_ppa_history	pastatus	tinyint	tinyint	NO	status
m_12_ppa_history	pastatussebelumnya	tinyint	tinyint	NO	status
m_12_ppv	ppvcustomer	bigint	bigint	NO	actor
m_12_ppv	ppvcustomerkontak	varchar	varchar(100)	YES	actor
m_12_ppv	ppvstatus	tinyint	tinyint	NO	status
m_12_ppv	ppvstatussebelumnya	tinyint	tinyint	NO	status
m_12_sbi	sbistatus	tinyint	tinyint	NO	status
m_12_sbi	sbistatussebelumnya	tinyint	tinyint	NO	status
m_12_st	ststatus	tinyint	tinyint	NO	status
m_12_st	ststatussebelumnya	tinyint	tinyint	NO	status
m_12_st_history	distatus	tinyint	tinyint	NO	status
m_12_st_history	distatussebelumnya	tinyint	tinyint	NO	status
meetingagendas	AgendaTypeId	int	int	NO	classification
meetingagendatypes	AgendaTypeId	int	int	NO	classification
meetingattendees	AttendeeType	int	int	NO	classification
meetingattendees	AttendanceStatus	int	int	NO	status
meetingdecisions	ResolutionStatus	int	int	NO	status
meetinglocations	LocationId	int	int	NO	location
meetings	MeetingTypeId	int	int	NO	classification
meetings	LocationId	int	int	YES	location
meetings	UnitId	int	int	YES	organization
meetingtypes	MeetingTypeId	int	int	NO	classification
rk_tmp	rkstatusbayar	tinyint	tinyint	NO	status
rk_tmp	rkstatus	tinyint	tinyint	NO	status
rk_tmp	rkstatussebelumnya	tinyint	tinyint	NO	status
ro_tmp	rocustomer	bigint	bigint	NO	actor
ro_tmp	rocustomerkontak	varchar	varchar(100)	YES	actor
ro_tmp	rostatusrealisasi	tinyint	tinyint	NO	status
ro_tmp	rostatus	tinyint	tinyint	NO	status
ro_tmp	rostatussebelumnya	tinyint	tinyint	NO	status
test	bstatusmoving	varchar	varchar(2)	YES	status
userpreferences	PreferenceType	varchar	varchar(100)	NO	classification
users	IsActive	smallint	smallint	NO	status
