m0_user	0	97	103	contacts, dataauditlog, m0_config, m0_msmq, m0_msmq_cogs, m0_msmq_importdata, m0_msmq_journal, m0_nomor_mobile, m0_notifikasi_email, m0_user_branch, m0_user_coa, m0_user_location, m0_user_role, m0_user_role_s, m0_user_warehouse, m0_userlog, m0_userlogerror, m2r_analisa_penyusutan, m2r_anggaran, m2r_ap_card, m2r_ap_card_detail, m2r_ap_voucher, m2r_ap_voucher_aging, m2r_ap_voucher_aging_detail, m2r_ap_voucher_detail, m2r_appostage_card, m2r_appostage_voucher, m2r_ar_card, m2r_ar_card_detail, m2r_ar_voucher, m2r_ar_voucher_aging, m2r_ar_voucher_aging_detail, m2r_ar_voucher_detail, m2r_arpostage_card, m2r_arpostage_voucher, m2r_aruskas, m2r_barang_dibawah_margin, m2r_barcode, m2r_batch_pertanggal, m2r_bp_card, m2r_bukubesar_akunlawan, m2r_customer_point, m2r_general_ledger, m2r_general_ledger_detail, m2r_giro_voucher, m2r_giro_voucher_aging, m2r_hpp_produksi, m2r_inventory_aging, m2r_ip_card, m2r_ip_list, m2r_ip_voucher, m2r_kartu_stok, m2r_kasbank_harian, m2r_komisi_abd, m2r_komisi_limo, m2r_laba_pertahun, m2r_laporan_harian, m2r_laporan_penjualan, m2r_mutasi_stok, m2r_mutasi_stok_batch, m2r_mutasi_stok_detail, m2r_mutasi_stok_sumber, m2r_neraca_mutasi, m2r_neraca_mutasi_detail, m2r_omzet_tagihan, m2r_penjualan, m2r_penjualan_per4bulan, m2r_penjualan_perhari_1, m2r_penjualan_perhari_2, m2r_perincian_biaya, m2r_persediaan, m2r_persediaan_detail, m2r_posisi_keuangan, m2r_posisi_keuangan_detail, m2r_posisi_keuangan_pertahun, m2r_posisi_keuangan_t, m2r_posisi_keuangan_t_detail, m2r_posisi_keuangan_tahun, m2r_produksi_vs_penjualan, m2r_rekap_barang_konsinyasi, m2r_saldoawal_hutang, m2r_salesman_point, m2r_stok_coverday, m2r_stok_covermonth, m2r_stok_coverweek, m2r_stok_opname, m2r_umpembelian_card, m2r_umpembelian_voucher, m2r_umpenjualan_card, m2r_umpenjualan_voucher, m8_content_role, m_12_pos_hardware, meetings, userpermissions, userpreferences, userroles, users
users	0	96	100	contacts, dataauditlog, m0_config, m0_msmq, m0_msmq_cogs, m0_msmq_importdata, m0_msmq_journal, m0_nomor_mobile, m0_notifikasi_email, m0_user_branch, m0_user_coa, m0_user_location, m0_user_role, m0_user_role_s, m0_user_warehouse, m0_userlog, m0_userlogerror, m2r_analisa_penyusutan, m2r_anggaran, m2r_ap_card, m2r_ap_card_detail, m2r_ap_voucher, m2r_ap_voucher_aging, m2r_ap_voucher_aging_detail, m2r_ap_voucher_detail, m2r_appostage_card, m2r_appostage_voucher, m2r_ar_card, m2r_ar_card_detail, m2r_ar_voucher, m2r_ar_voucher_aging, m2r_ar_voucher_aging_detail, m2r_ar_voucher_detail, m2r_arpostage_card, m2r_arpostage_voucher, m2r_aruskas, m2r_barang_dibawah_margin, m2r_barcode, m2r_batch_pertanggal, m2r_bp_card, m2r_bukubesar_akunlawan, m2r_customer_point, m2r_general_ledger, m2r_general_ledger_detail, m2r_giro_voucher, m2r_giro_voucher_aging, m2r_hpp_produksi, m2r_inventory_aging, m2r_ip_card, m2r_ip_list, m2r_ip_voucher, m2r_kartu_stok, m2r_kasbank_harian, m2r_komisi_abd, m2r_komisi_limo, m2r_laba_pertahun, m2r_laporan_harian, m2r_laporan_penjualan, m2r_mutasi_stok, m2r_mutasi_stok_batch, m2r_mutasi_stok_detail, m2r_mutasi_stok_sumber, m2r_neraca_mutasi, m2r_neraca_mutasi_detail, m2r_omzet_tagihan, m2r_penjualan, m2r_penjualan_per4bulan, m2r_penjualan_perhari_1, m2r_penjualan_perhari_2, m2r_perincian_biaya, m2r_persediaan, m2r_persediaan_detail, m2r_posisi_keuangan, m2r_posisi_keuangan_detail, m2r_posisi_keuangan_pertahun, m2r_posisi_keuangan_t, m2r_posisi_keuangan_t_detail, m2r_posisi_keuangan_tahun, m2r_produksi_vs_penjualan, m2r_rekap_barang_konsinyasi, m2r_saldoawal_hutang, m2r_salesman_point, m2r_stok_coverday, m2r_stok_covermonth, m2r_stok_coverweek, m2r_stok_opname, m2r_umpembelian_card, m2r_umpembelian_voucher, m2r_umpenjualan_card, m2r_umpenjualan_voucher, m8_content_role, m_12_pos_hardware, meetings, userpermissions, userpreferences, userroles
m0_module	0	18	18	m0_import_target, m0_menu, m0_menu_lang, m0_menu_s, m0_menu_s_copy1, m0_menu_s_lang, m0_nomor, m0_notifikasi_email, m0_report, m0_report_copy, m0_report_lang, m0_role_custom, m0_role_menu, m0_role_menu_s, m0_role_menu_s_copy1, m0_role_report, m0_role_report_s, m0_usergrupmenu
m0_menu	0	16	16	m0_import_target, m0_menu_lang, m0_menu_s, m0_menu_s_copy1, m0_menu_s_lang, m0_nomor, m0_notifikasi_email, m0_report, m0_report_copy, m0_report_lang, m0_role_menu, m0_role_menu_s, m0_role_menu_s_copy1, m0_role_report, m0_role_report_s, m0_usergrupmenu
m0_menu_lang	0	16	16	m0_import_target, m0_menu, m0_menu_s, m0_menu_s_copy1, m0_menu_s_lang, m0_nomor, m0_notifikasi_email, m0_report, m0_report_copy, m0_report_lang, m0_role_menu, m0_role_menu_s, m0_role_menu_s_copy1, m0_role_report, m0_role_report_s, m0_usergrupmenu
m0_menu_s	0	16	16	m0_import_target, m0_menu, m0_menu_lang, m0_menu_s_copy1, m0_menu_s_lang, m0_nomor, m0_notifikasi_email, m0_report, m0_report_copy, m0_report_lang, m0_role_menu, m0_role_menu_s, m0_role_menu_s_copy1, m0_role_report, m0_role_report_s, m0_usergrupmenu
0_ar	0	12	12	m2r_ar_card, m2r_ar_card_detail, m2r_ar_voucher, m2r_ar_voucher_aging, m2r_ar_voucher_aging_detail, m2r_ar_voucher_detail, m2r_arpostage_card, m2r_arpostage_voucher, m2r_ip_card, m2r_ip_voucher, m2r_umpenjualan_card, m2r_umpenjualan_voucher
m7_ar	0	12	12	m2r_ar_card, m2r_ar_card_detail, m2r_ar_voucher, m2r_ar_voucher_aging, m2r_ar_voucher_aging_detail, m2r_ar_voucher_detail, m2r_arpostage_card, m2r_arpostage_voucher, m2r_ip_card, m2r_ip_voucher, m2r_umpenjualan_card, m2r_umpenjualan_voucher
m7_ar_detail	0	12	12	m2r_ar_card, m2r_ar_card_detail, m2r_ar_voucher, m2r_ar_voucher_aging, m2r_ar_voucher_aging_detail, m2r_ar_voucher_detail, m2r_arpostage_card, m2r_arpostage_voucher, m2r_ip_card, m2r_ip_voucher, m2r_umpenjualan_card, m2r_umpenjualan_voucher
0_ap	0	10	10	m2r_ap_card, m2r_ap_card_detail, m2r_ap_voucher, m2r_ap_voucher_aging, m2r_ap_voucher_aging_detail, m2r_ap_voucher_detail, m2r_appostage_card, m2r_appostage_voucher, m2r_umpembelian_card, m2r_umpembelian_voucher
m4_ap	0	10	10	m2r_ap_card, m2r_ap_card_detail, m2r_ap_voucher, m2r_ap_voucher_aging, m2r_ap_voucher_aging_detail, m2r_ap_voucher_detail, m2r_appostage_card, m2r_appostage_voucher, m2r_umpembelian_card, m2r_umpembelian_voucher
m4_ap_history	0	10	10	m2r_ap_card, m2r_ap_card_detail, m2r_ap_voucher, m2r_ap_voucher_aging, m2r_ap_voucher_aging_detail, m2r_ap_voucher_detail, m2r_appostage_card, m2r_appostage_voucher, m2r_umpembelian_card, m2r_umpembelian_voucher
m1_contact	0	7	8	contacts, meetingagendarelevant, meetingagendas, meetingattendees, meetingdecisionrelevant, meetingdecisions, meetings
m1_contact_copy	0	7	8	contacts, meetingagendarelevant, meetingagendas, meetingattendees, meetingdecisionrelevant, meetingdecisions, meetings
contacts	0	6	7	meetingagendarelevant, meetingagendas, meetingattendees, meetingdecisionrelevant, meetingdecisions, meetings
m0_si	0	6	6	m2r_laporan_penjualan, m2r_penjualan_barang_pertgl, m2r_penjualan_perhari_1, m2r_penjualan_perhari_2, m5_si_failed, m_12_pos_substitution_item
m13_si	0	6	6	m2r_laporan_penjualan, m2r_penjualan_barang_pertgl, m2r_penjualan_perhari_1, m2r_penjualan_perhari_2, m5_si_failed, m_12_pos_substitution_item
m5_si	0	6	6	m2r_laporan_penjualan, m2r_penjualan_barang_pertgl, m2r_penjualan_perhari_1, m2r_penjualan_perhari_2, m5_si_failed, m_12_pos_substitution_item
m0_user_location	0	4	4	m0_userlog, m0_userlogerror, m0_userlogin, m0_userlogin_copy
m0_role	0	3	4	rolepermissions, roles, userroles
m0_role_s	0	3	4	rolepermissions, roles, userroles
m0_menu_s_copy1	0	3	3	m0_menu, m0_menu_lang, m0_menu_s
m_12_bi	0	3	3	m_12_pos_bonus_item, m_12_pos_bonus_trans, m_12_pos_special_price
m_12_bi_detail	0	3	3	m_12_pos_bonus_item, m_12_pos_bonus_trans, m_12_pos_special_price
m_12_bi_detail_history	0	3	3	m_12_pos_bonus_item, m_12_pos_bonus_trans, m_12_pos_special_price
meetings	0	3	3	meetingagendas, meetingattendees, meetingdecisions
m1_unit	0	2	3	businessunits, meetings
m1_unit_history	0	2	3	businessunits, meetings
roles	0	2	3	rolepermissions, userroles
m1_location	0	2	2	meetinglocations, meetings
m1_location_history	0	2	2	meetinglocations, meetings
m2r_batch_pertanggal	0	2	2	m2r_bp_card, m2r_general_ledger_detail
m3_pa	0	2	2	m_12_lp_history, m_12_ppa_history
m3_pa_detail	0	2	2	m_12_lp_history, m_12_ppa_history
m3_pa_detail_history	0	2	2	m_12_lp_history, m_12_ppa_history
m5_pv	0	2	2	m2r_ip_list, m_11_pb
m5_pv_detail	0	2	2	m2r_ip_list, m_11_pb
m5_pv_detail_history	0	2	2	m2r_ip_list, m_11_pb
m_12_st	0	2	2	m0_sentence_stranslate, m0_sentence_stranslate_copy1
m_12_st_detail	0	2	2	m0_sentence_stranslate, m0_sentence_stranslate_copy1
m_12_st_detail_history	0	2	2	m0_sentence_stranslate, m0_sentence_stranslate_copy1
meetingagendas	0	2	2	meetingagendarelevant, meetingdecisions
m0_language	0	1	1	languages
m0_language_detail	0	1	1	languages
m0_report	0	1	1	dataauditlog
m0_report_copy	0	1	1	dataauditlog
m0_report_lang	0	1	1	dataauditlog
m1_contact_history	0	1	1	contacts
m2r_mutasi_stok	0	1	1	m2r_mutasi_stok_sumber
m2r_mutasi_stok_detail	0	1	1	m2r_mutasi_stok_sumber
m5_ip	0	1	1	m2r_ip_list
m5_ip_history	0	1	1	m2r_ip_list
m_11_ak	0	1	1	ak_tmp
m_11_ak_detail	0	1	1	ak_tmp
m_11_lb	0	1	1	lb_tmp
m_11_lb_detail	0	1	1	lb_tmp
m_11_lu	0	1	1	lu_tmp
m_11_lu_detail	0	1	1	lu_tmp
m_11_lu_detail_history	0	1	1	lu_tmp
m_11_pb	0	1	1	m_11_pb_
m_11_pb_detail	0	1	1	m_11_pb_
m_11_rk	0	1	1	rk_tmp
m_11_ro	0	1	1	ro_tmp
m_11_ro_detail	0	1	1	ro_tmp
m_11_sk	0	1	1	m_10_attendance_status
m_12_ai	0	1	1	m_12_pos_additional_item
m_12_ai_detail	0	1	1	m_12_pos_additional_item
m_12_di	0	1	1	m_12_st_history
m_12_di_detail	0	1	1	m_12_st_history
m_12_di_detail_history	0	1	1	m_12_st_history
meetingagendatypes	0	1	1	meetingagendas
meetingdecisions	0	1	1	meetingdecisionrelevant
meetinglocations	0	1	1	meetings
meetingtypes	0	1	1	meetings
