0_so_1	0	415	0	7	3
0_so	0	93	0	7	3
0_po_1	0	87	0	7	1
0_po	0	41	0	7	1
0_hppglobal	0	2698	0	4	0
0_so_update	0	415	0	4	2
0_ar	0	328	0	3	2
0_ap	0	217	0	3	0
0_stokapril2018	0	52	0	3	0
0_updatehpp	0	4030	0	2	0
0_stokfebruari2018	0	2153	0	2	0
0_stokjanuari2018	0	2047	0	2	0
0_stokmaret2018	0	1949	0	2	0
0_saldoawal	0	1284	0	2	0
0_customer	0	537	0	1	0
0_barangbaru	0	4232	0	0	0
0_coabarang	0	3393	0	0	0
0_updatebarangjuni	0	415	0	0	0
0_updatesupplier	0	387	0	0	0
0_coasupplier_copy	0	106	0	0	0
0_coasupplier	0	70	0	0	0
0_coacustomer	0	51	0	0	2
ak_tmp	ak	0	0	55	5
businessunits	businessunits	0	0	2	0
contacts	contacts	0	0	2	0
dataauditlog	dataauditlog	0	0	2	1
dateasset	dateasset	436	0	1	0
exceptions	exceptions	0	0	4	2
languages	languages	11	0	1	0
lb_tmp	lb	0	0	51	5
lu_tmp	lu	0	0	51	5
m_11_ak	m	0	0	55	5
m_11_km_history	m	0	0	52	5
m_11_km	m	0	0	51	5
m_11_lb	m	0	0	51	5
m_11_lu	m	0	0	51	5
m_11_kj	m	0	0	50	6
m_11_lu_history	m	0	0	50	5
m_11_ro	m	0	0	50	5
m_11_kj_history	m	0	0	47	4
m_11_ak_detail	m	0	0	37	1
m_11_lu_detail_history	m	0	0	37	1
m_11_ro_detail	m	0	0	37	1
m_11_lb_detail	m	0	0	35	1
m_11_lu_detail	m	0	0	34	1
m_12_lp_detail	m	0	0	34	1
m_12_ppa_detail	m	0	0	33	1
m_11_kw	m	0	0	27	5
m_11_pb	m	0	0	26	4
m_12_ppv	m	0	0	26	4
m_11_rm	m	0	0	24	3
m_12_lp_detail_history	m	0	0	22	1
m_12_ppa_detail_history	m	0	0	22	1
m_11_pb_	m	0	0	21	3
m_11_rk	m	0	0	21	3
m_11_kw_detail	m	0	0	19	1
m_12_pos_item	m	1094	0	18	0
m_11_pb_detail	m	0	0	17	0
m_12_pos_hardware	m	0	0	17	0
m_12_ppv_detail	m	0	0	16	0
m_12_di_detail_history	m	0	0	15	0
m_12_st_detail_history	m	0	0	15	0
m_12_bi_bonus_history	m	0	0	14	0
m_12_bi_detail_history	m	0	0	14	0
m_12_bi_history	m	0	0	14	2
m_12_cpa_detail_history	m	0	0	14	0
m_12_cpa_history	m	0	0	14	2
m_12_di_history	m	0	0	14	2
m_12_lp	m	0	0	14	2
m_12_lp_history	m	0	0	14	2
m_12_ppa_history	m	0	0	14	2
m_12_st_history	m	0	0	14	2
m_10_pp	m	0	0	13	1
m_12_ai	m	0	0	13	2
m_12_bi	m	0	0	13	2
m_12_cpa	m	0	0	13	2
m_12_di	m	0	0	13	2
m_12_di_detail	m	0	0	13	0
m_12_ppa	m	0	0	13	2
m_12_sbi	m	0	0	13	2
m_12_st	m	0	0	13	2
m_12_ai_additional	m	0	0	12	0
m_12_ai_detail	m	0	0	12	0
m_12_bi_bonus	m	0	0	12	0
m_12_bi_detail	m	0	0	12	0
m_12_cpa_detail	m	0	0	12	0
m_12_sbi_detail	m	0	0	12	0
m_12_sbi_substitution	m	0	0	12	0
m_12_st_detail	m	0	0	12	0
m_11_pt	m	0	0	10	3
m_11_ud	m	0	0	10	3
m_12_pos_additional_item	m	0	0	10	0
m_12_pos_additional_item_detail	m	0	0	10	0
m_12_pos_bonus_item	m	0	0	10	0
m_12_pos_bonus_item_detail	m	0	0	10	0
m_12_pos_bonus_trans	m	0	0	10	0
m_12_pos_bonus_trans_detail	m	0	0	10	0
m_12_pos_discount_item	m	0	0	10	0
m_12_pos_point_item	m	0	0	10	0
m_12_pos_special_price	m	0	0	10	0
m_12_pos_special_price_detail	m	0	0	10	0
m_12_pos_substitution_item	m	0	0	10	0
m_12_pos_substitution_item_detail	m	0	0	10	0
m_10_ed	m	0	0	9	2
m_10_ed_detail	m	0	0	9	0
m_10_es	m	0	0	9	2
m_10_jp	m	0	0	9	1
m_11_isk	m	0	0	9	3
m_12_area_category_history	m	0	0	9	0
m_12_area_history	m	0	0	9	0
m_12_pos_bonus_trans_special_item	m	0	0	9	0
m_12_pos_category_history	m	0	0	9	0
m_12_pos_discount_category_customer	m	0	0	9	1
m_12_pos_discount_category_item	m	0	0	9	0
m_12_pos_point_category_item	m	0	0	9	0
m_12_pos_point_transaction	m	0	0	9	0
m_12_pos_special_price_special_item	m	0	0	9	0
m_12_pos_type_history	m	0	0	9	0
m_12_pos_category	m	2	0	8	0
m_12_pos_type	m	2	0	8	0
m_10_employee	m	0	0	8	1
m_11_ilo	m	0	0	8	3
m_12_area	m	0	0	8	0
m_12_area_category	m	0	0	8	0
m_12_pos_voucher_in	m	0	0	8	0
m_10_err	m	0	0	7	2
m_10_ad	m	0	0	6	2
m_10_erl	m	0	0	6	2
m_10_ord	m	0	0	6	2
m_10_pc	m	0	0	6	1
m_10_pp_detail	m	0	1	6	0
m_11_kw_pay	m	0	0	6	0
m_11_lb_hasil	m	0	0	6	0
m_11_pb_pay	m	0	0	6	0
m_11_rk_pay	m	0	0	6	0
m_11_sk	m	0	0	6	3
m_12_ppv_pay	m	0	0	6	0
m_10_al_detail	m	0	0	5	0
m_10_ea	m	0	0	5	1
m_10_er	m	0	0	5	2
m_10_ew	m	0	0	5	1
m_10_lr	m	0	0	5	1
m_10_tq	m	0	0	5	2
m_12_pos_voucher_out	m	0	0	5	0
m_10_ab	m	0	0	4	1
m_10_ad_detail	m	0	0	4	1
m_10_al	m	0	0	4	1
m_10_at	m	0	0	4	1
m_10_at_detail	m	0	0	4	0
m_10_crn	m	0	0	4	1
m_10_crn_detail	m	0	0	4	0
m_10_em_detail	m	0	0	4	0
m_10_emr_detail	m	0	0	4	0
m_10_ep	m	0	0	4	1
m_10_erg	m	0	0	4	2
m_10_et	m	0	0	4	1
m_10_ets_detail	m	0	0	4	0
m_10_pc_detail	m	0	0	4	0
m_10_pe	m	0	0	4	1
m_10_pe_detail	m	0	0	4	0
m_10_rem_detail	m	0	0	4	0
m_10_wt	m	0	0	4	2
m_10_attendance_status	m	0	0	3	0
m_10_cn	m	0	0	3	1
m_10_em	m	0	0	3	2
m_10_emr	m	0	0	3	3
m_10_ets	m	0	0	3	3
m_10_non_taxable_income	m	0	0	3	0
m_10_rem	m	0	0	3	1
m_10_sc	m	0	0	3	3
m_10_sc_detail	m	0	0	3	0
m_10_service_provider	m	0	0	3	0
m_10_ss	m	0	0	3	1
m_10_ss_detail	m	0	0	3	0
m_10_wtdetail	m	0	0	3	0
m_12_pos_setting	m	26	0	2	0
m_10_benefit _and_deduction	m	0	0	2	0
m_10_department	m	0	0	2	0
m_10_education	m	0	0	2	0
m_10_employee_category	m	0	0	2	0
m_10_employee_type	m	0	0	2	0
m_10_grade_and_payroll_level	m	0	0	2	0
m_10_job_test_type	m	0	0	2	0
m_10_leave_type	m	0	0	2	0
m_10_position	m	0	0	2	0
m_10_shift	m	0	0	2	0
m_10_termination_type	m	0	0	2	0
m_12_pos_category_setting	m	26	0	1	0
m_10_leave_setting	m	0	0	1	0
m_12_pos_promo	m	0	0	1	0
m_12_pos_type_class_product_history	m	0	0	1	0
m_coba	m	0	0	1	0
m_10_benefits_setting	m	0	0	0	0
m_12_pos_type_class_product	m	0	0	0	0
m0_si	m0	0	0	53	9
m0_config	m0	0	0	29	0
m0_si_detail	m0	0	0	29	3
m0_hppaverage	m0	747	0	27	0
m0_hppsaldo	m0	0	0	27	0
m0_msmq	m0	1009	0	10	0
m0_report_filter	m0	3270	0	7	0
m0_report_filter_copy1	m0	3076	0	7	0
m0_report	m0	1192	0	7	0
m0_report_copy	m0	1069	0	7	0
m0_menu	m0	843	0	6	1
m0_export	m0	0	0	6	0
m0_si_pay	m0	0	0	6	0
m0_hitungulang_log	m0	7655	0	5	1
m0_userlog	m0	2972	0	5	0
m0_labarugi	m0	42	0	5	0
m0_report_lang	m0	1295	0	4	0
m0_menu_s_copy1	m0	400	0	4	1
m0_menu_s	m0	338	0	4	1
m0_dashboardmail	m0	140	0	4	0
m0_notifikasi_email	m0	0	0	4	2
m0_role_report_s	m0	1860	0	3	0
m0_role_menu_s_copy1	m0	1758	0	3	0
m0_role_menu_s	m0	1618	0	3	0
m0_role_report	m0	1163	0	3	0
m0_msmq_journal	m0	371	0	3	0
m0_msmq_cogs	m0	253	0	3	0
m0_usergrupmenu	m0	209	0	3	0
m0_user	m0	26	0	3	0
m0_global_allowance	m0	3	0	3	0
m0_msmq_importdata	m0	0	0	3	0
m0_nomor_next_failed	m0	0	0	3	1
m0_userlogerror	m0	0	0	3	0
m0_validitas_data	m0	0	0	3	1
m0_sentence_stranslate	m0	3034	0	2	0
m0_role_menu	m0	2172	0	2	0
m0_sentence_stranslate_copy1	m0	1948	0	2	0
m0_sentence_translate	m0	1359	0	2	0
m0_setting	m0	1023	0	2	0
m0_setting_s	m0	1017	0	2	0
m0_menu_s_lang	m0	546	0	2	0
m0_menu_lang	m0	423	0	2	0
m0_nomor_next	m0	234	0	2	0
m0_nomor	m0	137	0	2	0
m0_statistic	m0	77	0	2	1
m0_import_target	m0	44	0	2	0
m0_permissions_custom	m0	32	0	2	0
m0_role_custom	m0	24	0	2	0
m0_setting_grup	m0	22	0	2	0
m0_userlogin	m0	20	0	2	0
m0_module	m0	15	0	2	0
m0_group_rq	m0	14	0	2	0
m0_userlogin_copy	m0	12	0	2	0
m0_struk	m0	10	0	2	0
m0_backup	m0	0	0	2	1
m0_group_aq	m0	0	0	2	0
m0_nomor_mobile	m0	0	0	2	0
m0_setting_location	m0	0	0	2	0
m0_table_relation_status	m0	0	0	2	1
m0_sentence_s	m0	3320	0	1	0
m0_sentence_s_copy1	m0	3265	0	1	0
m0_sentence	m0	3060	0	1	0
m0_translate	m0	1370	0	1	0
m0_setting_lang	m0	269	0	1	0
m0_language_detail	m0	165	0	1	0
m0_hapusdata	m0	49	0	1	0
m0_user_role	m0	30	0	1	0
m0_user_role_s	m0	30	0	1	0
m0_userlog_category	m0	19	0	1	0
m0_barcode_next	m0	17	0	1	0
m0_status	m0	15	0	1	0
m0_payment_method	m0	10	0	1	0
m0_realization_category	m0	7	0	1	0
m0_selling_rate	m0	5	0	1	0
m0_status_rq	m0	5	0	1	0
m0_status_giro	m0	4	0	1	0
m0_app	m0	3	0	1	0
m0_status_progress	m0	3	0	1	0
m0_jenismutasi	m0	2	0	1	0
m0_user_branch	m0	0	0	1	0
m0_user_coa	m0	0	0	1	0
m0_user_location	m0	0	0	1	0
m0_user_warehouse	m0	0	0	1	0
m0_usergrup	m0	0	0	1	0
m0_table_relation	m0	93	0	0	0
m0_report_temp	m0	78	0	0	0
m0_search_packet	m0	68	0	0	0
m0_validitas_data_category	m0	19	0	0	0
m0_role	m0	13	0	0	0
m0_role_s	m0	12	0	0	0
m0_language	m0	2	0	0	0
m0_dummy	m0	0	0	0	0
m0_nomor_tmp	m0	0	0	0	0
m0_role_item_category	m0	0	0	0	0
m0_versi_db	m0	0	0	0	0
m1_item_history	m1	150	0	45	2
m1_item	m1	2279	0	44	2
m1_item2	m1	0	0	44	2
m1_item_c	m1	0	0	44	2
m1_item_copy1	m1	0	0	43	2
m1_item_copy2	m1	0	0	43	2
m1_item_flex	m1	0	0	43	2
m1_item_hauling_history	m1	0	0	43	2
m1_item_hauling	m1	0	0	42	2
m1_item_transaction_history	m1	207	0	39	0
m1_item_transaction	m1	730	0	38	0
m1_salesman_commission	m1	25	0	31	0
m1_coa_history	m1	14	0	30	0
m1_coa	m1	409	0	29	0
m1_coa_copy1	m1	246	0	29	0
m1_contact_history	m1	41	0	22	2
m1_price_category_detail	m1	0	0	22	0
m1_contact	m1	23	0	21	2
m1_contact_copy	m1	0	0	21	2
m1_contact_price_history	m1	5	0	19	0
m1_room	m1	0	0	19	0
m1_room_history	m1	0	0	19	0
m1_production_activity_detail_history	m1	0	0	18	0
m1_contact_price	m1	0	0	17	0
m1_contact_price_copy	m1	0	0	17	0
m1_item_price_history	m1	0	0	17	0
m1_production_activity_detail	m1	0	0	16	0
m1_item_price	m1	0	0	15	0
m1_commission_detail_history	m1	0	0	14	0
m1_commission_detail	m1	0	0	12	0
m1_item_supplier_history	m1	5	0	11	0
m1_no_serial_transaction_history	m1	458	0	10	0
m1_no_batch_transaction_history	m1	113	0	10	0
m1_other_cost_history	m1	3	0	10	0
m1_index_price_history	m1	0	0	10	0
m1_machine_history	m1	0	0	10	0
m1_production_activity_history	m1	0	0	10	0
m1_no_serial_in	m1	613	0	9	0
m1_no_batch_in	m1	153	0	9	0
m1_terms_history	m1	14	0	9	0
m1_bank_history	m1	9	0	9	0
m1_item_category_history	m1	3	0	9	0
m1_item_supplier	m1	3	0	9	0
m1_production_category_history	m1	2	0	9	0
m1_size_history	m1	2	0	9	0
m1_class_history	m1	0	0	9	0
m1_class_product_history	m1	0	0	9	0
m1_color_history	m1	0	0	9	0
m1_commission_history	m1	0	0	9	0
m1_department_history	m1	0	0	9	0
m1_designer_history	m1	0	0	9	0
m1_division_history	m1	0	0	9	0
m1_index_price	m1	0	0	9	0
m1_item_permission_history	m1	0	0	9	0
m1_machine	m1	0	0	9	0
m1_material_history	m1	0	0	9	0
m1_merk_history	m1	0	0	9	0
m1_model_history	m1	0	0	9	0
m1_no_batch_in_old	m1	0	0	9	0
m1_no_serial_in_copy	m1	0	0	9	0
m1_no_serial_in_old	m1	0	0	9	0
m1_oem_history	m1	0	0	9	0
m1_other_cost	m1	0	0	9	0
m1_price_category_history	m1	0	0	9	0
m1_production_activity	m1	0	0	9	0
m1_production_route	m1	0	0	9	0
m1_section_history	m1	0	0	9	0
m1_subclass_history	m1	0	0	9	0
m1_subdepartment_history	m1	0	0	9	0
m1_subdivision_history	m1	0	0	9	0
m1_vendor_history	m1	0	0	9	0
m1_working_estimate_history	m1	0	0	9	0
m1_no_serial_transaction	m1	825	0	8	0
m1_no_batch_transaction	m1	713	0	8	0
m1_division	m1	24	0	8	0
m1_item_category	m1	12	0	8	0
m1_contact_point	m1	8	0	8	0
m1_project_history	m1	8	0	8	1
m1_oem	m1	7	0	8	0
m1_bank	m1	5	0	8	0
m1_terms	m1	5	0	8	0
m1_working_estimate	m1	5	0	8	0
m1_item_permission	m1	2	0	8	0
m1_price_category	m1	2	0	8	0
m1_production_category	m1	2	0	8	0
m1_subdivision	m1	2	0	8	0
m1_vendor	m1	2	0	8	0
m1_class	m1	0	0	8	0
m1_class_product	m1	0	0	8	0
m1_color	m1	0	0	8	0
m1_commission	m1	0	0	8	0
m1_department	m1	0	0	8	0
m1_designer	m1	0	0	8	0
m1_item_assembly_history	m1	0	0	8	0
m1_material	m1	0	0	8	0
m1_merk	m1	0	0	8	0
m1_model	m1	0	0	8	0
m1_section	m1	0	0	8	0
m1_size	m1	0	0	8	0
m1_subclass	m1	0	0	8	0
m1_subdepartment	m1	0	0	8	0
m1_cogs_fifo_in	m1	2622	0	7	0
m1_project	m1	8	0	7	1
m1_cogs_special_in	m1	0	0	7	0
m1_production_route_detail	m1	0	0	7	0
m1_cogs_fifo_out	m1	208	0	6	0
m1_item_location_warehouse_history	m1	26	0	6	0
m1_contact_attention_history	m1	8	0	6	0
m1_item_assembly	m1	0	0	6	0
m1_patient	m1	0	0	6	1
m1_selling_point_history	m1	0	0	6	0
m1_no_batch_out	m1	120	0	5	0
m1_no_serial_out	m1	101	0	5	0
m1_checking_category_history	m1	0	0	5	0
m1_cogs_special_out	m1	0	0	5	0
m1_contact_comment_history	m1	0	1	5	0
m1_item_stock_warehouse_log	m1	0	0	5	0
m1_no_serial_out_copy	m1	0	0	5	0
m1_selling_point	m1	0	0	5	0
m1_currency_history	m1	32	0	4	0
m1_contact_attention	m1	11	0	4	0
m1_item_location_warehouse	m1	11	0	4	0
m1_location_history	m1	7	0	4	0
m1_tax_history	m1	4	0	4	0
m1_checking_category	m1	0	0	4	0
m1_contact_comment	m1	0	1	4	0
m1_contact_files	m1	0	0	4	0
m1_icd_history	m1	0	0	4	0
m1_item_description	m1	0	0	4	0
m1_item_location_history	m1	0	0	4	0
m1_labour_cost	m1	0	0	4	0
m1_unit_history	m1	0	0	4	0
m1_unit	m1	21	0	3	0
m1_area_history	m1	11	0	3	0
m1_branch_history	m1	11	0	3	0
m1_item_location	m1	11	0	3	0
m1_tax	m1	9	0	3	0
m1_currency	m1	7	0	3	0
m1_location	m1	4	0	3	0
m1_expedition_history	m1	2	0	3	0
m1_province_history	m1	2	0	3	0
m1_accident_history	m1	0	0	3	0
m1_bed_history	m1	0	0	3	0
m1_city_history	m1	0	0	3	0
m1_colleague	m1	0	0	3	0
m1_contact_category_history	m1	0	0	3	0
m1_contact_commission	m1	0	0	3	0
m1_cost_center_history	m1	0	0	3	0
m1_country_history	m1	0	0	3	0
m1_customer_category_history	m1	0	0	3	0
m1_icd	m1	0	0	3	0
m1_insurer	m1	0	0	3	0
m1_item_type_history	m1	0	0	3	0
m1_lab_result	m1	0	0	3	0
m1_notes	m1	0	0	3	0
m1_other_history	m1	0	0	3	0
m1_reference	m1	0	0	3	0
m1_region_history	m1	0	0	3	0
m1_salesman_category_history	m1	0	0	3	0
m1_supplier_category_history	m1	0	0	3	0
m1_transaction_note_detail_history	m1	0	0	3	0
m1_transaction_note_history	m1	0	0	3	0
m1_type_sa_history	m1	0	0	3	0
m1_warehouse_history	m1	0	0	3	0
m1_item_stock_warehouse	m1	194	0	2	0
m1_item_booking_po	m1	86	0	2	0
m1_item_booking	m1	48	0	2	0
m1_warehouse	m1	10	0	2	0
m1_item_type	m1	8	0	2	0
m1_city	m1	5	0	2	0
m1_contact_category	m1	5	0	2	0
m1_cost_center	m1	5	0	2	0
m1_expedition	m1	5	0	2	0
m1_area	m1	4	0	2	0
m1_customer_category	m1	4	0	2	0
m1_branch	m1	3	0	2	0
m1_country	m1	3	0	2	0
m1_province	m1	2	0	2	0
m1_transaction_note	m1	2	0	2	0
m1_accident	m1	0	0	2	0
m1_bed	m1	0	0	2	0
m1_diagnosis	m1	0	0	2	0
m1_item_branch_costcenter	m1	0	0	2	1
m1_item_picking_list	m1	0	0	2	0
m1_layanan	m1	0	0	2	0
m1_other	m1	0	0	2	0
m1_patient_category	m1	0	0	2	0
m1_region	m1	0	0	2	0
m1_salesman_category	m1	0	0	2	0
m1_subdistrict	m1	0	0	2	0
m1_supplier_category	m1	0	0	2	0
m1_transaction_note_detail	m1	0	0	2	0
m1_trm	m1	0	0	2	0
m1_type_sa	m1	0	0	2	0
m1_upline	m1	0	0	2	0
m1_village	m1	0	0	2	0
m1_files	m1	5	0	1	0
m1_contact_expedition	m1	0	0	1	0
m1_contact_terms	m1	0	0	1	0
m1_contact_tmp	m1	0	0	1	0
m1_files_copy	m1	0	0	1	0
m13_bl_history	m13	0	0	57	3
m13_si_history	m13	0	0	57	0
m13_bl	m13	0	0	56	3
m13_py	m13	0	0	56	3
m13_si	m13	0	0	56	0
m13_student_category_billing_history	m13	0	0	56	0
m13_student_category_billing	m13	0	0	55	0
m13_student_category_history	m13	0	0	54	0
m13_billing_category_history	m13	0	0	53	0
m13_class_history	m13	0	0	53	0
m13_faculty_history	m13	0	0	53	0
m13_school_year_history	m13	0	0	53	0
m13_student_category	m13	0	0	53	0
m13_student_status_history	m13	0	0	53	0
m13_study_program_history	m13	0	0	53	0
m13_billing_category	m13	0	0	52	0
m13_class	m13	0	0	52	0
m13_faculty	m13	0	0	52	0
m13_school_year	m13	0	0	52	0
m13_student_status	m13	0	0	52	0
m13_study_program	m13	0	0	52	0
m13_py_detail	m13	0	0	29	1
m13_bl_detail_history	m13	0	0	27	1
m13_bl_detail	m13	0	0	25	1
m13_bl_detail_billing	m13	0	0	4	0
m13_py_detail_bayar	m13	0	0	2	0
m14_loan_history	m14	0	0	59	0
m14_loan	m14	0	0	58	0
m14_ang	m14	0	0	56	3
m14_pjm	m14	0	0	56	3
m14_deposit_history	m14	0	0	55	0
m14_smp	m14	0	0	55	3
m14_collateral_history	m14	0	0	54	0
m14_deposit	m14	0	0	54	0
m14_account_history	m14	0	0	53	0
m14_collateral	m14	0	0	53	0
m14_account	m14	0	0	52	0
m14_pjm_detail	m14	0	0	34	1
m14_ang_detail	m14	0	0	30	1
m14_smp_detail	m14	0	0	26	1
m14_pjm_angsuran	m14	0	0	6	0
m14_ang_detail_bayar	m14	0	0	2	0
m14_pjm_agunan	m14	0	0	2	0
m14_pjm_detail_bayar	m14	0	0	2	0
m14_smp_detail_bayar	m14	0	0	2	0
m2_cb_history	m2	16	0	21	3
m2_gj_history	m2	11	0	21	3
m2_aj_history	m2	0	0	21	3
m2_gj	m2	19	0	20	3
m2_cb	m2	7	0	20	3
m2_aj	m2	0	0	20	3
m2_jm_history	m2	0	0	20	3
m2_cr_history	m2	36	0	19	3
m2_cd_history	m2	19	0	19	3
m2_sm_history	m2	12	0	19	3
m2_rm_history	m2	7	0	19	3
m2_jm	m2	0	0	19	3
m2_rgc_history	m2	29	0	18	2
m2_cr	m2	24	0	18	3
m2_sm	m2	19	0	18	3
m2_rm	m2	15	0	18	3
m2_cd	m2	13	0	18	3
m2_sgc_history	m2	3	0	18	2
m2_transaction_journal_history	m2	0	0	18	3
m2_rgc	m2	5	0	17	2
m2_rg_history	m2	3	0	17	3
m2_sg_history	m2	2	0	17	3
m2_sgc	m2	2	0	17	2
m2_sg	m2	5	0	16	3
m2_rg	m2	4	0	16	3
m2_bd_history	m2	0	0	16	2
m2_transaction_journal	m2	1214	0	15	3
m2_bd	m2	0	0	15	2
m2_jm_detail_history	m2	0	0	15	0
m2_rgc_detail_history	m2	32	0	14	1
m2_gj_detail_history	m2	28	0	14	0
m2_cb_detail_history	m2	16	0	14	0
m2_sgc_detail_history	m2	3	0	14	1
m2_aj_detail_history	m2	0	0	14	0
m2_rg_detail_history	m2	6	0	13	2
m2_sg_detail_history	m2	2	0	13	2
m2_jm_detail	m2	0	0	13	0
m2_pengajuan_dana	m2	0	0	13	2
m2_template	m2	0	0	13	2
m2_gj_detail	m2	52	0	12	0
m2_cr_detail_history	m2	36	0	12	0
m2_cd_detail_history	m2	19	0	12	0
m2_sm_detail_history	m2	12	0	12	0
m2_cb_detail	m2	10	0	12	0
m2_rm_detail_history	m2	7	0	12	0
m2_rgc_detail	m2	6	0	12	1
m2_sgc_detail	m2	2	0	12	1
m2_aj_detail	m2	0	0	12	0
m2_bd_detail_history	m2	0	0	12	0
m2_sg_detail	m2	8	0	11	2
m2_rg_detail	m2	5	0	11	2
m2_cr_detail	m2	27	0	10	0
m2_sm_detail	m2	19	0	10	0
m2_cd_detail	m2	15	0	10	0
m2_rm_detail	m2	15	0	10	0
m2_bd_detail	m2	0	0	10	0
m2_cb_pay_history	m2	13	0	8	0
m2_rm_pay_history	m2	4	0	8	0
m2_sm_pay_history	m2	3	0	8	0
m2_giro_list	m2	25	0	6	2
m2_rm_pay	m2	6	0	6	0
m2_sm_pay	m2	5	0	6	0
m2_cb_pay	m2	2	0	6	0
m2_realization	m2	1094	0	5	0
m2_realization_project	m2	75	0	5	0
m2_realization_branch	m2	39	0	5	0
m2_realization_location	m2	39	0	5	0
m2_realization_cost_center	m2	0	0	5	0
m2_realization_division	m2	0	0	5	0
m2_realization_subdivision	m2	0	0	5	0
m2_notes	m2	0	0	4	0
m2_print	m2	0	0	4	0
m2_files	m2	4	0	2	0
m2_accounting_period	m2	27	0	1	0
m2_rm_historyjson	m2	0	0	1	0
m2r_laba_pertahun	m2r	0	0	62	0
m2r_posisi_keuangan_tahun	m2r	0	0	56	0
m2r_posisi_keuangan_t	m2r	0	0	51	0
m2r_posisi_keuangan_t_detail	m2r	0	0	51	0
m2r_omzet_tagihan	m2r	0	0	41	0
m2r_komisi_limo	m2r	0	0	38	3
m2r_posisi_keuangan_pertahun	m2r	0	0	38	0
m2r_mutasi_stok_sumber	m2r	0	0	37	2
m2r_giro_voucher_aging	m2r	0	0	33	2
m2r_inventory_aging	m2r	0	0	32	0
m2r_ap_voucher_aging	m2r	0	0	30	1
m2r_ap_voucher_aging_detail	m2r	0	0	30	1
m2r_ar_voucher_aging	m2r	0	0	30	1
m2r_ar_voucher_aging_detail	m2r	0	0	30	1
m2r_perincian_biaya	m2r	0	0	29	0
m2r_kartu_stok	m2r	0	0	27	0
m2r_rekap_barang_konsinyasi	m2r	0	0	27	0
m2r_posisi_keuangan	m2r	0	0	26	0
m2r_posisi_keuangan_detail	m2r	0	0	26	0
m2r_produksi_vs_penjualan	m2r	0	0	26	0
m2r_stok_coverday	m2r	0	0	25	0
m2r_bukubesar_akunlawan	m2r	0	0	24	0
m2r_ip_list	m2r	0	0	24	4
m2r_kasbank_harian	m2r	0	0	24	0
m2r_stok_coverweek	m2r	0	0	23	0
m2r_analisa_penyusutan	m2r	0	0	22	0
m2r_aruskas	m2r	0	0	21	0
m2r_giro_voucher	m2r	0	0	21	2
m2r_laporan_penjualan	m2r	0	0	21	1
m2r_anggaran	m2r	0	0	20	0
m2r_penjualan_barang_pertgl	m2r	0	0	20	0
m2r_penjualan_per4bulan	m2r	0	0	20	0
m2r_persediaan_detail	m2r	0	0	20	0
m2r_salesman_point	m2r	0	0	20	5
m2r_ap_card	m2r	0	0	19	1
m2r_ap_card_detail	m2r	0	0	19	1
m2r_appostage_card	m2r	0	0	19	1
m2r_ar_card	m2r	0	0	19	1
m2r_ar_card_detail	m2r	0	0	19	1
m2r_arpostage_card	m2r	0	0	19	1
m2r_bp_card	m2r	0	0	19	1
m2r_customer_point	m2r	0	0	19	0
m2r_general_ledger_detail	m2r	0	0	19	1
m2r_hpp_produksi	m2r	0	0	19	0
m2r_ip_card	m2r	0	0	19	1
m2r_laporan_harian	m2r	0	0	19	0
m2r_umpembelian_card	m2r	0	0	19	1
m2r_umpenjualan_card	m2r	0	0	19	1
m2r_ap_voucher	m2r	0	0	18	1
m2r_ap_voucher_detail	m2r	0	0	18	1
m2r_appostage_voucher	m2r	0	0	18	1
m2r_ar_voucher	m2r	0	0	18	1
m2r_ar_voucher_detail	m2r	0	0	18	1
m2r_arpostage_voucher	m2r	0	0	18	1
m2r_general_ledger	m2r	0	0	18	0
m2r_ip_voucher	m2r	0	0	18	1
m2r_mutasi_stok	m2r	0	0	18	0
m2r_mutasi_stok_detail	m2r	0	0	18	0
m2r_umpembelian_voucher	m2r	0	0	18	1
m2r_umpenjualan_voucher	m2r	0	0	18	1
m2r_bb_divisi	m2r	0	0	17	0
m2r_neraca_mutasi	m2r	0	0	17	0
m2r_neraca_mutasi_detail	m2r	0	0	17	0
m2r_stok_covermonth	m2r	0	0	17	0
m2r_lr_invoice_detail	m2r	0	0	16	1
m2r_batch_pertanggal	m2r	0	0	15	0
m2r_persediaan	m2r	0	0	15	0
m2r_barang_dibawah_margin	m2r	0	0	14	0
m2r_lr_invoice_global	m2r	0	0	14	1
m2r_mutasi_keuangan	m2r	0	0	14	2
m2r_penjualan	m2r	0	0	12	0
m2r_cekfifo	m2r	0	0	11	0
m2r_stok	m2r	0	0	11	0
m2r_mutasi_stok_custom	m2r	17	0	10	0
m2r_saldoawal_hutang	m2r	0	0	10	0
m2r_mutasi_stok_batch	m2r	0	0	9	0
m2r_penjualan_perhari_1	m2r	0	0	8	1
m2r_stok_opname	m2r	0	0	8	0
m2r_mutasi_stok_rekap	m2r	0	0	5	0
m2r_penjualan_perhari_2	m2r	0	0	5	1
m2r_hppglobalsk	m2r	1077	0	4	0
m2r_hppglobalsa	m2r	1063	0	4	0
m2r_hppglobalms	m2r	86	0	4	0
m2r_hppglobalkl	m2r	36	0	4	0
m2r_item_stock_out	m2r	0	0	4	0
m2r_stok_gagal_upload	m2r	6	0	3	0
m2r_barcode	m2r	0	0	3	0
m2r_item_stock_global	m2r	0	0	3	0
m2r_komisi_abd	m2r	0	0	3	2
m2r_lr_per_hari	m2r	0	0	3	0
m2r_top_10_best_seller_per_store	m2r	0	0	3	0
m2r_hppgudangsk_jml	m2r	594	0	2	0
m2r_hppgudangsa_jml	m2r	586	0	2	0
m2r_hppgudangsk	m2r	288	0	2	0
m2r_hppgudangsa	m2r	285	0	2	0
m2r_perhitungan_insentive	m2r	0	0	2	0
m3_pa_detail_history	m3	0	0	33	1
m3_pa_detail	m3	15	0	31	1
m3_sp_detail_progress	m3	426	0	21	1
m3_sp_detail_history	m3	394	0	21	1
m3_sp_detail	m3	424	0	19	1
m3_mr_detail_history	m3	12	0	19	3
m3_dc_history	m3	0	0	19	5
m3_rf_detail_history	m3	0	0	19	3
m3_sa_detail_history	m3	13	0	18	0
m3_dc	m3	0	0	18	5
m3_rw_history	m3	0	0	18	2
m3_ts_detail_history	m3	26	0	17	2
m3_mr_detail	m3	16	0	17	3
m3_rf_detail	m3	0	0	17	3
m3_rw	m3	0	0	17	2
m3_sa_detail	m3	29	0	16	0
m3_ts_detail	m3	38	0	15	2
m3_ib_detail_history	m3	10	0	15	0
m3_rs_history	m3	2	0	15	2
m3_sp_progress	m3	28	0	14	3
m3_sp_history	m3	22	0	14	3
m3_ts_history	m3	16	0	14	4
m3_sa_history	m3	13	0	14	2
m3_ib_history	m3	8	0	14	2
m3_mr_history	m3	8	0	14	5
m3_rs	m3	8	0	14	2
m3_rs_detail_history	m3	2	0	14	0
m3_pa_history	m3	0	0	14	2
m3_rf_history	m3	0	0	14	5
m3_ib_detail	m3	513	0	13	0
m3_sp	m3	26	0	13	3
m3_ts	m3	24	0	13	4
m3_sa	m3	18	0	13	2
m3_ib	m3	9	0	13	2
m3_mr	m3	9	0	13	5
m3_pa	m3	4	0	13	2
m3_rf	m3	0	0	13	5
m3_rs_detail	m3	18	0	12	0
m3_dc_check_history	m3	0	0	10	1
m3_dc_detail_history	m3	0	0	9	1
m3_dc_check	m3	0	0	8	1
m3_dc_detail	m3	0	0	7	1
m3_notes	m3	0	0	4	0
m3_files	m3	0	0	2	0
m4_prt_history	m4	8	0	32	5
m4_pr_detail_history	m4	100	0	31	10
m4_ri_history	m4	61	0	31	8
m4_prt	m4	20	0	31	5
m4_ri	m4	63	0	30	8
m4_dnr_detail_history	m4	0	0	30	2
m4_dnr_history	m4	0	0	30	5
m4_pr_detail	m4	132	0	29	10
m4_prt_detail_history	m4	8	0	29	0
m4_dnr	m4	0	0	29	5
m4_grn_detail_history	m4	163	0	28	5
m4_grn_history	m4	118	0	28	7
m4_dnr_detail	m4	0	0	28	2
m4_po_detail_history	m4	159	0	27	6
m4_ri_detail_history	m4	125	0	27	3
m4_grn	m4	96	0	27	7
m4_prt_detail	m4	22	0	27	0
m4_grn_detail	m4	169	0	26	5
m4_po_history	m4	114	0	26	8
m4_rq_detail_history	m4	26	0	26	7
m4_po_detail	m4	243	0	25	6
m4_po	m4	146	0	25	8
m4_ri_detail	m4	113	0	25	3
m4_vp_history	m4	36	0	25	2
m4_ipc	m4	0	0	25	8
m4_ipc_detail	m4	0	0	25	6
m4_rq_detail	m4	45	0	24	7
m4_vp	m4	38	0	24	2
m4_vpp_history	m4	31	0	24	3
m4_vpp	m4	21	0	23	3
m4_rq_history	m4	14	0	23	9
m4_cs_detail	m4	0	0	23	7
m4_pr_history	m4	76	0	22	12
m4_rq	m4	17	0	22	9
m4_cs	m4	0	0	22	9
m4_pr	m4	80	0	21	12
m4_ap_history	m4	39	0	21	4
m4_vpp_detail_history	m4	67	0	20	1
m4_ap	m4	33	0	20	4
m4_grn_cost_history	m4	0	0	20	2
m4_po_cost_history	m4	0	0	20	4
m4_pp	m4	0	0	20	3
m4_ri_cost_history	m4	0	0	20	1
m4_vp_detail_history	m4	115	0	19	0
m4_bs_history	m4	0	0	19	7
m4_vpp_detail	m4	48	0	18	1
m4_bs	m4	0	0	18	7
m4_grn_cost	m4	0	0	18	2
m4_po_cost	m4	0	0	18	4
m4_ri_cost	m4	0	0	18	1
m4_vp_detail	m4	97	0	17	0
m4_pie_history	m4	2	0	14	2
m4_rfq_history	m4	2	0	14	2
m4_pie	m4	10	0	13	2
m4_rfq	m4	5	0	13	2
m4_ri_pay_history	m4	29	0	11	0
m4_po_trans_history	m4	0	0	11	0
m4_pr_trans_history	m4	0	0	11	0
m4_vpp_pay_history	m4	25	0	10	1
m4_vp_pay_history	m4	30	0	9	0
m4_ri_pay	m4	22	0	9	0
m4_rfq_detail_history	m4	3	0	9	0
m4_pie_detail_history	m4	2	0	9	0
m4_po_trans	m4	0	0	9	0
m4_pr_trans	m4	0	0	9	0
m4_ap_pay_history	m4	41	0	8	0
m4_vpp_pay	m4	20	0	8	1
m4_vp_pay	m4	38	0	7	0
m4_pie_detail	m4	19	0	7	0
m4_rfq_detail	m4	5	0	7	0
m4_bs_detail_history	m4	0	0	7	0
m4_ap_pay	m4	38	0	6	0
m4_pp_pay	m4	0	0	6	0
m4_bs_detail	m4	0	0	5	0
m4_notes	m4	0	0	4	0
m4_files	m4	0	0	2	0
m5_si_history	m5	83	0	54	9
m5_si	m5	81	0	53	9
m5_si_failed	m5	6	0	53	9
m5_si_material_history	m5	0	0	32	3
m5_si_detail_history	m5	73	0	31	3
m5_dr_detail_history	m5	11	0	31	4
m5_sr_history	m5	9	0	31	6
m5_sr	m5	18	0	30	6
m5_rnr_detail_history	m5	0	0	30	2
m5_si_material	m5	0	0	30	3
m5_si_detail	m5	109	0	29	3
m5_do_detail_history	m5	51	0	29	5
m5_dr_detail	m5	23	0	29	4
m5_sr_detail_history	m5	9	0	29	0
m5_si_detail_failed	m5	7	0	29	3
m5_rnr_history	m5	0	0	29	7
m5_sq_detail_history	m5	49	0	28	10
m5_cl_history	m5	0	0	28	12
m5_rnr	m5	0	0	28	7
m5_rnr_detail	m5	0	0	28	2
m5_do_detail	m5	63	0	27	5
m5_ic_history	m5	52	0	27	5
m5_sr_detail	m5	19	0	27	0
m5_dr_history	m5	9	0	27	8
m5_cl	m5	0	0	27	12
m5_sq_detail	m5	68	0	26	10
m5_so_detail_history	m5	63	0	26	8
m5_pi_detail_history	m5	38	0	26	7
m5_do_history	m5	30	0	26	9
m5_ic	m5	21	0	26	5
m5_pv_history	m5	19	0	26	4
m5_dr	m5	14	0	26	8
m5_pl_detail_history	m5	7	0	26	6
m5_sq_out	m5	0	0	26	10
m5_sq_shipping	m5	0	0	26	10
m5_do	m5	39	0	25	9
m5_pv	m5	22	0	25	4
m5_pl_history	m5	5	0	25	10
m5_so_detail	m5	94	0	24	8
m5_pi_detail	m5	34	0	24	7
m5_pi_history	m5	28	0	24	11
m5_pl_detail	m5	19	0	24	6
m5_pl	m5	10	0	24	10
m5_so_history	m5	45	0	23	12
m5_pi	m5	20	0	23	11
m5_so	m5	54	0	22	12
m5_sq_history	m5	33	0	22	14
m5_as_history	m5	11	0	22	3
m5_ic_detail_history	m5	139	0	21	1
m5_sq	m5	44	0	21	14
m5_as	m5	18	0	21	3
m5_ip_history	m5	18	0	21	3
m5_rp_history	m5	0	0	21	3
m5_ip	m5	17	0	20	3
m5_rp	m5	0	0	20	3
m5_ic_detail	m5	67	0	19	1
m5_pv_detail_history	m5	51	0	19	0
m5_si_installment	m5	0	0	19	1
m5_pv_detail	m5	76	0	17	0
m5_si_pay_history	m5	20	0	14	0
m5_sie_history	m5	0	0	14	2
m5_spa_detail_history	m5	0	0	14	0
m5_spa_history	m5	0	0	14	2
m5_sie	m5	2	0	13	2
m5_spa	m5	0	0	13	2
m5_si_pay	m5	39	0	12	0
m5_spa_detail	m5	0	0	12	0
m5_sq_out_bahan	m5	0	0	12	0
m5_sq_out_bahan1	m5	0	0	12	0
m5_as_pay_history	m5	13	0	9	0
m5_sie_detail_history	m5	0	0	9	0
m5_ip_pay_history	m5	18	0	8	0
m5_pl_pack_history	m5	7	0	8	0
m5_rp_pay_history	m5	0	0	8	0
m5_as_pay	m5	21	0	7	0
m5_sie_detail	m5	3	0	7	0
m5_pl_pack	m5	21	0	6	0
m5_ip_pay	m5	19	0	6	0
m5_rp_pay	m5	0	0	6	0
m5_print	m5	0	0	5	0
m5_notes	m5	0	0	4	0
m5_files	m5	0	0	2	0
m6_pd_history	m6	34	0	24	2
m6_pdr_out_history	m6	69	0	23	5
m6_mrs_out_history	m6	30	0	23	3
m6_wo_out_history	m6	30	0	23	4
m6_pd	m6	22	0	23	2
m6_mrn_out_history	m6	10	0	23	2
m6_mrn_history	m6	8	0	23	6
m6_pd_out_history	m6	58	0	22	0
m6_pdr_in_history	m6	45	0	22	5
m6_wo_history	m6	28	0	22	10
m6_wo_in_history	m6	28	0	22	4
m6_mrs_history	m6	19	0	22	8
m6_mrn	m6	4	0	22	6
m6_mrn_in_history	m6	0	0	22	2
m6_mrs_in_history	m6	0	0	22	3
m6_pdr_history	m6	45	0	21	12
m6_pd_in_history	m6	34	0	21	0
m6_wo_out	m6	24	0	21	4
m6_mrs_out	m6	22	0	21	3
m6_wo	m6	16	0	21	10
m6_pdr_out	m6	15	0	21	5
m6_mrs	m6	14	0	21	8
m6_mrn_out	m6	5	0	21	2
m6_pd_out	m6	43	0	20	0
m6_wo_in	m6	16	0	20	4
m6_pdr	m6	11	0	20	12
m6_pdr_in	m6	11	0	20	5
m6_mrn_in	m6	0	0	20	2
m6_mrs_in	m6	0	0	20	3
m6_bom_history	m6	43	0	19	2
m6_pd_in	m6	22	0	19	0
m6_bom	m6	12	0	18	2
m6_bom_out_history	m6	123	0	17	0
m6_pd_bom	m6	31	0	17	0
m6_bom_in_history	m6	43	0	16	0
m6_itembom_out	m6	26	0	16	0
m6_bom_out	m6	27	0	15	0
m6_bom_in	m6	12	0	14	0
m6_itembom_in	m6	11	0	14	0
m6_wo_activity	m6	0	0	7	0
m6_wo_route_card	m6	0	0	7	0
m6_notes	m6	0	0	4	0
m6_files	m6	0	0	2	0
m7_asset_transaction_history	m7	0	0	34	2
m7_asset_history	m7	2	0	33	2
m7_asset	m7	3	0	32	2
m7_asset_transaction	m7	0	0	32	2
m7_dsa_detail	m7	0	0	26	3
m7_ae	m7	0	0	25	5
m7_ao	m7	0	0	24	4
m7_asl	m7	0	0	22	6
m7_aq	m7	0	0	21	5
m7_ar	m7	0	0	20	7
m7_asr	m7	0	0	20	4
m7_at	m7	0	0	20	2
m7_dsa	m7	0	0	19	3
m7_ab	m7	0	0	18	7
m7_ae_detail	m7	0	0	18	1
m7_ao_detail	m7	0	0	18	2
m7_ar_detail	m7	0	0	18	5
m7_aq_detail	m7	0	0	17	3
m7_asr_detail	m7	0	0	16	2
m7_at_detail	m7	0	0	16	0
m7_asl_detail	m7	0	0	15	1
m7_dsr	m7	0	0	15	4
m7_te	m7	0	0	14	2
m7_da	m7	8	0	13	2
m7_ag	m7	0	0	13	2
m7_dsr_detail	m7	0	0	13	2
m7_ra	m7	0	0	13	2
m7_ta	m7	0	0	13	4
m7_tr	m7	0	0	13	5
m7_ua	m7	0	0	13	4
m7_ur	m7	0	0	13	5
m7_urt	m7	0	0	13	2
m7_asset_category_tax_history	m7	0	0	12	0
m7_asset_category_tax	m7	17	0	11	0
m7_da_detail	m7	14	0	11	0
m7_ir	m7	0	0	11	4
m7_ta_detail	m7	0	0	11	2
m7_tr_detail	m7	0	0	11	3
m7_ua_detail	m7	0	0	11	2
m7_ur_detail	m7	0	0	11	3
m7_ag_detail	m7	0	0	10	0
m7_te_detail	m7	0	0	10	0
m7_urt_detail	m7	0	0	10	0
m7_asset_category_history	m7	0	0	9	0
m7_asset_category	m7	5	0	8	0
m7_irt_detail	m7	0	0	8	0
m7_irt	m7	0	0	7	2
m7_ra_detail	m7	0	0	7	0
m7_at_pay	m7	0	0	6	0
m7_ia	m7	0	0	6	3
m7_ia_detail	m7	0	0	6	1
m7_ir_detail	m7	0	0	6	2
m7_ab_detail	m7	0	0	5	0
m7_ac_detail	m7	0	0	5	0
m7_master_asset_category	m7	0	0	5	0
m7_ac	m7	0	0	4	0
m7_notes	m7	0	0	4	0
m7_files	m7	0	0	2	0
m7_master_asset_department	m7	0	0	2	0
m7_master_asset_disposal	m7	0	0	2	0
m7_depreciation_category	m7	3	0	1	0
m8_indicator	m8	22	0	6	0
m8_content	m8	72	0	5	0
m8_content_copy1	m8	42	0	5	0
m8_content_role	m8	108	0	2	0
m8_content_chart	m8	18	0	0	0
m9_coa	m9	0	0	16	1
m9_coa_konsolidasi	m9	0	0	12	0
m9_setting_db	m9	0	0	6	1
m9_konsolidasi_barang	m9	0	0	4	0
m9_konsolidasi_history	m9	0	0	4	0
m9_jenis_eliminasi	m9	0	0	0	0
meetingagendarelevant	meetingagendarelevant	0	0	3	0
meetingagendas	meetingagendas	3	0	5	1
meetingagendatypes	meetingagendatypes	0	0	1	1
meetingattendees	meetingattendees	2	0	5	2
meetingdecisionrelevant	meetingdecisionrelevant	0	0	3	0
meetingdecisions	meetingdecisions	0	0	6	1
meetinglocations	meetinglocations	0	0	3	0
meetings	meetings	0	0	8	1
meetingtypes	meetingtypes	0	0	1	1
quotes	quotes	0	0	1	0
rk_tmp	rk	0	0	21	3
ro_tmp	ro	0	0	50	5
rolepermissions	rolepermissions	4	0	2	0
roles	roles	4	0	1	0
temp_barang	temp	0	0	3	0
term_hierarchy_backup	term	0	0	2	0
test	test	0	0	35	1
test_new	test	0	0	0	0
test1	test1	0	0	0	0
test2	test2	0	0	0	0
userpermissions	userpermissions	26	0	2	0
userpreferences	userpreferences	2	0	2	1
userroles	userroles	2	0	3	0
users	users	26	0	4	0
versioninfo	versioninfo	9	0	1	0
