m0_hitungulang_log	7655	1	5	0	ready
m0_userlog	2972	1	5	0	ready
m1_cogs_fifo_in	2622	1	7	0	ready
m1_item	2279	4	44	0	ready
m2_transaction_journal	1214	7	15	0	ready
m0_report	1192	2	7	0	ready
m_12_pos_item	1094	3	18	1	ready
m0_report_copy	1069	2	7	0	ready
m0_msmq	1009	2	10	0	ready
m1_no_serial_transaction	825	3	8	1	ready
m0_hppaverage	747	12	27	1	ready
m1_item_transaction	730	13	38	1	ready
m1_no_batch_transaction	713	3	8	1	ready
m1_no_serial_in	613	4	9	1	ready
m3_ib_detail	513	3	13	1	ready
m1_no_serial_transaction_history	458	3	10	1	ready
dateasset	436	1	1	0	ready
m3_sp_detail_progress	426	3	21	1	ready
m3_sp_detail	424	3	19	1	ready
0_so_1	415	2	7	0	ready
m1_coa	409	12	29	1	ready
m3_sp_detail_history	394	3	21	1	ready
m0_msmq_journal	371	2	3	0	ready
0_ar	328	2	3	0	ready
m0_msmq_cogs	253	2	3	0	ready
m1_coa_copy1	246	12	29	1	ready
m4_po_detail	243	3	25	1	ready
0_ap	217	2	3	0	ready
m1_cogs_fifo_out	208	1	6	0	ready
m1_item_transaction_history	207	13	39	1	ready
m4_grn_detail	169	3	26	1	ready
m4_grn_detail_history	163	3	28	1	ready
m4_po_detail_history	159	3	27	1	ready
m1_no_batch_in	153	4	9	1	ready
m1_item_history	150	4	45	0	ready
m4_po	146	11	25	1	ready
m0_dashboardmail	140	2	4	0	ready
m5_ic_detail_history	139	3	21	1	ready
m4_pr_detail	132	3	29	1	ready
m4_ri_detail_history	125	3	27	1	ready
m6_bom_out_history	123	3	17	1	ready
m1_no_batch_out	120	1	5	0	ready
m4_grn_history	118	10	28	1	ready
m4_vp_detail_history	115	3	19	1	ready
m4_po_history	114	11	26	1	ready
m1_no_batch_transaction_history	113	3	10	1	ready
m4_ri_detail	113	3	25	1	ready
m5_si_detail	109	3	29	1	ready
m1_no_serial_out	101	1	5	0	ready
m4_pr_detail_history	100	3	31	1	ready
m4_vp_detail	97	3	17	1	ready
m4_grn	96	10	27	1	ready
m5_so_detail	94	3	24	1	ready
0_so	93	2	7	0	ready
0_po_1	87	1	7	0	ready
m5_si_history	83	21	54	1	ready
m5_si	81	21	53	1	ready
m4_pr	80	13	21	1	ready
m4_pr_history	76	13	22	1	ready
m5_pv_detail	76	3	17	1	ready
m5_si_detail_history	73	3	31	1	ready
m8_content	72	2	5	0	ready
m6_pdr_out_history	69	3	23	1	ready
m5_sq_detail	68	3	26	1	ready
m4_vpp_detail_history	67	3	20	1	ready
m5_ic_detail	67	3	19	1	ready
m4_ri	63	13	30	1	ready
m5_do_detail	63	3	27	1	ready
m5_so_detail_history	63	3	26	1	ready
m4_ri_history	61	13	31	1	ready
m6_pd_out_history	58	3	22	1	ready
m5_so	54	11	22	1	ready
m2_gj_detail	52	3	12	1	ready
m5_ic_history	52	9	27	1	ready
m5_do_detail_history	51	3	29	1	ready
m5_pv_detail_history	51	3	19	1	ready
m5_sq_detail_history	49	3	28	1	ready
m4_vpp_detail	48	3	18	1	ready
m4_rq_detail	45	3	24	1	ready
m5_so_history	45	11	23	1	ready
m6_pdr_history	45	9	21	1	ready
m6_pdr_in_history	45	3	22	1	ready
m5_sq	44	11	21	1	ready
m6_bom_history	43	8	19	1	ready
m6_bom_in_history	43	3	16	1	ready
m6_pd_out	43	3	20	1	ready
m8_content_copy1	42	2	5	0	ready
0_po	41	1	7	0	ready
m1_contact_history	41	9	22	1	ready
m4_ap_pay_history	41	1	8	0	ready
m4_ap_history	39	10	21	1	ready
m5_do	39	11	25	1	ready
m5_si_pay	39	4	12	1	ready
m3_ts_detail	38	3	15	1	ready
m4_ap_pay	38	1	6	0	ready
m4_vp	38	9	24	1	ready
m4_vp_pay	38	1	7	0	ready
m5_pi_detail_history	38	3	26	1	ready
m2_cr_detail_history	36	3	12	1	ready
m2_cr_history	36	8	19	1	ready
m4_vp_history	36	9	25	1	ready
m5_pi_detail	34	3	24	1	ready
m6_pd_history	34	9	24	1	ready
m6_pd_in_history	34	3	21	1	ready
m4_ap	33	10	20	1	ready
m5_sq_history	33	11	22	1	ready
m1_currency_history	32	2	4	0	ready
m2_rgc_detail_history	32	4	14	1	ready
m4_vpp_history	31	9	24	1	ready
m6_pd_bom	31	3	17	1	ready
m4_vp_pay_history	30	1	9	0	ready
m5_do_history	30	11	26	1	ready
m6_mrs_out_history	30	3	23	1	ready
m6_wo_out_history	30	3	23	1	ready
m2_rgc_history	29	7	18	1	ready
m3_sa_detail	29	3	16	1	ready
m4_ri_pay_history	29	1	11	0	ready
m2_gj_detail_history	28	3	14	1	ready
m3_sp_progress	28	8	14	1	ready
m5_pi_history	28	11	24	1	ready
m6_wo_history	28	9	22	1	ready
m6_wo_in_history	28	3	22	1	ready
m2_cr_detail	27	3	10	1	ready
m6_bom_out	27	3	15	1	ready
m0_user	26	1	3	0	ready
m1_item_location_warehouse_history	26	2	6	0	ready
m3_sp	26	8	13	1	ready
m3_ts_detail_history	26	3	17	1	ready
m4_rq_detail_history	26	3	26	1	ready
m6_itembom_out	26	3	16	1	ready
users	26	3	4	1	ready
m1_salesman_commission	25	10	31	1	ready
m2_giro_list	25	2	6	0	ready
m4_vpp_pay_history	25	1	10	0	ready
m1_division	24	5	8	1	ready
m2_cr	24	8	18	1	ready
m3_ts	24	8	13	1	ready
m6_wo_out	24	3	21	1	ready
m1_contact	23	9	21	1	ready
m5_dr_detail	23	3	29	1	ready
m3_sp_history	22	8	14	1	ready
m4_prt_detail	22	3	27	1	ready
m4_ri_pay	22	1	9	0	ready
m5_pv	22	9	25	1	ready
m6_mrs_out	22	3	21	1	ready
m6_pd	22	9	23	1	ready
m6_pd_in	22	3	19	1	ready
m8_indicator	22	2	6	0	ready
m1_unit	21	2	3	0	ready
m4_vpp	21	9	23	1	ready
m5_as_pay	21	1	7	0	ready
m5_ic	21	9	26	1	ready
m5_pl_pack	21	3	6	1	ready
m0_userlogin	20	1	2	0	ready
m4_prt	20	13	31	1	ready
m4_vpp_pay	20	1	8	0	ready
m5_pi	20	11	23	1	ready
m5_si_pay_history	20	4	14	1	ready
m2_cd_detail_history	19	3	12	1	ready
m2_cd_history	19	8	19	1	ready
m2_gj	19	8	20	1	ready
m2_sm	19	8	18	1	ready
m2_sm_detail	19	3	10	1	ready
m4_pie_detail	19	3	7	1	ready
m5_ip_pay	19	1	6	0	ready
m5_pl_detail	19	3	24	1	ready
m5_pv_history	19	9	26	1	ready
m5_sr_detail	19	3	27	1	ready
m6_mrs_history	19	9	22	1	ready
m3_rs_detail	18	3	12	1	ready
m3_sa	18	8	13	1	ready
m5_as	18	10	21	1	ready
m5_ip_history	18	10	21	1	ready
m5_ip_pay_history	18	1	8	0	ready
m5_sr	18	14	30	1	ready
m2r_mutasi_stok_custom	17	6	10	1	ready
m4_rq	17	11	22	1	ready
m5_ip	17	10	20	1	ready
m7_asset_category_tax	17	5	11	1	ready
m2_cb_detail_history	16	3	14	1	ready
m2_cb_history	16	8	21	1	ready
m3_mr_detail	16	3	17	1	ready
m3_ts_history	16	8	14	1	ready
m6_wo	16	9	21	1	ready
m6_wo_in	16	3	20	1	ready
m2_cd_detail	15	3	10	1	ready
m2_rm	15	8	18	1	ready
m2_rm_detail	15	3	10	1	ready
m3_pa_detail	15	3	31	1	ready
m6_pdr_out	15	3	21	1	ready
m1_coa_history	14	12	30	1	ready
m1_terms_history	14	2	9	0	ready
m4_rq_history	14	11	23	1	ready
m5_dr	14	11	26	1	ready
m6_mrs	14	9	21	1	ready
m7_da_detail	14	3	11	1	ready
m2_cb_pay_history	13	1	8	0	ready
m2_cd	13	8	18	1	ready
m3_sa_detail_history	13	3	18	1	ready
m3_sa_history	13	8	14	1	ready
m5_as_pay_history	13	1	9	0	ready
m0_userlogin_copy	12	1	2	0	ready
m1_item_category	12	5	8	1	ready
m2_sm_detail_history	12	3	12	1	ready
m2_sm_history	12	8	19	1	ready
m3_mr_detail_history	12	3	19	1	ready
m6_bom	12	8	18	1	ready
m6_bom_in	12	3	14	1	ready
m1_area_history	11	2	3	0	ready
m1_branch_history	11	2	3	0	ready
m1_contact_attention	11	4	4	0	ready
m1_item_location	11	2	3	0	ready
m1_item_location_warehouse	11	2	4	0	ready
m2_gj_history	11	8	21	1	ready
m5_as_history	11	10	22	1	ready
m5_dr_detail_history	11	3	31	1	ready
m6_itembom_in	11	3	14	1	ready
m6_pdr	11	9	20	1	ready
m6_pdr_in	11	3	20	1	ready
m1_warehouse	10	2	2	1	ready
m2_cb_detail	10	3	12	1	ready
m3_ib_detail_history	10	3	15	1	ready
m4_pie	10	8	13	1	ready
m5_pl	10	11	24	1	ready
m6_mrn_out_history	10	3	23	1	ready
m1_bank_history	9	5	9	1	ready
m1_tax	9	2	3	0	ready
m3_ib	9	8	13	1	ready
m3_mr	9	9	13	1	ready
m5_dr_history	9	11	27	1	ready
m5_sr_detail_history	9	3	29	1	ready
m5_sr_history	9	14	31	1	ready
versioninfo	9	1	1	0	ready
m1_contact_attention_history	8	4	6	0	ready
m1_contact_point	8	3	8	1	ready
m1_item_type	8	2	2	0	ready
m1_project	8	8	7	0	ready
m1_project_history	8	8	8	0	ready
m2_sg_detail	8	4	11	1	ready
m3_ib_history	8	8	14	1	ready
m3_mr_history	8	9	14	1	ready
m3_rs	8	8	14	1	ready
m4_prt_detail_history	8	3	29	1	ready
m4_prt_history	8	13	32	1	ready
m6_mrn_history	8	9	23	1	ready
m7_da	8	8	13	1	ready
m1_currency	7	2	3	0	ready
m1_location_history	7	2	4	1	ready
m1_oem	7	5	8	1	ready
m2_cb	7	8	20	1	ready
m2_rm_detail_history	7	3	12	1	ready
m2_rm_history	7	8	19	1	ready
m5_pl_detail_history	7	3	26	1	ready
m5_pl_pack_history	7	3	8	1	ready
m5_si_detail_failed	7	3	29	1	ready
m2_rg_detail_history	6	4	13	1	ready
m2_rgc_detail	6	4	12	1	ready
m2_rm_pay	6	1	6	0	ready
m5_si_failed	6	21	53	1	ready
m1_bank	5	5	8	1	ready
m1_city	5	2	2	0	ready
m1_contact_category	5	2	2	0	ready
m1_contact_price_history	5	9	19	1	ready
m1_cost_center	5	2	2	0	ready
m1_expedition	5	2	2	0	ready
m1_files	5	2	1	1	ready
m1_item_supplier_history	5	3	11	1	ready
m1_terms	5	2	8	0	ready
m1_working_estimate	5	5	8	1	ready
m2_rg_detail	5	4	11	1	ready
m2_rgc	5	7	17	1	ready
m2_sg	5	7	16	1	ready
m2_sm_pay	5	1	6	0	ready
m4_rfq	5	10	13	1	ready
m4_rfq_detail	5	3	7	1	ready
m5_pl_history	5	11	25	1	ready
m6_mrn_out	5	3	21	1	ready
m7_asset_category	5	5	8	1	ready
m1_area	4	2	2	0	ready
m1_customer_category	4	2	2	0	ready
m1_location	4	2	3	1	ready
m1_tax_history	4	2	4	0	ready
m2_files	4	2	2	1	ready
m2_rg	4	7	16	1	ready
m2_rm_pay_history	4	1	8	0	ready
m3_pa	4	9	13	1	ready
m6_mrn	4	9	22	1	ready
m0_app	3	1	1	0	ready
m1_branch	3	2	2	0	ready
m1_country	3	2	2	0	ready
m1_item_category_history	3	5	9	1	ready
m1_item_supplier	3	3	9	1	ready
m1_other_cost_history	3	5	10	1	ready
m2_rg_history	3	7	17	1	ready
m2_sgc_detail_history	3	4	14	1	ready
m2_sgc_history	3	7	18	1	ready
m2_sm_pay_history	3	1	8	0	ready
m4_rfq_detail_history	3	3	9	1	ready
m5_sie_detail	3	3	7	1	ready
m7_asset	3	11	32	1	ready
m1_expedition_history	2	2	3	0	ready
m1_item_permission	2	5	8	1	ready
m1_price_category	2	5	8	1	ready
m1_production_category	2	5	8	1	ready
m1_production_category_history	2	5	9	1	ready
m1_province	2	2	2	0	ready
m1_province_history	2	2	3	0	ready
m1_size_history	2	5	9	1	ready
m1_subdivision	2	5	8	1	ready
m1_transaction_note	2	2	2	0	ready
m1_vendor	2	5	8	1	ready
m2_cb_pay	2	1	6	0	ready
m2_sg_detail_history	2	4	13	1	ready
m2_sg_history	2	7	17	1	ready
m2_sgc	2	7	17	1	ready
m2_sgc_detail	2	4	12	1	ready
m3_rs_detail_history	2	3	14	1	ready
m3_rs_history	2	8	15	1	ready
m4_pie_detail_history	2	3	9	1	ready
m4_pie_history	2	8	14	1	ready
m4_rfq_history	2	10	14	1	ready
m5_sie	2	8	13	1	ready
m7_asset_history	2	11	33	1	ready
m_12_pos_category	2	5	8	1	ready
m_12_pos_type	2	5	8	1	ready
ak_tmp	0	27	55	1	ready
dataauditlog	0	1	2	1	ready
exceptions	0	2	4	1	ready
lb_tmp	0	26	51	1	ready
lu_tmp	0	26	51	1	ready
m0_backup	0	2	2	0	ready
m0_config	0	2	29	1	ready
m0_hppsaldo	0	12	27	1	ready
m0_msmq_importdata	0	2	3	0	ready
m0_si	0	21	53	1	ready
m0_si_detail	0	3	29	1	ready
m0_si_pay	0	1	6	0	ready
m0_table_relation_status	0	1	2	0	ready
m0_userlogerror	0	1	3	0	ready
m0_validitas_data	0	1	3	0	ready
m13_billing_category	0	27	52	1	ready
m13_billing_category_history	0	27	53	1	ready
m13_bl	0	29	56	1	ready
m13_bl_detail	0	20	25	1	ready
m13_bl_detail_billing	0	1	4	0	ready
m13_bl_detail_history	0	20	27	1	ready
m13_bl_history	0	29	57	1	ready
m13_class	0	27	52	1	ready
m13_class_history	0	27	53	1	ready
m13_faculty	0	27	52	1	ready
m13_faculty_history	0	27	53	1	ready
m13_py	0	29	56	1	ready
m13_py_detail	0	21	29	1	ready
m13_school_year	0	27	52	1	ready
m13_school_year_history	0	27	53	1	ready
m13_si	0	29	56	1	ready
m13_si_history	0	29	57	1	ready
m13_student_category	0	27	53	1	ready
m13_student_category_billing	0	27	55	1	ready
m13_student_category_billing_history	0	27	56	1	ready
m13_student_category_history	0	27	54	1	ready
m13_student_status	0	27	52	1	ready
m13_student_status_history	0	27	53	1	ready
m13_study_program	0	27	52	1	ready
m13_study_program_history	0	27	53	1	ready
m14_account	0	27	52	1	ready
m14_account_history	0	27	53	1	ready
m14_ang	0	29	56	1	ready
m14_ang_detail	0	21	30	1	ready
m14_collateral	0	27	53	1	ready
m14_collateral_history	0	27	54	1	ready
m14_deposit	0	27	54	1	ready
m14_deposit_history	0	27	55	1	ready
m14_loan	0	27	58	1	ready
m14_loan_history	0	27	59	1	ready
m14_pjm	0	29	56	1	ready
m14_pjm_angsuran	0	1	6	0	ready
m14_pjm_detail	0	20	34	1	ready
m14_smp	0	29	55	1	ready
m14_smp_detail	0	20	26	1	ready
m1_accident	0	2	2	0	ready
m1_accident_history	0	2	3	0	ready
m1_bed	0	2	2	0	ready
m1_bed_history	0	2	3	0	ready
m1_checking_category	0	2	4	0	ready
m1_checking_category_history	0	2	5	0	ready
m1_city_history	0	2	3	0	ready
m1_class	0	5	8	1	ready
m1_class_history	0	5	9	1	ready
m1_class_product	0	5	8	1	ready
m1_class_product_history	0	5	9	1	ready
m1_colleague	0	2	3	0	ready
m1_color	0	5	8	1	ready
m1_color_history	0	5	9	1	ready
m1_commission	0	5	8	1	ready
m1_commission_detail	0	3	12	1	ready
m1_commission_detail_history	0	3	14	1	ready
m1_commission_history	0	5	9	1	ready
m1_contact_category_history	0	2	3	0	ready
m1_contact_comment	0	3	4	1	ready
m1_contact_comment_history	0	3	5	1	ready
m1_contact_commission	0	2	3	0	ready
m1_contact_copy	0	9	21	1	ready
m1_contact_files	0	2	4	1	ready
m1_contact_price	0	9	17	1	ready
m1_contact_price_copy	0	9	17	1	ready
m1_cost_center_history	0	2	3	0	ready
m1_country_history	0	2	3	0	ready
m1_customer_category_history	0	2	3	0	ready
m1_department	0	5	8	1	ready
m1_department_history	0	5	9	1	ready
m1_designer	0	5	8	1	ready
m1_designer_history	0	5	9	1	ready
m1_diagnosis	0	2	2	0	ready
m1_division_history	0	5	9	1	ready
m1_files_copy	0	2	1	1	ready
m1_icd	0	2	3	0	ready
m1_icd_history	0	2	4	0	ready
m1_index_price	0	5	9	1	ready
m1_index_price_history	0	5	10	1	ready
m1_insurer	0	2	3	0	ready
m1_item2	0	4	44	0	ready
m1_item_assembly	0	2	6	0	ready
m1_item_assembly_history	0	2	8	0	ready
m1_item_c	0	4	44	0	ready
m1_item_copy1	0	4	43	0	ready
m1_item_copy2	0	4	43	0	ready
m1_item_description	0	2	4	0	ready
m1_item_flex	0	4	43	0	ready
m1_item_hauling	0	9	42	1	ready
m1_item_hauling_history	0	9	43	1	ready
m1_item_location_history	0	2	4	0	ready
m1_item_permission_history	0	5	9	1	ready
m1_item_price	0	7	15	1	ready
m1_item_price_history	0	7	17	1	ready
m1_item_stock_warehouse_log	0	1	5	0	ready
m1_item_type_history	0	2	3	0	ready
m1_lab_result	0	2	3	0	ready
m1_labour_cost	0	2	4	0	ready
m1_layanan	0	2	2	0	ready
m1_machine	0	3	9	0	ready
m1_machine_history	0	3	10	0	ready
m1_material	0	5	8	1	ready
m1_material_history	0	5	9	1	ready
m1_merk	0	5	8	1	ready
m1_merk_history	0	5	9	1	ready
m1_model	0	5	8	1	ready
m1_model_history	0	5	9	1	ready
m1_no_batch_in_old	0	4	9	1	ready
m1_no_serial_in_copy	0	4	9	1	ready
m1_no_serial_in_old	0	4	9	1	ready
m1_no_serial_out_copy	0	1	5	0	ready
m1_notes	0	2	3	0	ready
m1_oem_history	0	5	9	1	ready
m1_other	0	2	2	0	ready
m1_other_cost	0	5	9	1	ready
m1_other_history	0	2	3	0	ready
m1_patient	0	3	6	0	ready
m1_patient_category	0	2	2	0	ready
m1_price_category_detail	0	3	22	1	ready
m1_price_category_history	0	5	9	1	ready
m1_production_activity	0	5	9	1	ready
m1_production_activity_detail	0	3	16	1	ready
m1_production_activity_detail_history	0	3	18	1	ready
m1_production_activity_history	0	5	10	1	ready
m1_production_route	0	5	9	1	ready
m1_production_route_detail	0	3	7	1	ready
m1_reference	0	2	3	0	ready
m1_region	0	2	2	0	ready
m1_region_history	0	2	3	0	ready
m1_room	0	7	19	1	ready
m1_room_history	0	7	19	1	ready
m1_salesman_category	0	2	2	0	ready
m1_salesman_category_history	0	2	3	0	ready
m1_section	0	5	8	1	ready
m1_section_history	0	5	9	1	ready
m1_selling_point	0	2	5	0	ready
m1_selling_point_history	0	2	6	0	ready
m1_size	0	5	8	1	ready
m1_subclass	0	5	8	1	ready
m1_subclass_history	0	5	9	1	ready
m1_subdepartment	0	5	8	1	ready
m1_subdepartment_history	0	5	9	1	ready
m1_subdistrict	0	2	2	0	ready
m1_subdivision_history	0	5	9	1	ready
m1_supplier_category	0	2	2	0	ready
m1_supplier_category_history	0	2	3	0	ready
m1_transaction_note_detail	0	2	2	0	ready
m1_transaction_note_detail_history	0	2	3	0	ready
m1_transaction_note_history	0	2	3	0	ready
m1_trm	0	2	2	0	ready
m1_type_sa	0	2	2	0	ready
m1_type_sa_history	0	2	3	0	ready
m1_unit_history	0	2	4	0	ready
m1_upline	0	2	2	0	ready
m1_vendor_history	0	5	9	1	ready
m1_village	0	2	2	0	ready
m1_warehouse_history	0	2	3	1	ready
m1_working_estimate_history	0	5	9	1	ready
m2_aj	0	8	20	1	ready
m2_aj_detail	0	3	12	1	ready
m2_aj_detail_history	0	3	14	1	ready
m2_aj_history	0	8	21	1	ready
m2_bd	0	8	15	1	ready
m2_bd_detail	0	3	10	1	ready
m2_bd_detail_history	0	3	12	1	ready
m2_bd_history	0	8	16	1	ready
m2_jm	0	8	19	1	ready
m2_jm_detail	0	3	13	1	ready
m2_jm_detail_history	0	3	15	1	ready
m2_jm_history	0	8	20	1	ready
m2_notes	0	2	4	0	ready
m2_pengajuan_dana	0	7	13	0	ready
m2_print	0	1	4	0	ready
m2_rm_historyjson	0	1	1	0	ready
m2_template	0	6	13	0	ready
m2_transaction_journal_history	0	6	18	0	ready
m2r_analisa_penyusutan	0	6	22	1	ready
m2r_anggaran	0	5	20	1	ready
m2r_ap_card	0	9	19	1	ready
m2r_ap_card_detail	0	9	19	1	ready
m2r_ap_voucher	0	9	18	1	ready
m2r_ap_voucher_aging	0	9	30	1	ready
m2r_ap_voucher_aging_detail	0	9	30	1	ready
m2r_ap_voucher_detail	0	9	18	1	ready
m2r_appostage_card	0	9	19	1	ready
m2r_appostage_voucher	0	9	18	1	ready
m2r_ar_card	0	9	19	1	ready
m2r_ar_card_detail	0	9	19	1	ready
m2r_ar_voucher	0	9	18	1	ready
m2r_ar_voucher_aging	0	9	30	1	ready
m2r_ar_voucher_aging_detail	0	9	30	1	ready
m2r_ar_voucher_detail	0	9	18	1	ready
m2r_arpostage_card	0	9	19	1	ready
m2r_arpostage_voucher	0	9	18	1	ready
m2r_aruskas	0	5	21	1	ready
m2r_barang_dibawah_margin	0	5	14	1	ready
m2r_barcode	0	1	3	0	ready
m2r_batch_pertanggal	0	6	15	1	ready
m2r_bb_divisi	0	1	17	0	ready
m2r_bp_card	0	9	19	1	ready
m2r_bukubesar_akunlawan	0	9	24	1	ready
m2r_cekfifo	0	3	11	0	ready
m2r_customer_point	0	6	19	1	ready
m2r_general_ledger	0	7	18	1	ready
m2r_general_ledger_detail	0	9	19	1	ready
m2r_giro_voucher	0	11	21	1	ready
m2r_giro_voucher_aging	0	11	33	1	ready
m2r_hpp_produksi	0	5	19	1	ready
m2r_inventory_aging	0	8	32	1	ready
m2r_ip_card	0	9	19	1	ready
m2r_ip_list	0	9	24	1	ready
m2r_ip_voucher	0	9	18	1	ready
m2r_item_stock_global	0	1	3	0	ready
m2r_kartu_stok	0	8	27	1	ready
m2r_kasbank_harian	0	9	24	1	ready
m2r_komisi_abd	0	1	3	0	ready
m2r_komisi_limo	0	8	38	1	ready
m2r_laba_pertahun	0	5	62	1	ready
m2r_laporan_harian	0	5	19	1	ready
m2r_laporan_penjualan	0	1	21	0	ready
m2r_lr_invoice_detail	0	6	16	1	ready
m2r_lr_invoice_global	0	6	14	1	ready
m2r_lr_per_hari	0	1	3	0	ready
m2r_mutasi_keuangan	0	5	14	1	ready
m2r_mutasi_stok	0	7	18	1	ready
m2r_mutasi_stok_batch	0	3	9	1	ready
m2r_mutasi_stok_detail	0	7	18	1	ready
m2r_mutasi_stok_sumber	0	7	37	1	ready
m2r_neraca_mutasi	0	5	17	1	ready
m2r_neraca_mutasi_detail	0	5	17	1	ready
m2r_omzet_tagihan	0	1	41	0	ready
m2r_penjualan	0	1	12	0	ready
m2r_penjualan_barang_pertgl	0	6	20	1	ready
m2r_penjualan_per4bulan	0	1	20	0	ready
m2r_penjualan_perhari_1	0	1	8	0	ready
m2r_penjualan_perhari_2	0	1	5	0	ready
m2r_perhitungan_insentive	0	2	2	1	ready
m2r_perincian_biaya	0	5	29	1	ready
m2r_persediaan	0	5	15	1	ready
m2r_persediaan_detail	0	7	20	1	ready
m2r_posisi_keuangan	0	5	26	1	ready
m2r_posisi_keuangan_detail	0	5	26	1	ready
m2r_posisi_keuangan_pertahun	0	5	38	1	ready
m2r_posisi_keuangan_t	0	10	51	1	ready
m2r_posisi_keuangan_t_detail	0	10	51	1	ready
m2r_posisi_keuangan_tahun	0	5	56	1	ready
m2r_produksi_vs_penjualan	0	5	26	1	ready
m2r_rekap_barang_konsinyasi	0	6	27	1	ready
m2r_saldoawal_hutang	0	1	10	0	ready
m2r_salesman_point	0	6	20	1	ready
m2r_stok_coverday	0	5	25	1	ready
m2r_stok_covermonth	0	5	17	1	ready
m2r_stok_coverweek	0	5	23	1	ready
m2r_stok_opname	0	1	8	0	ready
m2r_umpembelian_card	0	9	19	1	ready
m2r_umpembelian_voucher	0	9	18	1	ready
m2r_umpenjualan_card	0	9	19	1	ready
m2r_umpenjualan_voucher	0	9	18	1	ready
m3_dc	0	9	18	1	ready
m3_dc_check	0	3	8	1	ready
m3_dc_check_history	0	3	10	1	ready
m3_dc_detail	0	3	7	1	ready
m3_dc_detail_history	0	3	9	1	ready
m3_dc_history	0	9	19	1	ready
m3_files	0	2	2	1	ready
m3_notes	0	2	4	0	ready
m3_pa_detail_history	0	3	33	1	ready
m3_pa_history	0	9	14	1	ready
m3_rf	0	9	13	1	ready
m3_rf_detail	0	3	17	1	ready
m3_rf_detail_history	0	3	19	1	ready
m3_rf_history	0	9	14	1	ready
m3_rw	0	10	17	1	ready
m3_rw_history	0	10	18	1	ready
m4_bs	0	8	18	1	ready
m4_bs_history	0	8	19	1	ready
m4_cs	0	11	22	1	ready
m4_cs_detail	0	3	23	1	ready
m4_dnr	0	12	29	1	ready
m4_dnr_detail	0	3	28	1	ready
m4_dnr_detail_history	0	3	30	1	ready
m4_dnr_history	0	12	30	1	ready
m4_files	0	2	2	1	ready
m4_grn_cost	0	3	18	1	ready
m4_grn_cost_history	0	3	20	1	ready
m4_ipc	0	11	25	1	ready
m4_ipc_detail	0	3	25	1	ready
m4_notes	0	2	4	0	ready
m4_po_cost	0	3	18	1	ready
m4_po_cost_history	0	3	20	1	ready
m4_po_trans	0	5	9	1	ready
m4_po_trans_history	0	5	11	1	ready
m4_pp	0	10	20	1	ready
m4_pp_pay	0	1	6	0	ready
m4_pr_trans	0	5	9	1	ready
m4_pr_trans_history	0	5	11	1	ready
m4_ri_cost	0	3	18	1	ready
m4_ri_cost_history	0	3	20	1	ready
m5_cl	0	11	27	1	ready
m5_cl_history	0	11	28	1	ready
m5_files	0	2	2	1	ready
m5_notes	0	2	4	0	ready
m5_rnr	0	13	28	1	ready
m5_rnr_detail	0	3	28	1	ready
m5_rnr_detail_history	0	3	30	1	ready
m5_rnr_history	0	13	29	1	ready
m5_rp	0	10	20	1	ready
m5_rp_history	0	10	21	1	ready
m5_rp_pay	0	1	6	0	ready
m5_rp_pay_history	0	1	8	0	ready
m5_si_installment	0	7	19	1	ready
m5_si_material	0	3	30	1	ready
m5_si_material_history	0	3	32	1	ready
m5_sie_detail_history	0	3	9	1	ready
m5_sie_history	0	8	14	1	ready
m5_spa	0	7	13	1	ready
m5_spa_detail	0	3	12	1	ready
m5_spa_detail_history	0	3	14	1	ready
m5_spa_history	0	7	14	1	ready
m5_sq_out	0	3	26	1	ready
m5_sq_out_bahan	0	3	12	1	ready
m5_sq_out_bahan1	0	3	12	1	ready
m5_sq_shipping	0	3	26	1	ready
m6_files	0	2	2	1	ready
m6_mrn_in	0	3	20	1	ready
m6_mrn_in_history	0	3	22	1	ready
m6_mrs_in	0	3	20	1	ready
m6_mrs_in_history	0	3	22	1	ready
m6_notes	0	2	4	0	ready
m6_wo_activity	0	3	7	1	ready
m6_wo_route_card	0	3	7	1	ready
m7_ab	0	8	18	1	ready
m7_ac	0	2	4	0	ready
m7_ae	0	12	25	1	ready
m7_ae_detail	0	3	18	1	ready
m7_ag	0	8	13	1	ready
m7_ag_detail	0	3	10	1	ready
m7_ao	0	11	24	1	ready
m7_ao_detail	0	3	18	1	ready
m7_aq	0	11	21	1	ready
m7_aq_detail	0	3	17	1	ready
m7_ar	0	11	20	1	ready
m7_ar_detail	0	3	18	1	ready
m7_asl	0	13	22	1	ready
m7_asl_detail	0	3	15	1	ready
m7_asr	0	11	20	1	ready
m7_asr_detail	0	3	16	1	ready
m7_asset_category_history	0	5	9	1	ready
m7_asset_category_tax_history	0	5	12	1	ready
m7_asset_transaction	0	11	32	1	ready
m7_asset_transaction_history	0	11	34	1	ready
m7_at	0	9	20	1	ready
m7_at_detail	0	3	16	1	ready
m7_at_pay	0	1	6	0	ready
m7_dsa	0	11	19	1	ready
m7_dsa_detail	0	3	26	1	ready
m7_dsr	0	10	15	1	ready
m7_dsr_detail	0	3	13	1	ready
m7_files	0	2	2	1	ready
m7_ia	0	3	6	0	ready
m7_ir	0	6	11	1	ready
m7_irt	0	3	7	0	ready
m7_master_asset_category	0	2	5	0	ready
m7_master_asset_department	0	2	2	0	ready
m7_master_asset_disposal	0	2	2	0	ready
m7_notes	0	2	4	0	ready
m7_ra	0	6	13	1	ready
m7_ta	0	8	13	1	ready
m7_ta_detail	0	3	11	1	ready
m7_te	0	8	14	1	ready
m7_te_detail	0	3	10	1	ready
m7_tr	0	9	13	1	ready
m7_tr_detail	0	3	11	1	ready
m7_ua	0	8	13	1	ready
m7_ua_detail	0	3	11	1	ready
m7_ur	0	8	13	1	ready
m7_ur_detail	0	3	11	1	ready
m7_urt	0	8	13	1	ready
m7_urt_detail	0	3	10	1	ready
m9_coa	0	2	16	0	ready
m9_konsolidasi_barang	0	1	4	0	ready
m_10_ab	0	3	4	0	ready
m_10_ad	0	5	6	0	ready
m_10_ad_detail	0	1	4	0	ready
m_10_al	0	3	4	0	ready
m_10_at	0	3	4	0	ready
m_10_at_detail	0	2	4	0	ready
m_10_attendance_status	0	2	3	0	ready
m_10_benefit _and_deduction	0	2	2	0	ready
m_10_cn	0	3	3	0	ready
m_10_crn	0	2	4	0	ready
m_10_crn_detail	0	2	4	1	ready
m_10_department	0	2	2	0	ready
m_10_ea	0	5	5	0	ready
m_10_ed	0	3	9	0	ready
m_10_education	0	2	2	0	ready
m_10_em	0	3	3	0	ready
m_10_employee	0	5	8	0	ready
m_10_employee_category	0	2	2	0	ready
m_10_employee_type	0	2	2	0	ready
m_10_emr	0	3	3	0	ready
m_10_ep	0	3	4	0	ready
m_10_er	0	3	5	0	ready
m_10_erg	0	3	4	0	ready
m_10_erl	0	3	6	0	ready
m_10_err	0	3	7	0	ready
m_10_es	0	5	9	0	ready
m_10_et	0	3	4	0	ready
m_10_ets	0	2	3	0	ready
m_10_ew	0	3	5	0	ready
m_10_grade_and_payroll_level	0	2	2	0	ready
m_10_job_test_type	0	2	2	0	ready
m_10_jp	0	4	9	0	ready
m_10_leave_type	0	2	2	0	ready
m_10_lr	0	5	5	0	ready
m_10_non_taxable_income	0	2	3	0	ready
m_10_ord	0	3	6	0	ready
m_10_pc	0	3	6	0	ready
m_10_pe	0	5	4	0	ready
m_10_position	0	2	2	0	ready
m_10_pp	0	5	13	0	ready
m_10_pp_detail	0	1	6	1	ready
m_10_rem	0	3	3	0	ready
m_10_sc	0	3	3	0	ready
m_10_service_provider	0	2	3	0	ready
m_10_shift	0	2	2	0	ready
m_10_ss	0	5	3	0	ready
m_10_ss_detail	0	1	3	0	ready
m_10_termination_type	0	2	2	0	ready
m_10_tq	0	4	5	0	ready
m_10_wt	0	3	4	0	ready
m_10_wtdetail	0	1	3	1	ready
m_11_ak	0	26	55	1	ready
m_11_ak_detail	0	20	37	1	ready
m_11_ilo	0	3	8	0	ready
m_11_isk	0	3	9	0	ready
m_11_kj	0	26	50	1	ready
m_11_kj_history	0	26	47	1	ready
m_11_km	0	27	51	1	ready
m_11_km_history	0	27	52	1	ready
m_11_kw	0	10	27	1	ready
m_11_kw_detail	0	3	19	1	ready
m_11_kw_pay	0	1	6	0	ready
m_11_lb	0	25	51	1	ready
m_11_lb_detail	0	20	35	1	ready
m_11_lu	0	25	51	1	ready
m_11_lu_detail	0	20	34	1	ready
m_11_lu_detail_history	0	20	37	1	ready
m_11_lu_history	0	25	50	1	ready
m_11_pb	0	9	26	1	ready
m_11_pb_	0	12	21	1	ready
m_11_pb_detail	0	3	17	1	ready
m_11_pb_pay	0	1	6	0	ready
m_11_pt	0	3	10	0	ready
m_11_rk	0	10	21	1	ready
m_11_rk_pay	0	1	6	0	ready
m_11_rm	0	4	24	0	ready
m_11_ro	0	25	50	1	ready
m_11_ro_detail	0	20	37	1	ready
m_11_sk	0	3	6	0	ready
m_11_ud	0	3	10	0	ready
m_12_ai	0	7	13	1	ready
m_12_ai_additional	0	3	12	1	ready
m_12_ai_detail	0	5	12	1	ready
m_12_area	0	5	8	1	ready
m_12_area_category	0	5	8	1	ready
m_12_area_category_history	0	5	9	1	ready
m_12_area_history	0	5	9	1	ready
m_12_bi	0	7	13	1	ready
m_12_bi_bonus	0	3	12	1	ready
m_12_bi_bonus_history	0	3	14	1	ready
m_12_bi_detail	0	5	12	1	ready
m_12_bi_detail_history	0	5	14	1	ready
m_12_bi_history	0	7	14	1	ready
m_12_cpa	0	7	13	1	ready
m_12_cpa_detail	0	3	12	1	ready
m_12_cpa_detail_history	0	3	14	1	ready
m_12_cpa_history	0	7	14	1	ready
m_12_di	0	7	13	1	ready
m_12_di_detail	0	5	13	1	ready
m_12_di_detail_history	0	5	15	1	ready
m_12_di_history	0	7	14	1	ready
m_12_lp	0	9	14	1	ready
m_12_lp_detail	0	3	34	1	ready
m_12_lp_detail_history	0	3	22	1	ready
m_12_lp_history	0	9	14	1	ready
m_12_pos_additional_item	0	5	10	1	ready
m_12_pos_additional_item_detail	0	3	10	1	ready
m_12_pos_bonus_item	0	5	10	1	ready
m_12_pos_bonus_item_detail	0	3	10	1	ready
m_12_pos_bonus_trans	0	5	10	1	ready
m_12_pos_bonus_trans_detail	0	3	10	1	ready
m_12_pos_bonus_trans_special_item	0	3	9	1	ready
m_12_pos_category_history	0	5	9	1	ready
m_12_pos_discount_category_customer	0	5	9	1	ready
m_12_pos_discount_category_item	0	5	9	1	ready
m_12_pos_discount_item	0	5	10	1	ready
m_12_pos_hardware	0	3	17	1	ready
m_12_pos_point_category_item	0	3	9	1	ready
m_12_pos_point_item	0	5	10	1	ready
m_12_pos_point_transaction	0	5	9	1	ready
m_12_pos_special_price	0	5	10	1	ready
m_12_pos_special_price_detail	0	3	10	1	ready
m_12_pos_special_price_special_item	0	3	9	1	ready
m_12_pos_substitution_item	0	5	10	1	ready
m_12_pos_substitution_item_detail	0	3	10	1	ready
m_12_pos_type_history	0	5	9	1	ready
m_12_pos_voucher_in	0	6	8	1	ready
m_12_ppa	0	9	13	1	ready
m_12_ppa_detail	0	3	33	1	ready
m_12_ppa_detail_history	0	3	22	1	ready
m_12_ppa_history	0	9	14	1	ready
m_12_ppv	0	9	26	1	ready
m_12_ppv_detail	0	3	16	1	ready
m_12_ppv_pay	0	1	6	0	ready
m_12_sbi	0	7	13	1	ready
m_12_sbi_detail	0	5	12	1	ready
m_12_sbi_substitution	0	3	12	1	ready
m_12_st	0	7	13	1	ready
m_12_st_detail	0	5	12	1	ready
m_12_st_detail_history	0	5	15	1	ready
m_12_st_history	0	7	14	1	ready
meetingdecisions	0	1	6	1	ready
meetings	0	4	8	1	ready
rk_tmp	0	11	21	1	ready
ro_tmp	0	26	50	1	ready
test	0	4	35	0	ready
m0_versi_db	0	1	0	0	partial
0_barangbaru	4232	0	0	0	not_ready
0_updatehpp	4030	0	2	1	not_ready
0_coabarang	3393	0	0	0	not_ready
m0_sentence_s	3320	0	1	0	not_ready
m0_report_filter	3270	0	7	0	not_ready
m0_sentence_s_copy1	3265	0	1	0	not_ready
m0_report_filter_copy1	3076	0	7	0	not_ready
m0_sentence	3060	0	1	0	not_ready
m0_sentence_stranslate	3034	0	2	0	not_ready
0_hppglobal	2698	0	4	0	not_ready
m0_role_menu	2172	0	2	0	not_ready
0_stokfebruari2018	2153	0	2	0	not_ready
0_stokjanuari2018	2047	0	2	0	not_ready
0_stokmaret2018	1949	0	2	0	not_ready
m0_sentence_stranslate_copy1	1948	0	2	0	not_ready
m0_role_report_s	1860	0	3	0	not_ready
m0_role_menu_s_copy1	1758	0	3	0	not_ready
m0_role_menu_s	1618	0	3	0	not_ready
m0_translate	1370	0	1	0	not_ready
m0_sentence_translate	1359	0	2	0	not_ready
m0_report_lang	1295	0	4	0	not_ready
0_saldoawal	1284	0	2	0	not_ready
m0_role_report	1163	0	3	0	not_ready
m2_realization	1094	0	5	0	not_ready
m2r_hppglobalsk	1077	0	4	0	not_ready
m2r_hppglobalsa	1063	0	4	0	not_ready
m0_setting	1023	0	2	0	not_ready
m0_setting_s	1017	0	2	0	not_ready
m0_menu	843	0	6	0	not_ready
m2r_hppgudangsk_jml	594	0	2	0	not_ready
m2r_hppgudangsa_jml	586	0	2	0	not_ready
m0_menu_s_lang	546	0	2	0	not_ready
0_customer	537	0	1	0	not_ready
m0_menu_lang	423	0	2	0	not_ready
0_so_update	415	0	4	0	not_ready
0_updatebarangjuni	415	0	0	0	not_ready
m0_menu_s_copy1	400	0	4	0	not_ready
0_updatesupplier	387	0	0	0	not_ready
m0_menu_s	338	0	4	0	not_ready
m2r_hppgudangsk	288	0	2	0	not_ready
m2r_hppgudangsa	285	0	2	0	not_ready
m0_setting_lang	269	0	1	0	not_ready
m0_nomor_next	234	0	2	0	not_ready
m0_usergrupmenu	209	0	3	0	not_ready
m1_item_stock_warehouse	194	0	2	0	not_ready
m0_language_detail	165	0	1	0	not_ready
m0_nomor	137	0	2	0	not_ready
m8_content_role	108	0	2	0	not_ready
0_coasupplier_copy	106	0	0	0	not_ready
m0_table_relation	93	0	0	0	not_ready
m1_item_booking_po	86	0	2	0	not_ready
m2r_hppglobalms	86	0	4	0	not_ready
m0_report_temp	78	0	0	0	not_ready
m0_statistic	77	0	2	0	not_ready
m2_realization_project	75	0	5	0	not_ready
0_coasupplier	70	0	0	0	not_ready
m0_search_packet	68	0	0	0	not_ready
0_stokapril2018	52	0	3	0	not_ready
0_coacustomer	51	0	0	0	not_ready
m0_hapusdata	49	0	1	0	not_ready
m1_item_booking	48	0	2	0	not_ready
m0_import_target	44	0	2	0	not_ready
m0_labarugi	42	0	5	0	not_ready
m2_realization_branch	39	0	5	0	not_ready
m2_realization_location	39	0	5	0	not_ready
m2r_hppglobalkl	36	0	4	0	not_ready
m0_permissions_custom	32	0	2	0	not_ready
m0_user_role	30	0	1	0	not_ready
m0_user_role_s	30	0	1	0	not_ready
m2_accounting_period	27	0	1	0	not_ready
m_12_pos_category_setting	26	0	1	0	not_ready
m_12_pos_setting	26	0	2	0	not_ready
userpermissions	26	0	2	0	not_ready
m0_role_custom	24	0	2	0	not_ready
m0_setting_grup	22	0	2	0	not_ready
m0_userlog_category	19	0	1	0	not_ready
m0_validitas_data_category	19	0	0	0	not_ready
m8_content_chart	18	0	0	0	not_ready
m0_barcode_next	17	0	1	0	not_ready
m0_module	15	0	2	0	not_ready
m0_status	15	0	1	0	not_ready
m0_group_rq	14	0	2	0	not_ready
m0_role	13	0	0	0	not_ready
m0_role_s	12	0	0	0	not_ready
languages	11	0	1	0	not_ready
m0_payment_method	10	0	1	0	not_ready
m0_struk	10	0	2	0	not_ready
m0_realization_category	7	0	1	0	not_ready
m2r_stok_gagal_upload	6	0	3	0	not_ready
m0_selling_rate	5	0	1	0	not_ready
m0_status_rq	5	0	1	0	not_ready
m0_status_giro	4	0	1	0	not_ready
rolepermissions	4	0	2	0	not_ready
roles	4	0	1	0	not_ready
m0_global_allowance	3	0	3	0	not_ready
m0_status_progress	3	0	1	0	not_ready
m7_depreciation_category	3	0	1	0	not_ready
meetingagendas	3	0	5	0	not_ready
m0_jenismutasi	2	0	1	0	not_ready
m0_language	2	0	0	0	not_ready
meetingattendees	2	0	5	0	not_ready
userpreferences	2	0	2	0	not_ready
userroles	2	0	3	0	not_ready
businessunits	0	0	2	0	not_ready
contacts	0	0	2	0	not_ready
m0_dummy	0	0	0	0	not_ready
m0_export	0	0	6	0	not_ready
m0_group_aq	0	0	2	0	not_ready
m0_nomor_mobile	0	0	2	0	not_ready
m0_nomor_next_failed	0	0	3	0	not_ready
m0_nomor_tmp	0	0	0	0	not_ready
m0_notifikasi_email	0	0	4	1	not_ready
m0_role_item_category	0	0	0	0	not_ready
m0_setting_location	0	0	2	0	not_ready
m0_user_branch	0	0	1	0	not_ready
m0_user_coa	0	0	1	0	not_ready
m0_user_location	0	0	1	0	not_ready
m0_user_warehouse	0	0	1	0	not_ready
m0_usergrup	0	0	1	0	not_ready
m13_py_detail_bayar	0	0	2	0	not_ready
m14_ang_detail_bayar	0	0	2	0	not_ready
m14_pjm_agunan	0	0	2	0	not_ready
m14_pjm_detail_bayar	0	0	2	0	not_ready
m14_smp_detail_bayar	0	0	2	0	not_ready
m1_cogs_special_in	0	0	7	0	not_ready
m1_cogs_special_out	0	0	5	0	not_ready
m1_contact_expedition	0	0	1	0	not_ready
m1_contact_terms	0	0	1	0	not_ready
m1_contact_tmp	0	0	1	0	not_ready
m1_item_branch_costcenter	0	0	2	0	not_ready
m1_item_picking_list	0	0	2	0	not_ready
m2_realization_cost_center	0	0	5	0	not_ready
m2_realization_division	0	0	5	0	not_ready
m2_realization_subdivision	0	0	5	0	not_ready
m2r_item_stock_out	0	0	4	0	not_ready
m2r_mutasi_stok_rekap	0	0	5	0	not_ready
m2r_stok	0	0	11	0	not_ready
m2r_top_10_best_seller_per_store	0	0	3	0	not_ready
m4_bs_detail	0	0	5	0	not_ready
m4_bs_detail_history	0	0	7	0	not_ready
m5_print	0	0	5	0	not_ready
m7_ab_detail	0	0	5	0	not_ready
m7_ac_detail	0	0	5	0	not_ready
m7_ia_detail	0	0	6	0	not_ready
m7_ir_detail	0	0	6	0	not_ready
m7_irt_detail	0	0	8	0	not_ready
m7_ra_detail	0	0	7	0	not_ready
m9_coa_konsolidasi	0	0	12	0	not_ready
m9_jenis_eliminasi	0	0	0	0	not_ready
m9_konsolidasi_history	0	0	4	0	not_ready
m9_setting_db	0	0	6	0	not_ready
m_10_al_detail	0	0	5	0	not_ready
m_10_benefits_setting	0	0	0	0	not_ready
m_10_ed_detail	0	0	9	0	not_ready
m_10_em_detail	0	0	4	0	not_ready
m_10_emr_detail	0	0	4	0	not_ready
m_10_ets_detail	0	0	4	0	not_ready
m_10_leave_setting	0	0	1	0	not_ready
m_10_pc_detail	0	0	4	0	not_ready
m_10_pe_detail	0	0	4	0	not_ready
m_10_rem_detail	0	0	4	0	not_ready
m_10_sc_detail	0	0	3	0	not_ready
m_11_lb_hasil	0	0	6	0	not_ready
m_12_pos_promo	0	0	1	0	not_ready
m_12_pos_type_class_product	0	0	0	0	not_ready
m_12_pos_type_class_product_history	0	0	1	0	not_ready
m_12_pos_voucher_out	0	0	5	0	not_ready
m_coba	0	0	1	0	not_ready
meetingagendarelevant	0	0	3	0	not_ready
meetingagendatypes	0	0	1	0	not_ready
meetingdecisionrelevant	0	0	3	0	not_ready
meetinglocations	0	0	3	0	not_ready
meetingtypes	0	0	1	0	not_ready
quotes	0	0	1	0	not_ready
temp_barang	0	0	3	0	not_ready
term_hierarchy_backup	0	0	2	0	not_ready
test1	0	0	0	0	not_ready
test2	0	0	0	0	not_ready
test_new	0	0	0	0	not_ready
