m0_msmq	userid	user	m0_user	100	exact
m0_nomor	menuid	menu	m0_menu	100	exact
m0_nomor	moduleid	module	m0_module	100	exact
m0_nomor_mobile	userid	user	m0_user	100	exact
m0_notifikasi_email	menuid	menu	m0_menu	100	exact
m0_notifikasi_email	moduleid	module	m0_module	100	exact
m0_notifikasi_email	userid	user	m0_user	100	exact
m0_user_branch	userid	user	m0_user	100	exact
m0_user_coa	userid	user	m0_user	100	exact
m0_user_location	userid	user	m0_user	100	exact
m0_user_role	userid	user	m0_user	100	exact
m0_user_role_s	userid	user	m0_user	100	exact
m0_user_warehouse	userid	user	m0_user	100	exact
m13_bl_history	blid	bl	m13_bl	100	exact
m13_si_history	siid	si	m13_si	100	exact
m2_aj_history	ajid	aj	m2_aj	100	exact
m2_bd_history	bdid	bd	m2_bd	100	exact
m2_cb_history	cbid	cb	m2_cb	100	exact
m2_cd_history	cdid	cd	m2_cd	100	exact
m2_cr_history	crid	cr	m2_cr	100	exact
m2_gj_history	gjid	gj	m2_gj	100	exact
m2_jm_history	jmid	jm	m2_jm	100	exact
m2_rg_history	rgid	rg	m2_rg	100	exact
m2_rgc_history	rgcid	rgc	m2_rgc	100	exact
m2_rm_history	rmid	rm	m2_rm	100	exact
m2_sg_history	sgid	sg	m2_sg	100	exact
m2_sgc_history	sgcid	sgc	m2_sgc	100	exact
m2_sm_history	smid	sm	m2_sm	100	exact
m3_dc_history	dcid	dc	m3_dc	100	exact
m3_ib_history	ibid	ib	m3_ib	100	exact
m3_mr_history	mrid	mr	m3_mr	100	exact
m3_pa_history	paid	pa	m3_pa	100	exact
m3_rf_history	rfid	rf	m3_rf	100	exact
m3_rs_history	rsid	rs	m3_rs	100	exact
m3_rw_history	rwid	rw	m3_rw	100	exact
m3_sa_history	said	sa	m3_sa	100	exact
m3_sp_history	spid	sp	m3_sp	100	exact
m3_sp_progress	spid	sp	m3_sp	100	exact
m3_ts_history	tsid	ts	m3_ts	100	exact
m4_ap_history	apid	ap	m4_ap	100	exact
m4_bs_history	bsid	bs	m4_bs	100	exact
m4_dnr_history	dnrid	dnr	m4_dnr	100	exact
m4_grn_history	grnid	grn	m4_grn	100	exact
m4_pie_history	pieid	pie	m4_pie	100	exact
m4_po_history	poid	po	m4_po	100	exact
m4_pr_history	prid	pr	m4_pr	100	exact
m4_prt_history	prtid	prt	m4_prt	100	exact
m4_rfq_history	rfqid	rfq	m4_rfq	100	exact
m4_ri_history	riid	ri	m4_ri	100	exact
m4_rq_history	rqid	rq	m4_rq	100	exact
m4_vp_history	vpid	vp	m4_vp	100	exact
m4_vpp_history	vppid	vpp	m4_vpp	100	exact
m5_as_history	asid	as	m5_as	100	exact
m5_cl_history	clid	cl	m5_cl	100	exact
m5_do_history	doid	do	m5_do	100	exact
m5_dr_history	drid	dr	m5_dr	100	exact
m5_ic_history	icid	ic	m5_ic	100	exact
m5_ip_history	ipid	ip	m5_ip	100	exact
m5_pi_history	piid	pi	m5_pi	100	exact
m5_pl_history	plid	pl	m5_pl	100	exact
m5_pv_history	pvid	pv	m5_pv	100	exact
m5_rnr_history	rnrid	rnr	m5_rnr	100	exact
m5_rp_history	rpid	rp	m5_rp	100	exact
m5_si_failed	siid	si	m5_si	100	exact
m5_si_history	siid	si	m5_si	100	exact
m5_sie_history	sieid	sie	m5_sie	100	exact
m5_so_history	soid	so	m5_so	100	exact
m5_spa_history	spaid	spa	m5_spa	100	exact
m5_sq_history	sqid	sq	m5_sq	100	exact
m5_sr_history	srid	sr	m5_sr	100	exact
m6_bom_history	bomid	bom	m6_bom	100	exact
m6_mrn_history	mrnid	mrn	m6_mrn	100	exact
m6_mrs_history	mrsid	mrs	m6_mrs	100	exact
m6_pd_history	pdid	pd	m6_pd	100	exact
m6_pdr_history	pdrid	pdr	m6_pdr	100	exact
m6_wo_history	woid	wo	m6_wo	100	exact
m7_asset_transaction	atid	at	m7_at	100	exact
m7_asset_transaction_history	atid	at	m7_at	100	exact
contacts	UserId	user	users	92	plural_exact
dataauditlog	UserId	user	users	92	plural_exact
m0_msmq	userid	user	users	92	plural_exact
m0_nomor_mobile	userid	user	users	92	plural_exact
m0_notifikasi_email	userid	user	users	92	plural_exact
m0_user	userid	user	users	92	plural_exact
m0_user_branch	userid	user	users	92	plural_exact
m0_user_coa	userid	user	users	92	plural_exact
m0_user_location	userid	user	users	92	plural_exact
m0_user_role	userid	user	users	92	plural_exact
m0_user_role_s	userid	user	users	92	plural_exact
m0_user_warehouse	userid	user	users	92	plural_exact
m2r_barang_dibawah_margin	userid	user	users	92	plural_exact
m2r_barcode	userid	user	users	92	plural_exact
m2r_komisi_abd	userid	user	users	92	plural_exact
m2r_komisi_limo	userid	user	users	92	plural_exact
m2r_laporan_penjualan	userid	user	users	92	plural_exact
m2r_omzet_tagihan	userid	user	users	92	plural_exact
m2r_penjualan	userid	user	users	92	plural_exact
m2r_penjualan_per4bulan	userid	user	users	92	plural_exact
m2r_penjualan_perhari_1	userid	user	users	92	plural_exact
m2r_penjualan_perhari_2	userid	user	users	92	plural_exact
m2r_posisi_keuangan_t	userid	user	users	92	plural_exact
m2r_posisi_keuangan_t_detail	userid	user	users	92	plural_exact
m2r_saldoawal_hutang	userid	user	users	92	plural_exact
m2r_salesman_point	userid	user	users	92	plural_exact
meetingagendarelevant	ContactId	contact	contacts	92	plural_exact
meetingagendas	MeetingId	meeting	meetings	92	plural_exact
meetingattendees	ContactId	contact	contacts	92	plural_exact
meetingattendees	MeetingId	meeting	meetings	92	plural_exact
meetingdecisionrelevant	ContactId	contact	contacts	92	plural_exact
meetingdecisions	MeetingId	meeting	meetings	92	plural_exact
meetings	MeetingTypeId	meetingtype	meetingtypes	92	plural_exact
rolepermissions	RoleId	role	roles	92	plural_exact
userpermissions	UserId	user	users	92	plural_exact
userpreferences	UserId	user	users	92	plural_exact
userroles	RoleId	role	roles	92	plural_exact
userroles	UserId	user	users	92	plural_exact
m0_config	cid	c	m0_statistic	87	suffix_match
m0_dashboardmail	did	d	m0_nomor_next_failed	87	suffix_match
m0_dashboardmail	did	d	m0_payment_method	87	suffix_match
m0_export	eid	e	m0_global_allowance	87	suffix_match
m0_export	eid	e	m0_hppaverage	87	suffix_match
m0_export	eid	e	m0_language	87	suffix_match
m0_module	mid	m	m0_permissions_custom	87	suffix_match
m0_module	mid	m	m0_role_custom	87	suffix_match
m0_nomor	menuid	menu	m0_role_menu	87	suffix_match
m0_nomor	menuid	menu	m0_usergrupmenu	87	suffix_match
m0_notifikasi_email	menuid	menu	m0_role_menu	87	suffix_match
m0_notifikasi_email	menuid	menu	m0_usergrupmenu	87	suffix_match
m0_report	rid	r	m0_nomor	87	suffix_match
m0_report	rid	r	m0_report_filter	87	suffix_match
m0_report	rid	r	m0_user	87	suffix_match
m0_report_copy	rid	r	m0_nomor	87	suffix_match
m0_report_copy	rid	r	m0_report_filter	87	suffix_match
m0_report_copy	rid	r	m0_user	87	suffix_match
m0_sentence	sid	s	m0_menu_s	87	suffix_match
m0_sentence	sid	s	m0_msmq_cogs	87	suffix_match
m0_sentence	sid	s	m0_role_menu_s	87	suffix_match
m0_sentence_s	sid	s	m0_menu_s	87	suffix_match
m0_sentence_s	sid	s	m0_msmq_cogs	87	suffix_match
m0_sentence_s	sid	s	m0_role_menu_s	87	suffix_match
m0_sentence_s_copy1	sid	s	m0_menu_s	87	suffix_match
m0_sentence_s_copy1	sid	s	m0_msmq_cogs	87	suffix_match
m0_sentence_s_copy1	sid	s	m0_role_menu_s	87	suffix_match
m0_si	siid	si	m0_jenismutasi	87	suffix_match
m0_statistic	sid	s	m0_menu_s	87	suffix_match
m0_statistic	sid	s	m0_msmq_cogs	87	suffix_match
m0_statistic	sid	s	m0_role_menu_s	87	suffix_match
m1_coa	cid	c	m1_item_c	87	suffix_match
m1_coa_copy1	cid	c	m1_item_c	87	suffix_match
m1_coa_history	cid	c	m1_item_c	87	suffix_match
m1_colleague	cid	c	m1_item_c	87	suffix_match
m1_contact	kid	k	m1_bank	87	suffix_match
m1_contact	kid	k	m1_merk	87	suffix_match
m1_contact_attention	kaid	a	m1_area	87	suffix_match
m1_contact_attention	kaid	a	m1_coa	87	suffix_match
m1_contact_attention	kaid	a	m1_type_sa	87	suffix_match
m1_contact_attention_history	kaid	a	m1_area	87	suffix_match
m1_contact_attention_history	kaid	a	m1_coa	87	suffix_match
m1_contact_attention_history	kaid	a	m1_type_sa	87	suffix_match
m1_contact_copy	kid	k	m1_bank	87	suffix_match
m1_contact_copy	kid	k	m1_merk	87	suffix_match
m1_contact_history	kid	k	m1_bank	87	suffix_match
m1_contact_history	kid	k	m1_merk	87	suffix_match
m1_contact_tmp	kid	k	m1_bank	87	suffix_match
m1_contact_tmp	kid	k	m1_merk	87	suffix_match
m1_item_location	ilid	il	m1_commission_detail	87	suffix_match
m1_item_location	ilid	il	m1_price_category_detail	87	suffix_match
m1_item_location	ilid	il	m1_production_activity_detail	87	suffix_match
m1_item_location_history	ilid	il	m1_commission_detail	87	suffix_match
m1_item_location_history	ilid	il	m1_price_category_detail	87	suffix_match
m1_item_location_history	ilid	il	m1_production_activity_detail	87	suffix_match
m1_notes	nid	n	m1_cogs_fifo_in	87	suffix_match
m1_notes	nid	n	m1_cogs_special_in	87	suffix_match
m1_notes	nid	n	m1_commission	87	suffix_match
m1_patient	pid	p	m1_contact_tmp	87	suffix_match
m1_reference	rid	r	m1_color	87	suffix_match
m1_reference	rid	r	m1_cost_center	87	suffix_match
m1_reference	rid	r	m1_designer	87	suffix_match
m2_notes	nid	n	m2_realization	87	suffix_match
m2_notes	nid	n	m2_realization_division	87	suffix_match
m2_notes	nid	n	m2_realization_location	87	suffix_match
m2_pengajuan_dana	tid	t	m2_giro_list	87	suffix_match
m2_pengajuan_dana	tid	t	m2_print	87	suffix_match
m2_pengajuan_dana	tid	t	m2_realization_project	87	suffix_match
m2_template	tid	t	m2_giro_list	87	suffix_match
m2_template	tid	t	m2_print	87	suffix_match
m2_template	tid	t	m2_realization_project	87	suffix_match
m2_transaction_journal	tid	t	m2_giro_list	87	suffix_match
m2_transaction_journal	tid	t	m2_print	87	suffix_match
m2_transaction_journal	tid	t	m2_realization_project	87	suffix_match
m2_transaction_journal_history	tid	t	m2_giro_list	87	suffix_match
m2_transaction_journal_history	tid	t	m2_print	87	suffix_match
m2_transaction_journal_history	tid	t	m2_realization_project	87	suffix_match
m2r_analisa_penyusutan	aid	a	m2r_hppglobalsa	87	suffix_match
m2r_analisa_penyusutan	aid	a	m2r_hppgudangsa	87	suffix_match
m2r_analisa_penyusutan	aid	a	m2r_perincian_biaya	87	suffix_match
m2r_ap_card	apid	ap	m2r_mutasi_stok_rekap	87	suffix_match
m2r_ap_card_detail	apid	ap	m2r_mutasi_stok_rekap	87	suffix_match
m2r_ap_voucher	apid	ap	m2r_mutasi_stok_rekap	87	suffix_match
m2r_ap_voucher_aging	apid	ap	m2r_mutasi_stok_rekap	87	suffix_match
m2r_ap_voucher_aging_detail	apid	ap	m2r_mutasi_stok_rekap	87	suffix_match
m2r_ap_voucher_detail	apid	ap	m2r_mutasi_stok_rekap	87	suffix_match
m2r_appostage_card	apid	ap	m2r_mutasi_stok_rekap	87	suffix_match
m2r_appostage_voucher	apid	ap	m2r_mutasi_stok_rekap	87	suffix_match
m2r_general_ledger	glid	gl	m2r_penjualan_barang_pertgl	87	suffix_match
m2r_inventory_aging	ksid	s	m2r_aruskas	87	suffix_match
m2r_inventory_aging	ksid	s	m2r_hppglobalms	87	suffix_match
m2r_kartu_stok	ksid	s	m2r_aruskas	87	suffix_match
m2r_kartu_stok	ksid	s	m2r_hppglobalms	87	suffix_match
m2r_laporan_penjualan	kid	k	m2r_hppglobalsk	87	suffix_match
m2r_laporan_penjualan	kid	k	m2r_hppgudangsk	87	suffix_match
m2r_laporan_penjualan	kid	k	m2r_kartu_stok	87	suffix_match
m2r_laporan_penjualan	siid	si	m2r_bb_divisi	87	suffix_match
m2r_laporan_penjualan	siid	si	m2r_hpp_produksi	87	suffix_match
m2r_laporan_penjualan	siid	si	m2r_neraca_mutasi	87	suffix_match
m2r_mutasi_stok	msid	ms	m2r_hppglobalms	87	suffix_match
m2r_mutasi_stok_detail	msid	ms	m2r_hppglobalms	87	suffix_match
m2r_mutasi_stok_sumber	msid	ms	m2r_hppglobalms	87	suffix_match
m2r_penjualan_barang_pertgl	kid	k	m2r_hppglobalsk	87	suffix_match
m2r_penjualan_barang_pertgl	kid	k	m2r_hppgudangsk	87	suffix_match
m2r_penjualan_barang_pertgl	kid	k	m2r_kartu_stok	87	suffix_match
m2r_penjualan_barang_pertgl	siid	si	m2r_bb_divisi	87	suffix_match
m2r_penjualan_barang_pertgl	siid	si	m2r_hpp_produksi	87	suffix_match
m2r_penjualan_barang_pertgl	siid	si	m2r_neraca_mutasi	87	suffix_match
m2r_penjualan_perhari_1	siid	si	m2r_bb_divisi	87	suffix_match
m2r_penjualan_perhari_1	siid	si	m2r_hpp_produksi	87	suffix_match
m2r_penjualan_perhari_1	siid	si	m2r_neraca_mutasi	87	suffix_match
m2r_penjualan_perhari_2	siid	si	m2r_bb_divisi	87	suffix_match
m2r_penjualan_perhari_2	siid	si	m2r_hpp_produksi	87	suffix_match
m2r_penjualan_perhari_2	siid	si	m2r_neraca_mutasi	87	suffix_match
m2r_umpembelian_card	apid	ap	m2r_mutasi_stok_rekap	87	suffix_match
m2r_umpembelian_voucher	apid	ap	m2r_mutasi_stok_rekap	87	suffix_match
m4_notes	nid	n	m4_grn	87	suffix_match
m4_pp	ppid	pp	m4_vpp	87	suffix_match
m5_notes	nid	n	m5_sq_out_bahan	87	suffix_match
m6_bom	bomid	bom	m6_pd_bom	87	suffix_match
m6_bom_history	bomid	bom	m6_pd_bom	87	suffix_match
m6_notes	nid	n	m6_bom_in	87	suffix_match
m6_notes	nid	n	m6_itembom_in	87	suffix_match
m6_notes	nid	n	m6_mrn	87	suffix_match
m7_asset	aid	a	m7_da	87	suffix_match
m7_asset	aid	a	m7_dsa	87	suffix_match
m7_asset	aid	a	m7_ia	87	suffix_match
m7_asset_history	aid	a	m7_da	87	suffix_match
m7_asset_history	aid	a	m7_dsa	87	suffix_match
m7_asset_history	aid	a	m7_ia	87	suffix_match
m7_notes	nid	n	m7_asset_transaction	87	suffix_match
m9_konsolidasi_barang	kbid	b	m9_setting_db	87	suffix_match
m_10_al	alid	al	m_12_ai_additional	87	suffix_match
m_10_attendance_status	skid	sk	m_11_isk	87	suffix_match
m_10_attendance_status	skid	sk	m_11_sk	87	suffix_match
m_10_em	emid	em	m_10_rem	87	suffix_match
m_10_em	emid	em	m_12_pos_additional_item	87	suffix_match
m_10_em	emid	em	m_12_pos_bonus_item	87	suffix_match
m_10_employee	kid	k	m_11_ak	87	suffix_match
m_10_employee	kid	k	m_11_isk	87	suffix_match
m_10_employee	kid	k	m_11_rk	87	suffix_match
m_10_er	erid	er	m_10_service_provider	87	suffix_match
m_10_er	erid	er	m_12_pos_discount_category_customer	87	suffix_match
m_10_pe	peid	pe	m_10_employee_type	87	suffix_match
m_10_pe	peid	pe	m_10_job_test_type	87	suffix_match
m_10_pe	peid	pe	m_10_leave_type	87	suffix_match
m_11_kj_history	kjid	j	m_11_kj	87	suffix_match
m_11_km	kmid	m	m_10_em	87	suffix_match
m_11_km	kmid	m	m_10_rem	87	suffix_match
m_11_km	kmid	m	m_11_rm	87	suffix_match
m_11_km_history	kmid	m	m_10_em	87	suffix_match
m_11_km_history	kmid	m	m_10_rem	87	suffix_match
m_11_km_history	kmid	m	m_11_km	87	suffix_match
m_11_kw	kwid	w	m_10_ew	87	suffix_match
m_11_lu_history	luid	lu	m_11_lu	87	suffix_match
m_11_pb	pvid	pv	m_12_ppv	87	suffix_match
m_11_pb_	pbid	pb	m_11_pb	87	suffix_match
m_11_sk	skid	sk	m_11_isk	87	suffix_match
m_12_bi	biid	bi	m_12_sbi	87	suffix_match
m_12_bi_history	biid	bi	m_12_bi	87	suffix_match
m_12_bi_history	biid	bi	m_12_sbi	87	suffix_match
m_12_cpa_history	cpaid	cpa	m_12_cpa	87	suffix_match
m_12_di_history	diid	di	m_12_di	87	suffix_match
m_12_lp_history	paid	pa	m_12_cpa	87	suffix_match
m_12_lp_history	paid	pa	m_12_ppa	87	suffix_match
m_12_pos_additional_item	aiid	ai	m_12_ai	87	suffix_match
m_12_pos_bonus_item	biid	bi	m_12_bi	87	suffix_match
m_12_pos_bonus_item	biid	bi	m_12_sbi	87	suffix_match
m_12_pos_bonus_trans	biid	bi	m_12_bi	87	suffix_match
m_12_pos_bonus_trans	biid	bi	m_12_sbi	87	suffix_match
m_12_pos_special_price	biid	bi	m_12_bi	87	suffix_match
m_12_pos_special_price	biid	bi	m_12_sbi	87	suffix_match
m_12_ppa_history	paid	pa	m_12_cpa	87	suffix_match
m_12_ppa_history	paid	pa	m_12_ppa	87	suffix_match
m_12_st_history	diid	di	m_12_di	87	suffix_match
m1_icd	iid	i	m1_diagnosis	85	suffix_match
m1_icd_history	iid	i	m1_diagnosis	85	suffix_match
m1_insurer	iid	i	m1_diagnosis	85	suffix_match
m4_notes	nid	n	m4_po_trans	85	suffix_match
m4_notes	nid	n	m4_pr_trans	85	suffix_match
m7_te	teid	te	m7_notes	85	suffix_match
m_10_et	etid	et	m_10_ets	85	suffix_match
ak_tmp	akid	ak	m_11_ak	82	suffix_match
businessunits	UnitId	unit	m1_unit	82	suffix_match
contacts	ContactId	contact	m1_contact	82	suffix_match
contacts	UserId	user	m0_user	82	suffix_match
dataauditlog	LogId	log	m0_hitungulang_log	82	suffix_match
dataauditlog	LogId	log	m0_userlog	82	suffix_match
dataauditlog	LogId	log	m1_item_stock_warehouse_log	82	suffix_match
dataauditlog	UserId	user	m0_user	82	suffix_match
languages	LanguageId	language	m0_language	82	suffix_match
lb_tmp	lbid	lb	m_11_lb	82	suffix_match
lu_tmp	luid	lu	m_11_lu	82	suffix_match
m0_config	cid	c	m1_item_c	82	suffix_match
m0_config	cid	c	m2_rgc	82	suffix_match
m0_dashboardmail	did	d	m1_bed	82	suffix_match
m0_language_detail	ldid	ld	m1_no_batch_in_old	82	suffix_match
m0_language_detail	ldid	ld	m1_no_serial_in_old	82	suffix_match
m0_module	mid	m	m13_study_program	82	suffix_match
m0_permissions_custom	pcid	pc	m4_ipc	82	suffix_match
m0_permissions_custom	pcid	pc	m_10_pc	82	suffix_match
m0_report_filter	fid	f	m3_rf	82	suffix_match
m0_report_filter_copy1	fid	f	m3_rf	82	suffix_match
m0_role_menu_s	rmid	rm	m1_trm	82	suffix_match
m0_role_menu_s	rmid	rm	m2_rm	82	suffix_match
m0_role_menu_s	rmid	rm	m_11_rm	82	suffix_match
m0_role_menu_s_copy1	rmid	rm	m1_trm	82	suffix_match
m0_role_menu_s_copy1	rmid	rm	m2_rm	82	suffix_match
m0_role_menu_s_copy1	rmid	rm	m_11_rm	82	suffix_match
m0_sentence_stranslate	stid	st	m1_item_picking_list	82	suffix_match
m0_sentence_stranslate	stid	st	m1_labour_cost	82	suffix_match
m0_sentence_stranslate	stid	st	m1_other_cost	82	suffix_match
m0_sentence_stranslate_copy1	stid	st	m1_item_picking_list	82	suffix_match
m0_sentence_stranslate_copy1	stid	st	m1_labour_cost	82	suffix_match
m0_sentence_stranslate_copy1	stid	st	m1_other_cost	82	suffix_match
m0_sentence_translate	stid	st	m1_item_picking_list	82	suffix_match
m0_sentence_translate	stid	st	m1_labour_cost	82	suffix_match
m0_sentence_translate	stid	st	m1_other_cost	82	suffix_match
m0_si	siid	si	m13_si	82	suffix_match
m0_si	siid	si	m2r_bb_divisi	82	suffix_match
m13_py	pyid	py	0_coasupplier_copy	82	suffix_match
m13_py	pyid	py	m0_report_copy	82	suffix_match
m13_py	pyid	py	m0_userlogin_copy	82	suffix_match
m13_si	siid	si	m0_jenismutasi	82	suffix_match
m13_si	siid	si	m0_si	82	suffix_match
m13_si	siid	si	m2r_bb_divisi	82	suffix_match
m13_si_history	siid	si	m0_jenismutasi	82	suffix_match
m13_si_history	siid	si	m0_si	82	suffix_match
m13_student_category	scid	sc	m_10_sc	82	suffix_match
m13_student_category_history	scid	sc	m_10_sc	82	suffix_match
m14_ang	angid	ang	0_coabarang	82	suffix_match
m14_ang	angid	ang	m0_menu_lang	82	suffix_match
m14_ang	angid	ang	m0_menu_s_lang	82	suffix_match
m1_coa	cid	c	m0_statistic	82	suffix_match
m1_coa	cid	c	m2_rgc	82	suffix_match
m1_coa_copy1	cid	c	m0_statistic	82	suffix_match
m1_coa_copy1	cid	c	m2_rgc	82	suffix_match
m1_coa_history	cid	c	m0_statistic	82	suffix_match
m1_coa_history	cid	c	m2_rgc	82	suffix_match
m1_colleague	cid	c	m0_statistic	82	suffix_match
m1_colleague	cid	c	m2_rgc	82	suffix_match
m1_contact	kid	k	m0_struk	82	suffix_match
m1_contact_copy	kid	k	m0_struk	82	suffix_match
m1_contact_history	kid	k	m0_struk	82	suffix_match
m1_contact_tmp	kid	k	m0_struk	82	suffix_match
m1_icd	iid	i	0_updatebarangjuni	82	suffix_match
m1_icd	iid	i	m0_jenismutasi	82	suffix_match
m1_icd_history	iid	i	0_updatebarangjuni	82	suffix_match
m1_icd_history	iid	i	m0_jenismutasi	82	suffix_match
m1_insurer	iid	i	0_updatebarangjuni	82	suffix_match
m1_insurer	iid	i	m0_jenismutasi	82	suffix_match
m1_item	bid	b	m0_versi_db	82	suffix_match
m1_item	bid	b	m2_cb	82	suffix_match
m1_item	bid	b	m3_ib	82	suffix_match
m1_item2	bid	b	m0_versi_db	82	suffix_match
m1_item2	bid	b	m2_cb	82	suffix_match
m1_item2	bid	b	m3_ib	82	suffix_match
m1_item_c	bid	b	m0_versi_db	82	suffix_match
m1_item_c	bid	b	m2_cb	82	suffix_match
m1_item_c	bid	b	m3_ib	82	suffix_match
m1_item_copy1	bid	b	m0_versi_db	82	suffix_match
m1_item_copy1	bid	b	m2_cb	82	suffix_match
m1_item_copy1	bid	b	m3_ib	82	suffix_match
m1_item_copy2	bid	b	m0_versi_db	82	suffix_match
m1_item_copy2	bid	b	m2_cb	82	suffix_match
m1_item_copy2	bid	b	m3_ib	82	suffix_match
m1_item_flex	bid	b	m0_versi_db	82	suffix_match
m1_item_flex	bid	b	m2_cb	82	suffix_match
m1_item_flex	bid	b	m3_ib	82	suffix_match
m1_item_hauling	bid	b	m0_versi_db	82	suffix_match
m1_item_hauling	bid	b	m2_cb	82	suffix_match
m1_item_hauling	bid	b	m3_ib	82	suffix_match
m1_item_hauling_history	bid	b	m0_versi_db	82	suffix_match
m1_item_hauling_history	bid	b	m2_cb	82	suffix_match
m1_item_hauling_history	bid	b	m3_ib	82	suffix_match
m1_item_history	bid	b	m0_versi_db	82	suffix_match
m1_item_history	bid	b	m2_cb	82	suffix_match
m1_item_history	bid	b	m3_ib	82	suffix_match
m1_lab_result	lrid	lr	m_10_lr	82	suffix_match
m1_patient	pid	p	0_ap	82	suffix_match
m1_patient	pid	p	0_updatehpp	82	suffix_match
m1_production_activity	paid	pa	m3_pa	82	suffix_match
m1_production_activity	paid	pa	m5_spa	82	suffix_match
m1_production_activity	paid	pa	m_12_cpa	82	suffix_match
m1_production_activity_history	paid	pa	m3_pa	82	suffix_match
m1_production_activity_history	paid	pa	m5_spa	82	suffix_match
m1_production_activity_history	paid	pa	m_12_cpa	82	suffix_match
m1_production_route	prid	pr	m4_pr	82	suffix_match
m1_selling_point	spid	sp	m3_sp	82	suffix_match
m1_selling_point_history	spid	sp	m3_sp	82	suffix_match
m2_bd	bdid	bd	m2r_komisi_abd	82	suffix_match
m2_bd_history	bdid	bd	m2r_komisi_abd	82	suffix_match
m2_cd	cdid	cd	m1_icd	82	suffix_match
m2_cd_history	cdid	cd	m1_icd	82	suffix_match
m2_jm	jmid	jm	m14_pjm	82	suffix_match
m2_jm_history	jmid	jm	m14_pjm	82	suffix_match
m2_rg	rgid	rg	m_10_erg	82	suffix_match
m2_rg_history	rgid	rg	m_10_erg	82	suffix_match
m2_rm	rmid	rm	m1_trm	82	suffix_match
m2_rm	rmid	rm	m_11_rm	82	suffix_match
m2_rm_history	rmid	rm	m1_trm	82	suffix_match
m2_rm_history	rmid	rm	m_11_rm	82	suffix_match
m2r_ap_card	apid	ap	0_ap	82	suffix_match
m2r_ap_card	apid	ap	m4_ap	82	suffix_match
m2r_ap_card_detail	apid	ap	0_ap	82	suffix_match
m2r_ap_card_detail	apid	ap	m4_ap	82	suffix_match
m2r_ap_voucher	apid	ap	0_ap	82	suffix_match
m2r_ap_voucher	apid	ap	m4_ap	82	suffix_match
m2r_ap_voucher_aging	apid	ap	0_ap	82	suffix_match
m2r_ap_voucher_aging	apid	ap	m4_ap	82	suffix_match
m2r_ap_voucher_aging_detail	apid	ap	0_ap	82	suffix_match
m2r_ap_voucher_aging_detail	apid	ap	m4_ap	82	suffix_match
m2r_ap_voucher_detail	apid	ap	0_ap	82	suffix_match
m2r_ap_voucher_detail	apid	ap	m4_ap	82	suffix_match
m2r_appostage_card	apid	ap	0_ap	82	suffix_match
m2r_appostage_card	apid	ap	m4_ap	82	suffix_match
m2r_appostage_voucher	apid	ap	0_ap	82	suffix_match
m2r_appostage_voucher	apid	ap	m4_ap	82	suffix_match
m2r_ar_card	arid	ar	0_ar	82	suffix_match
m2r_ar_card	arid	ar	m13_py_detail_bayar	82	suffix_match
m2r_ar_card	arid	ar	m13_school_year	82	suffix_match
m2r_ar_card_detail	arid	ar	0_ar	82	suffix_match
m2r_ar_card_detail	arid	ar	m13_py_detail_bayar	82	suffix_match
m2r_ar_card_detail	arid	ar	m13_school_year	82	suffix_match
m2r_ar_voucher	arid	ar	0_ar	82	suffix_match
m2r_ar_voucher	arid	ar	m13_py_detail_bayar	82	suffix_match
m2r_ar_voucher	arid	ar	m13_school_year	82	suffix_match
m2r_ar_voucher_aging	arid	ar	0_ar	82	suffix_match
m2r_ar_voucher_aging	arid	ar	m13_py_detail_bayar	82	suffix_match
m2r_ar_voucher_aging	arid	ar	m13_school_year	82	suffix_match
m2r_ar_voucher_aging_detail	arid	ar	0_ar	82	suffix_match
m2r_ar_voucher_aging_detail	arid	ar	m13_py_detail_bayar	82	suffix_match
m2r_ar_voucher_aging_detail	arid	ar	m13_school_year	82	suffix_match
m2r_ar_voucher_detail	arid	ar	0_ar	82	suffix_match
m2r_ar_voucher_detail	arid	ar	m13_py_detail_bayar	82	suffix_match
m2r_ar_voucher_detail	arid	ar	m13_school_year	82	suffix_match
m2r_arpostage_card	arid	ar	0_ar	82	suffix_match
m2r_arpostage_card	arid	ar	m13_py_detail_bayar	82	suffix_match
m2r_arpostage_card	arid	ar	m13_school_year	82	suffix_match
m2r_arpostage_voucher	arid	ar	0_ar	82	suffix_match
m2r_arpostage_voucher	arid	ar	m13_py_detail_bayar	82	suffix_match
m2r_arpostage_voucher	arid	ar	m13_school_year	82	suffix_match
m2r_barang_dibawah_margin	userid	user	m0_user	82	suffix_match
m2r_barcode	userid	user	m0_user	82	suffix_match
m2r_inventory_aging	ksid	s	businessunits	82	suffix_match
m2r_ip_card	arid	ar	0_ar	82	suffix_match
m2r_ip_card	arid	ar	m13_py_detail_bayar	82	suffix_match
m2r_ip_card	arid	ar	m13_school_year	82	suffix_match
m2r_ip_list	ipid	ip	m5_ip	82	suffix_match
m2r_ip_list	pvid	pv	m5_pv	82	suffix_match
m2r_ip_list	pvid	pv	m_12_ppv	82	suffix_match
m2r_ip_voucher	arid	ar	0_ar	82	suffix_match
m2r_ip_voucher	arid	ar	m13_py_detail_bayar	82	suffix_match
m2r_ip_voucher	arid	ar	m13_school_year	82	suffix_match
m2r_kartu_stok	ksid	s	businessunits	82	suffix_match
m2r_komisi_abd	userid	user	m0_user	82	suffix_match
m2r_komisi_limo	userid	user	m0_user	82	suffix_match
m2r_laporan_penjualan	userid	user	m0_user	82	suffix_match
m2r_mutasi_stok	msid	ms	m1_contact_terms	82	suffix_match
m2r_mutasi_stok	msid	ms	m1_terms	82	suffix_match
m2r_mutasi_stok_detail	msid	ms	m1_contact_terms	82	suffix_match
m2r_mutasi_stok_detail	msid	ms	m1_terms	82	suffix_match
m2r_mutasi_stok_sumber	msid	ms	m1_contact_terms	82	suffix_match
m2r_mutasi_stok_sumber	msid	ms	m1_terms	82	suffix_match
m2r_omzet_tagihan	userid	user	m0_user	82	suffix_match
m2r_penjualan	userid	user	m0_user	82	suffix_match
m2r_penjualan_per4bulan	userid	user	m0_user	82	suffix_match
m2r_penjualan_perhari_1	userid	user	m0_user	82	suffix_match
m2r_penjualan_perhari_2	userid	user	m0_user	82	suffix_match
m2r_persediaan_detail	pdid	pd	m6_pd	82	suffix_match
m2r_posisi_keuangan_t	userid	user	m0_user	82	suffix_match
m2r_posisi_keuangan_t_detail	userid	user	m0_user	82	suffix_match
m2r_saldoawal_hutang	userid	user	m0_user	82	suffix_match
m2r_salesman_point	userid	user	m0_user	82	suffix_match
m2r_umpembelian_card	apid	ap	0_ap	82	suffix_match
m2r_umpembelian_card	apid	ap	m4_ap	82	suffix_match
m2r_umpembelian_voucher	apid	ap	0_ap	82	suffix_match
m2r_umpembelian_voucher	apid	ap	m4_ap	82	suffix_match
m2r_umpenjualan_card	arid	ar	0_ar	82	suffix_match
m2r_umpenjualan_card	arid	ar	m13_py_detail_bayar	82	suffix_match
m2r_umpenjualan_card	arid	ar	m13_school_year	82	suffix_match
m2r_umpenjualan_voucher	arid	ar	0_ar	82	suffix_match
m2r_umpenjualan_voucher	arid	ar	m13_py_detail_bayar	82	suffix_match
m2r_umpenjualan_voucher	arid	ar	m13_school_year	82	suffix_match
m3_mr	mrid	mr	m_10_emr	82	suffix_match
m3_mr_history	mrid	mr	m_10_emr	82	suffix_match
m3_notes	nid	n	m0_setting_location	82	suffix_match
m3_notes	nid	n	m0_table_relation	82	suffix_match
m3_notes	nid	n	m0_user_location	82	suffix_match
m3_pa	paid	pa	m5_spa	82	suffix_match
m3_pa	paid	pa	m_12_cpa	82	suffix_match
m3_pa	paid	pa	m_12_ppa	82	suffix_match
m3_pa_history	paid	pa	m5_spa	82	suffix_match
m3_pa_history	paid	pa	m_12_cpa	82	suffix_match
m3_rs	rsid	rs	m6_mrs	82	suffix_match
m3_rs	rsid	rs	users	82	suffix_match
m3_rs_history	rsid	rs	m6_mrs	82	suffix_match
m3_rs_history	rsid	rs	users	82	suffix_match
m3_sa	said	sa	m1_type_sa	82	suffix_match
m3_sa	said	sa	m2r_hppglobalsa	82	suffix_match
m3_sa	said	sa	m2r_hppgudangsa	82	suffix_match
m3_sa_history	said	sa	m1_type_sa	82	suffix_match
m3_sa_history	said	sa	m2r_hppglobalsa	82	suffix_match
m3_ts	tsid	ts	businessunits	82	suffix_match
m3_ts	tsid	ts	contacts	82	suffix_match
m3_ts	tsid	ts	m_10_ets	82	suffix_match
m3_ts_history	tsid	ts	businessunits	82	suffix_match
m3_ts_history	tsid	ts	contacts	82	suffix_match
m4_ap	apid	ap	0_ap	82	suffix_match
m4_ap	apid	ap	m2r_mutasi_stok_rekap	82	suffix_match
m4_ap_history	apid	ap	0_ap	82	suffix_match
m4_ap_history	apid	ap	m2r_mutasi_stok_rekap	82	suffix_match
m4_po	poid	po	0_po	82	suffix_match
m4_po	poid	po	m1_item_booking_po	82	suffix_match
m4_po_history	poid	po	0_po	82	suffix_match
m4_po_history	poid	po	m1_item_booking_po	82	suffix_match
m4_pp	ppid	pp	0_updatehpp	82	suffix_match
m4_pp	ppid	pp	m0_app	82	suffix_match
m4_ri	riid	ri	m2r_lr_per_hari	82	suffix_match
m4_ri_history	riid	ri	m2r_lr_per_hari	82	suffix_match
m4_rq	rqid	rq	m0_group_rq	82	suffix_match
m4_rq	rqid	rq	m0_status_rq	82	suffix_match
m4_rq_history	rqid	rq	m0_group_rq	82	suffix_match
m4_rq_history	rqid	rq	m0_status_rq	82	suffix_match
m5_as	asid	as	m2r_aruskas	82	suffix_match
m5_as	asid	as	meetingagendas	82	suffix_match
m5_as_history	asid	as	m2r_aruskas	82	suffix_match
m5_as_history	asid	as	meetingagendas	82	suffix_match
m5_do	doid	do	m0_hppsaldo	82	suffix_match
m5_do_history	doid	do	m0_hppsaldo	82	suffix_match
m5_dr	drid	dr	m6_pdr	82	suffix_match
m5_dr_history	drid	dr	m6_pdr	82	suffix_match
m5_ic	icid	ic	m0_statistic	82	suffix_match
m5_ic_history	icid	ic	m0_statistic	82	suffix_match
m5_notes	nid	n	m0_setting_location	82	suffix_match
m5_notes	nid	n	m0_table_relation	82	suffix_match
m5_pv	pvid	pv	m_12_ppv	82	suffix_match
m5_pv_history	pvid	pv	m_12_ppv	82	suffix_match
m5_si	siid	si	m0_jenismutasi	82	suffix_match
m5_si	siid	si	m0_si	82	suffix_match
m5_si	siid	si	m13_si	82	suffix_match
m5_si_failed	siid	si	m0_jenismutasi	82	suffix_match
m5_si_failed	siid	si	m0_si	82	suffix_match
m5_si_history	siid	si	m0_jenismutasi	82	suffix_match
m5_si_history	siid	si	m0_si	82	suffix_match
m5_so	soid	so	0_so	82	suffix_match
m5_so_history	soid	so	0_so	82	suffix_match
m5_sr	srid	sr	m7_asr	82	suffix_match
m5_sr	srid	sr	m7_dsr	82	suffix_match
m5_sr_history	srid	sr	m7_asr	82	suffix_match
m5_sr_history	srid	sr	m7_dsr	82	suffix_match
m7_ab	abid	ab	m_10_ab	82	suffix_match
m7_aq	aqid	aq	m0_group_aq	82	suffix_match
m7_ar	arid	ar	0_ar	82	suffix_match
m7_ar	arid	ar	m13_py_detail_bayar	82	suffix_match
m7_ar	arid	ar	m13_school_year	82	suffix_match
m7_asset_transaction	atid	at	m_10_at	82	suffix_match
m7_asset_transaction_history	atid	at	m_10_at	82	suffix_match
m7_at	atid	at	m_10_at	82	suffix_match
m7_notes	nid	n	m0_setting_location	82	suffix_match
m7_notes	nid	n	m0_table_relation	82	suffix_match
m7_ta	taid	ta	m0_hapusdata	82	suffix_match
m7_ta	taid	ta	m0_msmq_importdata	82	suffix_match
m7_ta	taid	ta	m0_validitas_data	82	suffix_match
m7_te	teid	te	0_so_update	82	suffix_match
m7_te	teid	te	m0_selling_rate	82	suffix_match
m9_konsolidasi_barang	kbid	b	m0_versi_db	82	suffix_match
m9_konsolidasi_barang	kbid	b	m2_cb	82	suffix_match
m9_konsolidasi_history	khid	h	m0_user_branch	82	suffix_match
m9_konsolidasi_history	khid	h	m1_branch	82	suffix_match
m9_konsolidasi_history	khid	h	m2_realization_branch	82	suffix_match
m_10_ab	abid	ab	m7_ab	82	suffix_match
m_10_ad	adid	ad	m2r_stok_gagal_upload	82	suffix_match
m_10_al	alid	al	0_hppglobal	82	suffix_match
m_10_al	alid	al	0_saldoawal	82	suffix_match
m_10_at	atid	at	m7_at	82	suffix_match
m_10_attendance_status	skid	sk	m2r_hppglobalsk	82	suffix_match
m_10_ed	edid	ed	m0_nomor_next_failed	82	suffix_match
m_10_ed	edid	ed	m1_bed	82	suffix_match
m_10_ed	edid	ed	m5_si_detail_failed	82	suffix_match
m_10_er	erid	er	0_coacustomer	82	suffix_match
m_10_et	etid	et	dateasset	82	suffix_match
m_10_et	etid	et	m0_import_target	82	suffix_match
m_10_ew	ewid	ew	test_new	82	suffix_match
m_10_pc	pcid	pc	m4_ipc	82	suffix_match
m_10_pp	ppid	pp	0_updatehpp	82	suffix_match
m_10_pp	ppid	pp	m0_app	82	suffix_match
m_10_pp	ppid	pp	m4_pp	82	suffix_match
m_10_service_provider	spid	sp	m3_sp	82	suffix_match
m_10_ss	ssid	ss	m0_status_progress	82	suffix_match
m_10_ss	ssid	ss	m13_class	82	suffix_match
m_10_ss	ssid	ss	m1_class	82	suffix_match
m_11_kj	kjid	j	m2_aj	82	suffix_match
m_11_kj	kjid	j	m2_gj	82	suffix_match
m_11_kj_history	kjid	j	m2_aj	82	suffix_match
m_11_kj_history	kjid	j	m2_gj	82	suffix_match
m_11_kw	kwid	w	m3_rw	82	suffix_match
m_11_kw	kwid	w	test_new	82	suffix_match
m_11_pb	pvid	pv	m5_pv	82	suffix_match
m_11_rk	rkid	rk	m1_merk	82	suffix_match
m_11_rm	rmid	rm	m1_trm	82	suffix_match
m_11_rm	rmid	rm	m2_rm	82	suffix_match
m_11_ro	roid	ro	m0_status_giro	82	suffix_match
m_11_sk	skid	sk	m2r_hppglobalsk	82	suffix_match
m_11_sk	skid	sk	m2r_hppgudangsk	82	suffix_match
m_12_lp_history	paid	pa	m3_pa	82	suffix_match
m_12_pos_substitution_item	siid	si	m0_jenismutasi	82	suffix_match
m_12_pos_substitution_item	siid	si	m0_si	82	suffix_match
m_12_pos_substitution_item	siid	si	m13_si	82	suffix_match
m_12_ppa_history	paid	pa	m3_pa	82	suffix_match
m_12_st	stid	st	m1_item_picking_list	82	suffix_match
m_12_st	stid	st	m1_labour_cost	82	suffix_match
m_12_st	stid	st	m1_other_cost	82	suffix_match
meetingagendarelevant	ContactId	contact	m1_contact	82	suffix_match
meetingattendees	ContactId	contact	m1_contact	82	suffix_match
meetingdecisionrelevant	ContactId	contact	m1_contact	82	suffix_match
meetinglocations	LocationId	location	m0_setting_location	82	suffix_match
meetinglocations	LocationId	location	m0_user_location	82	suffix_match
meetinglocations	LocationId	location	m1_item_location	82	suffix_match
meetings	LocationId	location	m0_setting_location	82	suffix_match
meetings	LocationId	location	m0_user_location	82	suffix_match
meetings	LocationId	location	m1_item_location	82	suffix_match
meetings	UnitId	unit	m1_unit	82	suffix_match
rk_tmp	rkid	rk	m1_merk	82	suffix_match
rk_tmp	rkid	rk	m_11_rk	82	suffix_match
ro_tmp	roid	ro	m0_status_giro	82	suffix_match
ro_tmp	roid	ro	m_11_ro	82	suffix_match
rolepermissions	RoleId	role	m0_role	82	suffix_match
rolepermissions	RoleId	role	m0_user_role	82	suffix_match
roles	RoleId	role	m0_role	82	suffix_match
roles	RoleId	role	m0_user_role	82	suffix_match
roles	RoleId	role	m8_content_role	82	suffix_match
term_hierarchy_backup	tid	t	dateasset	82	suffix_match
term_hierarchy_backup	tid	t	m0_barcode_next	82	suffix_match
term_hierarchy_backup	tid	t	m0_export	82	suffix_match
test	bid	b	m0_versi_db	82	suffix_match
test	bid	b	m2_cb	82	suffix_match
test	bid	b	m3_ib	82	suffix_match
userpermissions	UserId	user	m0_user	82	suffix_match
userpreferences	UserId	user	m0_user	82	suffix_match
userroles	RoleId	role	m0_role	82	suffix_match
userroles	RoleId	role	m0_user_role	82	suffix_match
userroles	UserId	user	m0_user	82	suffix_match
users	UserId	user	m0_user	82	suffix_match
m2_rm	rmid	rm	m1_contact_terms	80	contains_match
m3_mr	mrid	mr	m6_mrs	80	contains_match
m3_mr_history	mrid	mr	m6_mrs	80	contains_match
m5_as	asid	as	m13_class	80	contains_match
m7_da	daid	da	meetingagendas	80	contains_match
m_11_rm	rmid	rm	m1_contact_terms	80	contains_match
meetingagendarelevant	AgendaId	agenda	meetingagendas	80	contains_match
meetingagendas	AgendaTypeId	agendatype	meetingagendatypes	80	contains_match
meetingdecisionrelevant	DecisionId	decision	meetingdecisions	80	contains_match
meetingdecisions	AgendaId	agenda	meetingagendas	80	contains_match
meetings	UnitId	unit	businessunits	80	contains_match
m0_language_detail	ldid	ld	m0_hppsaldo	75	contains_match
m0_msmq	userid	user	m0_user_branch	75	contains_match
m0_msmq_importdata	miid	mi	m0_permissions_custom	75	contains_match
m0_nomor_mobile	userid	user	m0_user_branch	75	contains_match
m0_notifikasi_email	userid	user	m0_user_branch	75	contains_match
m0_report_filter	fid	f	m0_config	75	contains_match
m0_report_filter	fid	f	m0_nomor_next_failed	75	contains_match
m0_report_filter_copy1	fid	f	m0_config	75	contains_match
m0_report_filter_copy1	fid	f	m0_nomor_next_failed	75	contains_match
m0_user	userid	user	m0_user_branch	75	contains_match
m0_user	userid	user	m0_user_coa	75	contains_match
m0_user_branch	userid	user	m0_user_coa	75	contains_match
m0_user_coa	userid	user	m0_user_branch	75	contains_match
m0_user_location	userid	user	m0_user_branch	75	contains_match
m0_user_role	userid	user	m0_user_branch	75	contains_match
m0_user_role_s	userid	user	m0_user_branch	75	contains_match
m0_user_warehouse	userid	user	m0_user_branch	75	contains_match
m0_userlog	ulid	ul	m0_hitungulang_log	75	contains_match
m0_userlog	ulid	ul	m0_module	75	contains_match
m0_userlogerror	ulid	ul	m0_hitungulang_log	75	contains_match
m0_userlogerror	ulid	ul	m0_module	75	contains_match
m0_userlogin	ulid	ul	m0_hitungulang_log	75	contains_match
m0_userlogin	ulid	ul	m0_module	75	contains_match
m0_userlogin_copy	ulid	ul	m0_hitungulang_log	75	contains_match
m0_userlogin_copy	ulid	ul	m0_module	75	contains_match
m13_bl	blid	bl	m13_bl_detail	75	contains_match
m13_bl	blid	bl	m13_bl_detail_billing	75	contains_match
m13_bl	blid	bl	m13_bl_detail_history	75	contains_match
m13_bl_history	blid	bl	m13_bl_detail	75	contains_match
m13_bl_history	blid	bl	m13_bl_detail_billing	75	contains_match
m13_student_category	scid	sc	m13_school_year	75	contains_match
m13_student_category	scid	sc	m13_school_year_history	75	contains_match
m13_student_category_history	scid	sc	m13_school_year	75	contains_match
m13_student_category_history	scid	sc	m13_school_year_history	75	contains_match
m14_pjm	pjmid	pjm	m14_pjm_agunan	75	contains_match
m14_pjm	pjmid	pjm	m14_pjm_angsuran	75	contains_match
m14_pjm	pjmid	pjm	m14_pjm_detail	75	contains_match
m14_smp	smpid	smp	m14_smp_detail	75	contains_match
m14_smp	smpid	smp	m14_smp_detail_bayar	75	contains_match
m1_checking_category	ccid	cc	m1_accident	75	contains_match
m1_checking_category	ccid	cc	m1_accident_history	75	contains_match
m1_checking_category_history	ccid	cc	m1_accident	75	contains_match
m1_checking_category_history	ccid	cc	m1_accident_history	75	contains_match
m1_production_route	prid	pr	m1_class_product	75	contains_match
m1_production_route	prid	pr	m1_class_product_history	75	contains_match
m1_selling_point	spid	sp	m1_cogs_special_in	75	contains_match
m1_selling_point	spid	sp	m1_cogs_special_out	75	contains_match
m1_selling_point_history	spid	sp	m1_cogs_special_in	75	contains_match
m1_selling_point_history	spid	sp	m1_cogs_special_out	75	contains_match
m2_aj	ajid	aj	m2_aj_detail	75	contains_match
m2_aj	ajid	aj	m2_aj_detail_history	75	contains_match
m2_aj	ajid	aj	m2_aj_history	75	contains_match
m2_aj_history	ajid	aj	m2_aj_detail	75	contains_match
m2_aj_history	ajid	aj	m2_aj_detail_history	75	contains_match
m2_bd	bdid	bd	m2_bd_detail	75	contains_match
m2_bd	bdid	bd	m2_bd_detail_history	75	contains_match
m2_bd_history	bdid	bd	m2_bd_detail	75	contains_match
m2_cb	cbid	cb	m2_cb_detail	75	contains_match
m2_cb	cbid	cb	m2_cb_detail_history	75	contains_match
m2_cb	cbid	cb	m2_cb_history	75	contains_match
m2_cb_history	cbid	cb	m2_cb_detail	75	contains_match
m2_cb_history	cbid	cb	m2_cb_detail_history	75	contains_match
m2_cd	cdid	cd	m2_cd_detail	75	contains_match
m2_cd	cdid	cd	m2_cd_detail_history	75	contains_match
m2_cd_history	cdid	cd	m2_cd_detail	75	contains_match
m2_cr	crid	cr	m2_cr_detail	75	contains_match
m2_cr	crid	cr	m2_cr_detail_history	75	contains_match
m2_cr	crid	cr	m2_cr_history	75	contains_match
m2_cr_history	crid	cr	m2_cr_detail	75	contains_match
m2_cr_history	crid	cr	m2_cr_detail_history	75	contains_match
m2_gj	gjid	gj	m2_gj_detail	75	contains_match
m2_gj	gjid	gj	m2_gj_detail_history	75	contains_match
m2_gj	gjid	gj	m2_gj_history	75	contains_match
m2_gj_history	gjid	gj	m2_gj_detail	75	contains_match
m2_gj_history	gjid	gj	m2_gj_detail_history	75	contains_match
m2_jm	jmid	jm	m2_jm_detail	75	contains_match
m2_jm	jmid	jm	m2_jm_detail_history	75	contains_match
m2_jm_history	jmid	jm	m2_jm_detail	75	contains_match
m2_rg	rgid	rg	m2_rg_detail	75	contains_match
m2_rg	rgid	rg	m2_rg_detail_history	75	contains_match
m2_rg_history	rgid	rg	m2_rg_detail	75	contains_match
m2_rgc	rgcid	rgc	m2_rgc_detail	75	contains_match
m2_rgc	rgcid	rgc	m2_rgc_detail_history	75	contains_match
m2_rgc	rgcid	rgc	m2_rgc_history	75	contains_match
m2_rgc_history	rgcid	rgc	m2_rgc_detail	75	contains_match
m2_rgc_history	rgcid	rgc	m2_rgc_detail_history	75	contains_match
m2_sg	sgid	sg	m2_sg_detail	75	contains_match
m2_sg	sgid	sg	m2_sg_detail_history	75	contains_match
m2_sg	sgid	sg	m2_sg_history	75	contains_match
m2_sg_history	sgid	sg	m2_sg_detail	75	contains_match
m2_sg_history	sgid	sg	m2_sg_detail_history	75	contains_match
m2_sgc	sgcid	sgc	m2_sgc_detail	75	contains_match
m2_sgc	sgcid	sgc	m2_sgc_detail_history	75	contains_match
m2_sgc	sgcid	sgc	m2_sgc_history	75	contains_match
m2_sgc_history	sgcid	sgc	m2_sgc_detail	75	contains_match
m2_sgc_history	sgcid	sgc	m2_sgc_detail_history	75	contains_match
m2_sm	smid	sm	m2_sm_detail	75	contains_match
m2_sm	smid	sm	m2_sm_detail_history	75	contains_match
m2_sm	smid	sm	m2_sm_history	75	contains_match
m2_sm_history	smid	sm	m2_sm_detail	75	contains_match
m2_sm_history	smid	sm	m2_sm_detail_history	75	contains_match
m2r_general_ledger	glid	gl	m2r_hppglobalkl	75	contains_match
m2r_general_ledger	glid	gl	m2r_hppglobalms	75	contains_match
m2r_general_ledger_detail	bpid	bp	m2r_bp_card	75	contains_match
m2r_ip_list	ipid	ip	m2r_ip_card	75	contains_match
m2r_ip_list	ipid	ip	m2r_ip_voucher	75	contains_match
m3_dc	dcid	dc	m3_dc_check	75	contains_match
m3_dc	dcid	dc	m3_dc_check_history	75	contains_match
m3_dc	dcid	dc	m3_dc_detail	75	contains_match
m3_dc_history	dcid	dc	m3_dc_check	75	contains_match
m3_dc_history	dcid	dc	m3_dc_check_history	75	contains_match
m3_ib	ibid	ib	m3_ib_detail	75	contains_match
m3_ib	ibid	ib	m3_ib_detail_history	75	contains_match
m3_ib	ibid	ib	m3_ib_history	75	contains_match
m3_ib_history	ibid	ib	m3_ib_detail	75	contains_match
m3_ib_history	ibid	ib	m3_ib_detail_history	75	contains_match
m3_mr	mrid	mr	m3_mr_detail	75	contains_match
m3_rf	rfid	rf	m3_rf_detail	75	contains_match
m3_rf	rfid	rf	m3_rf_detail_history	75	contains_match
m3_rf	rfid	rf	m3_rf_history	75	contains_match
m3_rf_history	rfid	rf	m3_rf_detail	75	contains_match
m3_rf_history	rfid	rf	m3_rf_detail_history	75	contains_match
m3_rs	rsid	rs	m3_rs_detail	75	contains_match
m3_rw	rwid	rw	m3_rw_history	75	contains_match
m3_sp	spid	sp	m3_sp_detail	75	contains_match
m3_sp	spid	sp	m3_sp_detail_history	75	contains_match
m3_sp	spid	sp	m3_sp_detail_progress	75	contains_match
m3_sp_history	spid	sp	m3_sp_detail	75	contains_match
m3_sp_history	spid	sp	m3_sp_detail_history	75	contains_match
m3_sp_progress	spid	sp	m3_sp_detail	75	contains_match
m3_sp_progress	spid	sp	m3_sp_detail_history	75	contains_match
m4_ap	apid	ap	m4_ap_history	75	contains_match
m4_bs	bsid	bs	m4_bs_detail	75	contains_match
m4_bs	bsid	bs	m4_bs_detail_history	75	contains_match
m4_bs	bsid	bs	m4_bs_history	75	contains_match
m4_bs_history	bsid	bs	m4_bs_detail	75	contains_match
m4_bs_history	bsid	bs	m4_bs_detail_history	75	contains_match
m4_cs	csid	cs	m4_cs_detail	75	contains_match
m4_dnr	dnrid	dnr	m4_dnr_detail	75	contains_match
m4_dnr	dnrid	dnr	m4_dnr_detail_history	75	contains_match
m4_dnr	dnrid	dnr	m4_dnr_history	75	contains_match
m4_dnr_history	dnrid	dnr	m4_dnr_detail	75	contains_match
m4_dnr_history	dnrid	dnr	m4_dnr_detail_history	75	contains_match
m4_grn	grnid	grn	m4_grn_cost	75	contains_match
m4_grn	grnid	grn	m4_grn_cost_history	75	contains_match
m4_grn	grnid	grn	m4_grn_detail	75	contains_match
m4_grn_history	grnid	grn	m4_grn_cost	75	contains_match
m4_grn_history	grnid	grn	m4_grn_cost_history	75	contains_match
m4_ipc	ipcid	ipc	m4_ipc_detail	75	contains_match
m4_pie	pieid	pie	m4_pie_detail	75	contains_match
m4_pie	pieid	pie	m4_pie_detail_history	75	contains_match
m4_pie	pieid	pie	m4_pie_history	75	contains_match
m4_pie_history	pieid	pie	m4_pie_detail	75	contains_match
m4_pie_history	pieid	pie	m4_pie_detail_history	75	contains_match
m4_po	poid	po	m4_po_cost	75	contains_match
m4_pr	prid	pr	m4_pr_detail	75	contains_match
m4_pr	prid	pr	m4_pr_detail_history	75	contains_match
m4_pr	prid	pr	m4_pr_history	75	contains_match
m4_pr_history	prid	pr	m4_pr_detail	75	contains_match
m4_pr_history	prid	pr	m4_pr_detail_history	75	contains_match
m4_prt	prtid	prt	m4_prt_detail	75	contains_match
m4_prt	prtid	prt	m4_prt_detail_history	75	contains_match
m4_prt	prtid	prt	m4_prt_history	75	contains_match
m4_prt_history	prtid	prt	m4_prt_detail	75	contains_match
m4_prt_history	prtid	prt	m4_prt_detail_history	75	contains_match
m4_rfq	rfqid	rfq	m4_rfq_detail	75	contains_match
m4_rfq	rfqid	rfq	m4_rfq_detail_history	75	contains_match
m4_rfq	rfqid	rfq	m4_rfq_history	75	contains_match
m4_rfq_history	rfqid	rfq	m4_rfq_detail	75	contains_match
m4_rfq_history	rfqid	rfq	m4_rfq_detail_history	75	contains_match
m4_ri	riid	ri	m4_ri_cost	75	contains_match
m4_ri	riid	ri	m4_ri_cost_history	75	contains_match
m4_ri_history	riid	ri	m4_ri_cost	75	contains_match
m4_rq	rqid	rq	m4_rq_detail	75	contains_match
m4_vp	vpid	vp	m4_vp_detail	75	contains_match
m4_vp	vpid	vp	m4_vp_detail_history	75	contains_match
m4_vp	vpid	vp	m4_vp_history	75	contains_match
m4_vp_history	vpid	vp	m4_vp_detail	75	contains_match
m4_vp_history	vpid	vp	m4_vp_detail_history	75	contains_match
m4_vpp	vppid	vpp	m4_vpp_detail	75	contains_match
m4_vpp	vppid	vpp	m4_vpp_detail_history	75	contains_match
m4_vpp	vppid	vpp	m4_vpp_history	75	contains_match
m4_vpp_history	vppid	vpp	m4_vpp_detail	75	contains_match
m4_vpp_history	vppid	vpp	m4_vpp_detail_history	75	contains_match
m5_cl	clid	cl	m5_cl_history	75	contains_match
m5_do	doid	do	m5_do_detail	75	contains_match
m5_do	doid	do	m5_do_detail_history	75	contains_match
m5_do_history	doid	do	m5_do_detail	75	contains_match
m5_dr	drid	dr	m5_dr_detail	75	contains_match
m5_dr	drid	dr	m5_dr_detail_history	75	contains_match
m5_dr_history	drid	dr	m5_dr_detail	75	contains_match
m5_ic	icid	ic	m5_ic_detail	75	contains_match
m5_ic	icid	ic	m5_ic_detail_history	75	contains_match
m5_ic_history	icid	ic	m5_ic_detail	75	contains_match
m5_ip	ipid	ip	m5_ip_history	75	contains_match
m5_ip	ipid	ip	m5_ip_pay	75	contains_match
m5_ip	ipid	ip	m5_ip_pay_history	75	contains_match
m5_ip_history	ipid	ip	m5_ip_pay	75	contains_match
m5_ip_history	ipid	ip	m5_ip_pay_history	75	contains_match
m5_pi	piid	pi	m5_pi_detail	75	contains_match
m5_pi	piid	pi	m5_pi_detail_history	75	contains_match
m5_pi	piid	pi	m5_pi_history	75	contains_match
m5_pi_history	piid	pi	m5_pi_detail	75	contains_match
m5_pi_history	piid	pi	m5_pi_detail_history	75	contains_match
m5_pl	plid	pl	m5_pl_detail	75	contains_match
m5_pl	plid	pl	m5_pl_detail_history	75	contains_match
m5_pl	plid	pl	m5_pl_history	75	contains_match
m5_pl_history	plid	pl	m5_pl_detail	75	contains_match
m5_pl_history	plid	pl	m5_pl_detail_history	75	contains_match
m5_pv	pvid	pv	m5_pv_detail	75	contains_match
m5_pv	pvid	pv	m5_pv_detail_history	75	contains_match
m5_pv_history	pvid	pv	m5_pv_detail	75	contains_match
m5_rnr	rnrid	rnr	m5_rnr_detail	75	contains_match
m5_rnr	rnrid	rnr	m5_rnr_detail_history	75	contains_match
m5_rnr	rnrid	rnr	m5_rnr_history	75	contains_match
m5_rnr_history	rnrid	rnr	m5_rnr_detail	75	contains_match
m5_rnr_history	rnrid	rnr	m5_rnr_detail_history	75	contains_match
m5_rp	rpid	rp	m5_rp_history	75	contains_match
m5_rp	rpid	rp	m5_rp_pay	75	contains_match
m5_rp	rpid	rp	m5_rp_pay_history	75	contains_match
m5_rp_history	rpid	rp	m5_rp_pay	75	contains_match
m5_rp_history	rpid	rp	m5_rp_pay_history	75	contains_match
m5_sie	sieid	sie	m5_sie_detail	75	contains_match
m5_sie	sieid	sie	m5_sie_detail_history	75	contains_match
m5_sie	sieid	sie	m5_sie_history	75	contains_match
m5_sie_history	sieid	sie	m5_sie_detail	75	contains_match
m5_sie_history	sieid	sie	m5_sie_detail_history	75	contains_match
m5_so	soid	so	m5_so_detail	75	contains_match
m5_so	soid	so	m5_so_detail_history	75	contains_match
m5_so_history	soid	so	m5_so_detail	75	contains_match
m5_spa	spaid	spa	m5_spa_detail	75	contains_match
m5_spa	spaid	spa	m5_spa_detail_history	75	contains_match
m5_spa	spaid	spa	m5_spa_history	75	contains_match
m5_spa_history	spaid	spa	m5_spa_detail	75	contains_match
m5_spa_history	spaid	spa	m5_spa_detail_history	75	contains_match
m5_sq	sqid	sq	m5_sq_detail	75	contains_match
m5_sq	sqid	sq	m5_sq_detail_history	75	contains_match
m5_sq	sqid	sq	m5_sq_history	75	contains_match
m5_sq_history	sqid	sq	m5_sq_detail	75	contains_match
m5_sq_history	sqid	sq	m5_sq_detail_history	75	contains_match
m5_sr	srid	sr	m5_sr_detail	75	contains_match
m6_bom	bomid	bom	m6_bom_history	75	contains_match
m6_bom	bomid	bom	m6_bom_in	75	contains_match
m6_bom_history	bomid	bom	m6_bom_in	75	contains_match
m6_mrn	mrnid	mrn	m6_mrn_history	75	contains_match
m6_mrn	mrnid	mrn	m6_mrn_in	75	contains_match
m6_mrn	mrnid	mrn	m6_mrn_in_history	75	contains_match
m6_mrn_history	mrnid	mrn	m6_mrn_in	75	contains_match
m6_mrn_history	mrnid	mrn	m6_mrn_in_history	75	contains_match
m6_mrs	mrsid	mrs	m6_mrs_history	75	contains_match
m6_mrs	mrsid	mrs	m6_mrs_in	75	contains_match
m6_mrs	mrsid	mrs	m6_mrs_in_history	75	contains_match
m6_mrs_history	mrsid	mrs	m6_mrs_in	75	contains_match
m6_mrs_history	mrsid	mrs	m6_mrs_in_history	75	contains_match
m6_pd	pdid	pd	m6_pd_bom	75	contains_match
m6_pd	pdid	pd	m6_pd_history	75	contains_match
m6_pd	pdid	pd	m6_pd_in	75	contains_match
m6_pd_history	pdid	pd	m6_pd_bom	75	contains_match
m6_pd_history	pdid	pd	m6_pd_in	75	contains_match
m6_pdr	pdrid	pdr	m6_pdr_history	75	contains_match
m6_pdr	pdrid	pdr	m6_pdr_in	75	contains_match
m6_pdr	pdrid	pdr	m6_pdr_in_history	75	contains_match
m6_pdr_history	pdrid	pdr	m6_pdr_in	75	contains_match
m6_pdr_history	pdrid	pdr	m6_pdr_in_history	75	contains_match
m6_wo	woid	wo	m6_wo_activity	75	contains_match
m6_wo	woid	wo	m6_wo_history	75	contains_match
m6_wo	woid	wo	m6_wo_in	75	contains_match
m6_wo_history	woid	wo	m6_wo_activity	75	contains_match
m6_wo_history	woid	wo	m6_wo_in	75	contains_match
m7_ab	abid	ab	m7_ab_detail	75	contains_match
m7_ac	acid	ac	m7_ac_detail	75	contains_match
m7_ac	acid	ac	m7_asset_transaction	75	contains_match
m7_ac	acid	ac	m7_asset_transaction_history	75	contains_match
m7_ae	aeid	ae	m7_ae_detail	75	contains_match
m7_ag	agid	ag	m7_ag_detail	75	contains_match
m7_ao	aoid	ao	m7_ao_detail	75	contains_match
m7_aq	aqid	aq	m7_aq_detail	75	contains_match
m7_asl	aslid	asl	m7_asl_detail	75	contains_match
m7_asr	asrid	asr	m7_asr_detail	75	contains_match
m7_asset_transaction	atid	at	m7_asset_category	75	contains_match
m7_asset_transaction_history	atid	at	m7_asset_category	75	contains_match
m7_at	atid	at	m7_asset_category	75	contains_match
m7_at	atid	at	m7_asset_category_history	75	contains_match
m7_da	daid	da	m7_da_detail	75	contains_match
m7_dsa	dsaid	dsa	m7_dsa_detail	75	contains_match
m7_dsr	dsrid	dsr	m7_dsr_detail	75	contains_match
m7_ia	iaid	ia	m7_depreciation_category	75	contains_match
m7_ia	iaid	ia	m7_ia_detail	75	contains_match
m7_ir	irid	ir	m7_ir_detail	75	contains_match
m7_ir	irid	ir	m7_irt	75	contains_match
m7_ir	irid	ir	m7_irt_detail	75	contains_match
m7_irt	irtid	irt	m7_irt_detail	75	contains_match
m7_ra	raid	ra	m7_asset_transaction	75	contains_match
m7_ra	raid	ra	m7_asset_transaction_history	75	contains_match
m7_ra	raid	ra	m7_ra_detail	75	contains_match
m7_tr	trid	tr	m7_asset_transaction	75	contains_match
m7_tr	trid	tr	m7_asset_transaction_history	75	contains_match
m7_tr	trid	tr	m7_tr_detail	75	contains_match
m7_ua	uaid	ua	m7_ua_detail	75	contains_match
m7_ur	urid	ur	m7_ur_detail	75	contains_match
m7_ur	urid	ur	m7_urt	75	contains_match
m7_ur	urid	ur	m7_urt_detail	75	contains_match
m7_urt	urtid	urt	m7_urt_detail	75	contains_match
m_10_ab	abid	ab	m_10_non_taxable_income	75	contains_match
m_10_ad	adid	ad	m_10_ad_detail	75	contains_match
m_10_ad	adid	ad	m_10_grade_and_payroll_level	75	contains_match
m_10_at	atid	at	m_10_at_detail	75	contains_match
m_10_at	atid	at	m_10_attendance_status	75	contains_match
m_10_crn	crnid	crn	m_10_crn_detail	75	contains_match
m_10_emr	emrid	emr	m_10_emr_detail	75	contains_match
m_10_ep	epid	ep	m_10_department	75	contains_match
m_10_ets	etsid	ets	m_10_ets_detail	75	contains_match
m_10_pc	pcid	pc	m_10_pc_detail	75	contains_match
m_10_rem	remid	rem	m_10_rem_detail	75	contains_match
m_10_sc	scid	sc	m_10_sc_detail	75	contains_match
m_10_sc	scid	sc	m_12_pos_discount_category_customer	75	contains_match
m_10_sc	scid	sc	m_12_pos_discount_category_item	75	contains_match
m_10_service_provider	spid	sp	m_12_pos_bonus_trans_special_item	75	contains_match
m_10_service_provider	spid	sp	m_12_pos_special_price	75	contains_match
m_10_wt	wtid	wt	m_10_wtdetail	75	contains_match
m_11_ak	akid	ak	m_11_ak_detail	75	contains_match
m_11_kj	kjid	j	m_10_job_test_type	75	contains_match
m_11_lb	lbid	lb	m_11_lb_detail	75	contains_match
m_11_lb	lbid	lb	m_11_lb_hasil	75	contains_match
m_11_lu	luid	lu	m_11_lu_detail	75	contains_match
m_11_lu	luid	lu	m_11_lu_detail_history	75	contains_match
m_11_lu	luid	lu	m_11_lu_history	75	contains_match
m_11_lu_history	luid	lu	m_11_lu_detail	75	contains_match
m_11_lu_history	luid	lu	m_11_lu_detail_history	75	contains_match
m_11_pb	pvid	pv	m_12_ppv_detail	75	contains_match
m_11_pb_	pbid	pb	m_11_pb_detail	75	contains_match
m_11_pb_	pbid	pb	m_11_pb_pay	75	contains_match
m_11_rk	rkid	rk	m_11_rk_pay	75	contains_match
m_11_ro	roid	ro	m_10_grade_and_payroll_level	75	contains_match
m_11_ro	roid	ro	m_10_service_provider	75	contains_match
m_12_ai	aiid	ai	m_10_ad_detail	75	contains_match
m_12_ai	aiid	ai	m_10_al_detail	75	contains_match
m_12_ai	aiid	ai	m_10_at_detail	75	contains_match
m_12_bi	biid	bi	m_12_bi_bonus	75	contains_match
m_12_bi	biid	bi	m_12_bi_bonus_history	75	contains_match
m_12_bi_history	biid	bi	m_12_bi_bonus	75	contains_match
m_12_cpa	cpaid	cpa	m_12_cpa_detail	75	contains_match
m_12_cpa	cpaid	cpa	m_12_cpa_detail_history	75	contains_match
m_12_cpa	cpaid	cpa	m_12_cpa_history	75	contains_match
m_12_cpa_history	cpaid	cpa	m_12_cpa_detail	75	contains_match
m_12_cpa_history	cpaid	cpa	m_12_cpa_detail_history	75	contains_match
m_12_di	diid	di	m_12_ai_additional	75	contains_match
m_12_di	diid	di	m_12_di_detail	75	contains_match
m_12_di	diid	di	m_12_di_detail_history	75	contains_match
m_12_di_history	diid	di	m_12_ai_additional	75	contains_match
m_12_di_history	diid	di	m_12_di_detail	75	contains_match
m_12_lp	lpid	lp	m_12_lp_detail	75	contains_match
m_12_lp	lpid	lp	m_12_lp_detail_history	75	contains_match
m_12_lp	lpid	lp	m_12_lp_history	75	contains_match
m_12_pos_additional_item	aiid	ai	m_10_ad_detail	75	contains_match
m_12_pos_additional_item	aiid	ai	m_10_al_detail	75	contains_match
m_12_pos_bonus_item	biid	bi	m_12_bi_bonus	75	contains_match
m_12_pos_bonus_trans	biid	bi	m_12_bi_bonus	75	contains_match
m_12_pos_special_price	biid	bi	m_12_bi_bonus	75	contains_match
m_12_pos_voucher_in	viid	vi	m_10_service_provider	75	contains_match
m_12_pos_voucher_out	void	vo	m_12_pos_voucher_in	75	contains_match
m_12_ppa	ppaid	ppa	m_12_ppa_detail	75	contains_match
m_12_ppa	ppaid	ppa	m_12_ppa_detail_history	75	contains_match
m_12_ppa	ppaid	ppa	m_12_ppa_history	75	contains_match
m_12_ppv	ppvid	ppv	m_12_ppv_detail	75	contains_match
m_12_ppv	ppvid	ppv	m_12_ppv_pay	75	contains_match
m_12_sbi	sbiid	sbi	m_12_sbi_detail	75	contains_match
m_12_sbi	sbiid	sbi	m_12_sbi_substitution	75	contains_match
m_12_st_history	diid	di	m_12_ai_additional	75	contains_match
m_12_st_history	diid	di	m_12_di_detail	75	contains_match
ak_tmp	akid	ak	m2r_bukubesar_akunlawan	70	contains_match
ak_tmp	akid	ak	m_11_ak_detail	70	contains_match
businessunits	UnitId	unit	m1_unit_history	70	contains_match
contacts	ContactId	contact	m1_contact_attention	70	contains_match
contacts	ContactId	contact	m1_contact_attention_history	70	contains_match
contacts	UserId	user	m0_user_branch	70	contains_match
dataauditlog	UserId	user	m0_user_branch	70	contains_match
exceptions	GUID	gu	languages	70	contains_match
exceptions	GUID	gu	m0_hitungulang_log	70	contains_match
exceptions	GUID	gu	m0_language	70	contains_match
languages	LanguageId	language	m0_language_detail	70	contains_match
lb_tmp	lbid	lb	m_11_lb_detail	70	contains_match
lb_tmp	lbid	lb	m_11_lb_hasil	70	contains_match
lu_tmp	luid	lu	m_11_lu_detail	70	contains_match
lu_tmp	luid	lu	m_11_lu_detail_history	70	contains_match
m0_app	appid	app	m2r_appostage_card	70	contains_match
m0_app	appid	app	m2r_appostage_voucher	70	contains_match
m0_hitungulang_log	huid	hu	m2r_laba_pertahun	70	contains_match
m0_hitungulang_log	huid	hu	m2r_posisi_keuangan_pertahun	70	contains_match
m0_hitungulang_log	huid	hu	m2r_posisi_keuangan_tahun	70	contains_match
m0_msmq_importdata	miid	mi	m1_commission	70	contains_match
m0_msmq_importdata	miid	mi	m1_commission_detail	70	contains_match
m0_permissions_custom	pcid	pc	m4_ipc_detail	70	contains_match
m0_userlog	ulid	ul	m13_faculty	70	contains_match
m0_userlogerror	ulid	ul	m13_faculty	70	contains_match
m0_userlogin	ulid	ul	m13_faculty	70	contains_match
m0_userlogin_copy	ulid	ul	m13_faculty	70	contains_match
m1_checking_category	ccid	cc	m14_account	70	contains_match
m1_checking_category_history	ccid	cc	m14_account	70	contains_match
m1_lab_result	lrid	lr	m2r_lr_invoice_detail	70	contains_match
m1_lab_result	lrid	lr	m2r_lr_invoice_global	70	contains_match
m1_no_serial_out	nsoid	nso	m9_coa_konsolidasi	70	contains_match
m1_no_serial_out	nsoid	nso	m9_konsolidasi_barang	70	contains_match
m1_no_serial_out	nsoid	nso	m9_konsolidasi_history	70	contains_match
m1_no_serial_out_copy	nsoid	nso	m9_coa_konsolidasi	70	contains_match
m1_no_serial_out_copy	nsoid	nso	m9_konsolidasi_barang	70	contains_match
m1_no_serial_out_copy	nsoid	nso	m9_konsolidasi_history	70	contains_match
m1_no_serial_transaction	nstid	nst	m5_si_installment	70	contains_match
m1_no_serial_transaction_history	nstid	nst	m5_si_installment	70	contains_match
m2r_barang_dibawah_margin	userid	user	m0_user_branch	70	contains_match
m2r_barcode	userid	user	m0_user_branch	70	contains_match
m2r_ip_list	pvid	pv	m5_pv_detail	70	contains_match
m2r_komisi_abd	userid	user	m0_user_branch	70	contains_match
m2r_komisi_limo	userid	user	m0_user_branch	70	contains_match
m2r_laporan_penjualan	userid	user	m0_user_branch	70	contains_match
m2r_omzet_tagihan	userid	user	m0_user_branch	70	contains_match
m2r_penjualan	userid	user	m0_user_branch	70	contains_match
m2r_penjualan_per4bulan	userid	user	m0_user_branch	70	contains_match
m2r_penjualan_perhari_1	userid	user	m0_user_branch	70	contains_match
m2r_penjualan_perhari_2	userid	user	m0_user_branch	70	contains_match
m2r_persediaan_detail	pdid	pd	0_so_update	70	contains_match
m2r_persediaan_detail	pdid	pd	0_updatebarangjuni	70	contains_match
m2r_posisi_keuangan_t	userid	user	m0_user_branch	70	contains_match
m2r_posisi_keuangan_t_detail	userid	user	m0_user_branch	70	contains_match
m2r_saldoawal_hutang	userid	user	m0_user_branch	70	contains_match
m2r_salesman_point	userid	user	m0_user_branch	70	contains_match
m3_rw	rwid	rw	m2r_stok_coverweek	70	contains_match
m3_rw_history	rwid	rw	m2r_stok_coverweek	70	contains_match
m5_cl	clid	cl	m13_class	70	contains_match
m5_cl	clid	cl	m13_class_history	70	contains_match
m5_cl_history	clid	cl	m13_class	70	contains_match
m5_cl_history	clid	cl	m13_class_history	70	contains_match
m7_ab	abid	ab	0_coabarang	70	contains_match
m7_ag	agid	ag	languages	70	contains_match
m7_ag	agid	ag	m0_hppaverage	70	contains_match
m7_da	daid	da	0_so_update	70	contains_match
m7_ia	iaid	ia	m1_cogs_special_in	70	contains_match
m7_ua	uaid	ua	0_stokfebruari2018	70	contains_match
m7_ua	uaid	ua	0_stokjanuari2018	70	contains_match
m_10_ab	abid	ab	0_coabarang	70	contains_match
m_10_ep	epid	ep	exceptions	70	contains_match
m_10_ep	epid	ep	m0_report	70	contains_match
m_10_erg	ergid	erg	m0_usergrup	70	contains_match
m_10_erg	ergid	erg	m0_usergrupmenu	70	contains_match
m_10_erl	erlid	erl	m0_userlog	70	contains_match
m_10_erl	erlid	erl	m0_userlog_category	70	contains_match
m_10_erl	erlid	erl	m0_userlogerror	70	contains_match
m_10_err	errid	err	m0_userlogerror	70	contains_match
m_10_err	errid	err	userroles	70	contains_match
m_10_lr	lrid	lr	m2r_lr_invoice_detail	70	contains_match
m_10_lr	lrid	lr	m2r_lr_invoice_global	70	contains_match
m_10_lr	lrid	lr	m2r_lr_per_hari	70	contains_match
m_10_pc	pcid	pc	m4_ipc_detail	70	contains_match
m_11_ak	akid	ak	ak_tmp	70	contains_match
m_11_ak	akid	ak	m2r_bukubesar_akunlawan	70	contains_match
m_11_lb	lbid	lb	lb_tmp	70	contains_match
m_11_pt	ptid	pt	exceptions	70	contains_match
m_11_pt	ptid	pt	m1_item_description	70	contains_match
m_11_rk	rkid	rk	m1_merk_history	70	contains_match
m_11_ud	udid	ud	dataauditlog	70	contains_match
m_11_ud	udid	ud	m13_student_category	70	contains_match
m_11_ud	udid	ud	m13_student_category_billing	70	contains_match
m_12_pos_voucher_in	viid	vi	m1_division	70	contains_match
m_12_pos_voucher_in	viid	vi	m1_division_history	70	contains_match
m_12_pos_voucher_out	void	vo	m2r_ap_voucher	70	contains_match
m_12_pos_voucher_out	void	vo	m2r_ap_voucher_aging	70	contains_match
meetingagendarelevant	AgendaId	agenda	meetingagendatypes	70	contains_match
meetingagendarelevant	ContactId	contact	m1_contact_attention	70	contains_match
meetingagendas	AgendaId	agenda	meetingagendarelevant	70	contains_match
meetingagendas	AgendaId	agenda	meetingagendatypes	70	contains_match
meetingagendas	MeetingId	meeting	meetingagendarelevant	70	contains_match
meetingagendas	MeetingId	meeting	meetingagendatypes	70	contains_match
meetingattendees	ContactId	contact	m1_contact_attention	70	contains_match
meetingattendees	MeetingId	meeting	meetingagendarelevant	70	contains_match
meetingattendees	MeetingId	meeting	meetingagendas	70	contains_match
meetingdecisionrelevant	ContactId	contact	m1_contact_attention	70	contains_match
meetingdecisions	AgendaId	agenda	meetingagendarelevant	70	contains_match
meetingdecisions	AgendaId	agenda	meetingagendatypes	70	contains_match
meetingdecisions	DecisionId	decision	meetingdecisionrelevant	70	contains_match
meetingdecisions	MeetingId	meeting	meetingagendarelevant	70	contains_match
meetingdecisions	MeetingId	meeting	meetingagendas	70	contains_match
meetings	MeetingId	meeting	meetingagendarelevant	70	contains_match
meetings	MeetingId	meeting	meetingagendas	70	contains_match
meetings	MeetingId	meeting	meetingagendatypes	70	contains_match
meetings	UnitId	unit	m1_unit_history	70	contains_match
rk_tmp	rkid	rk	m1_merk_history	70	contains_match
ro_tmp	roid	ro	m0_group_aq	70	contains_match
userpermissions	UserId	user	m0_user_branch	70	contains_match
userpreferences	UserId	user	m0_user_branch	70	contains_match
userroles	UserId	user	m0_user_branch	70	contains_match
users	UserId	user	m0_user_branch	70	contains_match
users	UserId	user	m0_user_coa	70	contains_match
