ak_tmp	0	0.02	empty
businessunits	0	0.02	empty
contacts	0	0.02	empty
dataauditlog	0	0.02	empty
exceptions	0	0.02	empty
lb_tmp	0	0.02	empty
lu_tmp	0	0.02	empty
m0_backup	0	0.02	empty
m0_config	0	0.02	empty
m0_dummy	0	0.02	empty
m0_export	0	0.02	empty
m0_group_aq	0	0.08	empty
m0_hppsaldo	0	0.02	empty
m0_msmq_importdata	0	0.02	empty
m0_nomor_mobile	0	0.02	empty
m0_nomor_next_failed	0	0.09	empty
m0_nomor_tmp	0	0.02	empty
m0_notifikasi_email	0	0.02	empty
m0_role_item_category	0	0.02	empty
m0_setting_location	0	0.02	empty
m0_si	0	0.03	empty
m0_si_detail	0	0.06	empty
m0_si_pay	0	0.03	empty
m0_table_relation_status	0	0.02	empty
m0_user_branch	0	0.02	empty
m0_user_coa	0	0.02	empty
m0_user_location	0	0.02	empty
m0_user_warehouse	0	0.02	empty
m0_usergrup	0	0.02	empty
m0_userlogerror	0	0.02	empty
m0_validitas_data	0	0.02	empty
m0_versi_db	0	0.02	empty
m13_billing_category	0	0.05	empty
m13_billing_category_history	0	0.02	empty
m13_bl	0	0.03	empty
m13_bl_detail	0	0.05	empty
m13_bl_detail_billing	0	0.03	empty
m13_bl_detail_history	0	0.03	empty
m13_bl_history	0	0.02	empty
m13_class	0	0.05	empty
m13_class_history	0	0.02	empty
m13_faculty	0	0.05	empty
m13_faculty_history	0	0.05	empty
m13_py	0	0.03	empty
m13_py_detail	0	0.05	empty
m13_py_detail_bayar	0	0.03	empty
m13_school_year	0	0.05	empty
m13_school_year_history	0	0.05	empty
m13_si	0	0.02	empty
m13_si_history	0	0.02	empty
m13_student_category	0	0.06	empty
m13_student_category_billing	0	0.05	empty
m13_student_category_billing_history	0	0.02	empty
m13_student_category_history	0	0.02	empty
m13_student_status	0	0.05	empty
m13_student_status_history	0	0.05	empty
m13_study_program	0	0.05	empty
m13_study_program_history	0	0.02	empty
m14_account	0	0.03	empty
m14_account_history	0	0.03	empty
m14_ang	0	0.02	empty
m14_ang_detail	0	0.05	empty
m14_ang_detail_bayar	0	0.03	empty
m14_collateral	0	0.05	empty
m14_collateral_history	0	0.05	empty
m14_deposit	0	0.05	empty
m14_deposit_history	0	0.05	empty
m14_loan	0	0.05	empty
m14_loan_history	0	0.05	empty
m14_pjm	0	0.03	empty
m14_pjm_agunan	0	0.03	empty
m14_pjm_angsuran	0	0.02	empty
m14_pjm_detail	0	0.05	empty
m14_pjm_detail_bayar	0	0.03	empty
m14_smp	0	0.03	empty
m14_smp_detail	0	0.05	empty
m14_smp_detail_bayar	0	0.03	empty
m1_accident	0	0.05	empty
m1_accident_history	0	0.05	empty
m1_bed	0	0.05	empty
m1_bed_history	0	0.05	empty
m1_checking_category	0	0.03	empty
m1_checking_category_history	0	0.05	empty
m1_city_history	0	0.05	empty
m1_class	0	0.05	empty
m1_class_history	0	0.05	empty
m1_class_product	0	0.05	empty
m1_class_product_history	0	0.05	empty
m1_cogs_special_in	0	0.08	empty
m1_cogs_special_out	0	0.09	empty
m1_colleague	0	0.02	empty
m1_color	0	0.05	empty
m1_color_history	0	0.05	empty
m1_commission	0	0.03	empty
m1_commission_detail	0	0.02	empty
m1_commission_detail_history	0	0.02	empty
m1_commission_history	0	0.03	empty
m1_contact_category_history	0	0.05	empty
m1_contact_comment	0	0.05	empty
m1_contact_comment_history	0	0.05	empty
m1_contact_commission	0	0.05	empty
m1_contact_copy	0	0.17	empty
m1_contact_expedition	0	0.02	empty
m1_contact_files	0	0.06	empty
m1_contact_price	0	0.02	empty
m1_contact_price_copy	0	0.02	empty
m1_contact_terms	0	0.02	empty
m1_contact_tmp	0	0.02	empty
m1_cost_center_history	0	0.05	empty
m1_country_history	0	0.05	empty
m1_customer_category_history	0	0.05	empty
m1_department	0	0.05	empty
m1_department_history	0	0.05	empty
m1_designer	0	0.05	empty
m1_designer_history	0	0.05	empty
m1_diagnosis	0	0.05	empty
m1_division_history	0	0.05	empty
m1_files_copy	0	0.02	empty
m1_icd	0	0.03	empty
m1_icd_history	0	0.05	empty
m1_index_price	0	0.05	empty
m1_index_price_history	0	0.05	empty
m1_insurer	0	0.05	empty
m1_item2	0	0.27	empty
m1_item_assembly	0	0.02	empty
m1_item_assembly_history	0	0.02	empty
m1_item_branch_costcenter	0	0.05	empty
m1_item_c	0	0.27	empty
m1_item_copy1	0	0.27	empty
m1_item_copy2	0	0.27	empty
m1_item_description	0	0.05	empty
m1_item_flex	0	0.27	empty
m1_item_hauling	0	0.27	empty
m1_item_hauling_history	0	0.27	empty
m1_item_location_history	0	0.06	empty
m1_item_permission_history	0	0.02	empty
m1_item_picking_list	0	0.02	empty
m1_item_price	0	0.02	empty
m1_item_price_history	0	0.02	empty
m1_item_stock_warehouse_log	0	0.02	empty
m1_item_type_history	0	0.05	empty
m1_lab_result	0	0.02	empty
m1_labour_cost	0	0.05	empty
m1_layanan	0	0.05	empty
m1_machine	0	0.05	empty
m1_machine_history	0	0.05	empty
m1_material	0	0.05	empty
m1_material_history	0	0.05	empty
m1_merk	0	0.05	empty
m1_merk_history	0	0.05	empty
m1_model	0	0.05	empty
m1_model_history	0	0.05	empty
m1_no_batch_in_old	0	0.06	empty
m1_no_serial_in_copy	0	0.06	empty
m1_no_serial_in_old	0	0.06	empty
m1_no_serial_out_copy	0	0.06	empty
m1_notes	0	0.02	empty
m1_oem_history	0	0.05	empty
m1_other	0	0.02	empty
m1_other_cost	0	0.05	empty
m1_other_history	0	0.02	empty
m1_patient	0	0.03	empty
m1_patient_category	0	0.05	empty
m1_price_category_detail	0	0.02	empty
m1_price_category_history	0	0.05	empty
m1_production_activity	0	0.05	empty
m1_production_activity_detail	0	0.02	empty
m1_production_activity_detail_history	0	0.02	empty
m1_production_activity_history	0	0.05	empty
m1_production_route	0	0.05	empty
m1_production_route_detail	0	0.02	empty
m1_reference	0	0.05	empty
m1_region	0	0.05	empty
m1_region_history	0	0.05	empty
m1_room	0	0.05	empty
m1_room_history	0	0.05	empty
m1_salesman_category	0	0.05	empty
m1_salesman_category_history	0	0.05	empty
m1_section	0	0.05	empty
m1_section_history	0	0.05	empty
m1_selling_point	0	0.03	empty
m1_selling_point_history	0	0.02	empty
m1_size	0	0.05	empty
m1_subclass	0	0.05	empty
m1_subclass_history	0	0.05	empty
m1_subdepartment	0	0.05	empty
m1_subdepartment_history	0	0.05	empty
m1_subdistrict	0	0.05	empty
m1_subdivision_history	0	0.05	empty
m1_supplier_category	0	0.05	empty
m1_supplier_category_history	0	0.05	empty
m1_transaction_note_detail	0	0.02	empty
m1_transaction_note_detail_history	0	0.02	empty
m1_transaction_note_history	0	0.02	empty
m1_trm	0	0.05	empty
m1_type_sa	0	0.03	empty
m1_type_sa_history	0	0.05	empty
m1_unit_history	0	0.05	empty
m1_upline	0	0.05	empty
m1_vendor_history	0	0.05	empty
m1_village	0	0.05	empty
m1_warehouse_history	0	0.05	empty
m1_working_estimate_history	0	0.05	empty
m2_aj	0	0.03	empty
m2_aj_detail	0	0.03	empty
m2_aj_detail_history	0	0.03	empty
m2_aj_history	0	0.03	empty
m2_bd	0	0.03	empty
m2_bd_detail	0	0.02	empty
m2_bd_detail_history	0	0.02	empty
m2_bd_history	0	0.03	empty
m2_jm	0	0.03	empty
m2_jm_detail	0	0.02	empty
m2_jm_detail_history	0	0.02	empty
m2_jm_history	0	0.03	empty
m2_notes	0	0.02	empty
m2_pengajuan_dana	0	4.19	empty
m2_print	0	0.02	empty
m2_realization_cost_center	0	3.78	empty
m2_realization_division	0	3.78	empty
m2_realization_subdivision	0	3.78	empty
m2_rm_historyjson	0	0.02	empty
m2_template	0	0.02	empty
m2_transaction_journal_history	0	9.45	empty
m2r_analisa_penyusutan	0	0.02	empty
m2r_anggaran	0	0.02	empty
m2r_ap_card	0	0.05	empty
m2r_ap_card_detail	0	0.05	empty
m2r_ap_voucher	0	0.05	empty
m2r_ap_voucher_aging	0	0.05	empty
m2r_ap_voucher_aging_detail	0	0.05	empty
m2r_ap_voucher_detail	0	0.05	empty
m2r_appostage_card	0	0.05	empty
m2r_appostage_voucher	0	0.05	empty
m2r_ar_card	0	0.05	empty
m2r_ar_card_detail	0	0.05	empty
m2r_ar_voucher	0	0.05	empty
m2r_ar_voucher_aging	0	0.05	empty
m2r_ar_voucher_aging_detail	0	0.05	empty
m2r_ar_voucher_detail	0	0.05	empty
m2r_arpostage_card	0	0.05	empty
m2r_arpostage_voucher	0	0.05	empty
m2r_aruskas	0	0.02	empty
m2r_barang_dibawah_margin	0	0.02	empty
m2r_barcode	0	0.02	empty
m2r_batch_pertanggal	0	0.02	empty
m2r_bb_divisi	0	0.02	empty
m2r_bp_card	0	0.05	empty
m2r_bukubesar_akunlawan	0	0.02	empty
m2r_cekfifo	0	0.05	empty
m2r_customer_point	0	0.05	empty
m2r_general_ledger	0	0.05	empty
m2r_general_ledger_detail	0	0.05	empty
m2r_giro_voucher	0	0.09	empty
m2r_giro_voucher_aging	0	0.09	empty
m2r_hpp_produksi	0	0.02	empty
m2r_inventory_aging	0	0.05	empty
m2r_ip_card	0	0.05	empty
m2r_ip_list	0	0.05	empty
m2r_ip_voucher	0	0.05	empty
m2r_item_stock_global	0	0.02	empty
m2r_item_stock_out	0	0.02	empty
m2r_kartu_stok	0	0.05	empty
m2r_kasbank_harian	0	0.05	empty
m2r_komisi_abd	0	0.02	empty
m2r_komisi_limo	0	0.02	empty
m2r_laba_pertahun	0	0.02	empty
m2r_laporan_harian	0	0.02	empty
m2r_laporan_penjualan	0	0.02	empty
m2r_lr_invoice_detail	0	0.02	empty
m2r_lr_invoice_global	0	0.02	empty
m2r_lr_per_hari	0	0.02	empty
m2r_mutasi_keuangan	0	0.02	empty
m2r_mutasi_stok	0	0.05	empty
m2r_mutasi_stok_batch	0	0.05	empty
m2r_mutasi_stok_detail	0	0.05	empty
m2r_mutasi_stok_rekap	0	0.02	empty
m2r_mutasi_stok_sumber	0	0.05	empty
m2r_neraca_mutasi	0	0.02	empty
m2r_neraca_mutasi_detail	0	0.02	empty
m2r_omzet_tagihan	0	0.02	empty
m2r_penjualan	0	0.02	empty
m2r_penjualan_barang_pertgl	0	0.02	empty
m2r_penjualan_per4bulan	0	0.02	empty
m2r_penjualan_perhari_1	0	0.02	empty
m2r_penjualan_perhari_2	0	0.02	empty
m2r_perhitungan_insentive	0	0.02	empty
m2r_perincian_biaya	0	0.02	empty
m2r_persediaan	0	0.02	empty
m2r_persediaan_detail	0	0.05	empty
m2r_posisi_keuangan	0	0.02	empty
m2r_posisi_keuangan_detail	0	0.02	empty
m2r_posisi_keuangan_pertahun	0	0.02	empty
m2r_posisi_keuangan_t	0	0.02	empty
m2r_posisi_keuangan_t_detail	0	0.02	empty
m2r_posisi_keuangan_tahun	0	0.02	empty
m2r_produksi_vs_penjualan	0	0.02	empty
m2r_rekap_barang_konsinyasi	0	0.05	empty
m2r_saldoawal_hutang	0	0.02	empty
m2r_salesman_point	0	0.05	empty
m2r_stok	0	0.02	empty
m2r_stok_coverday	0	0.02	empty
m2r_stok_covermonth	0	0.02	empty
m2r_stok_coverweek	0	0.02	empty
m2r_stok_opname	0	0.02	empty
m2r_top_10_best_seller_per_store	0	0.02	empty
m2r_umpembelian_card	0	0.05	empty
m2r_umpembelian_voucher	0	0.05	empty
m2r_umpenjualan_card	0	0.05	empty
m2r_umpenjualan_voucher	0	0.05	empty
m3_dc	0	0.06	empty
m3_dc_check	0	0.03	empty
m3_dc_check_history	0	0.03	empty
m3_dc_detail	0	0.03	empty
m3_dc_detail_history	0	0.03	empty
m3_dc_history	0	0.06	empty
m3_files	0	0.02	empty
m3_notes	0	0.02	empty
m3_pa_detail_history	0	0.06	empty
m3_pa_history	0	0.13	empty
m3_rf	0	0.06	empty
m3_rf_detail	0	0.16	empty
m3_rf_detail_history	0	0.16	empty
m3_rf_history	0	0.06	empty
m3_rw	0	0.06	empty
m3_rw_history	0	0.06	empty
m4_bs	0	0.06	empty
m4_bs_detail	0	0.02	empty
m4_bs_detail_history	0	0.02	empty
m4_bs_history	0	0.06	empty
m4_cs	0	0.09	empty
m4_cs_detail	0	0.03	empty
m4_dnr	0	0.06	empty
m4_dnr_detail	0	0.06	empty
m4_dnr_detail_history	0	0.06	empty
m4_dnr_history	0	0.06	empty
m4_files	0	0.02	empty
m4_grn_cost	0	0.02	empty
m4_grn_cost_history	0	0.02	empty
m4_ipc	0	0.06	empty
m4_ipc_detail	0	0.13	empty
m4_notes	0	0.02	empty
m4_po_cost	0	0.02	empty
m4_po_cost_history	0	0.02	empty
m4_po_trans	0	0.03	empty
m4_po_trans_history	0	0.03	empty
m4_pp	0	0.06	empty
m4_pp_pay	0	0.03	empty
m4_pr_trans	0	0.03	empty
m4_pr_trans_history	0	0.03	empty
m4_ri_cost	0	0.02	empty
m4_ri_cost_history	0	0.02	empty
m5_cl	0	0.06	empty
m5_cl_history	0	0.06	empty
m5_files	0	0.02	empty
m5_notes	0	0.02	empty
m5_print	0	0.02	empty
m5_rnr	0	0.06	empty
m5_rnr_detail	0	0.06	empty
m5_rnr_detail_history	0	0.06	empty
m5_rnr_history	0	0.06	empty
m5_rp	0	0.03	empty
m5_rp_history	0	0.03	empty
m5_rp_pay	0	0.03	empty
m5_rp_pay_history	0	0.03	empty
m5_si_installment	0	0.03	empty
m5_si_material	0	0.06	empty
m5_si_material_history	0	0.06	empty
m5_sie_detail_history	0	0.02	empty
m5_sie_history	0	0.03	empty
m5_spa	0	0.03	empty
m5_spa_detail	0	0.02	empty
m5_spa_detail_history	0	0.02	empty
m5_spa_history	0	0.03	empty
m5_sq_out	0	0.06	empty
m5_sq_out_bahan	0	0.06	empty
m5_sq_out_bahan1	0	0.06	empty
m5_sq_shipping	0	0.06	empty
m6_files	0	0.02	empty
m6_mrn_in	0	0.03	empty
m6_mrn_in_history	0	0.03	empty
m6_mrs_in	0	0.03	empty
m6_mrs_in_history	0	0.03	empty
m6_notes	0	0.02	empty
m6_wo_activity	0	0.02	empty
m6_wo_route_card	0	0.02	empty
m7_ab	0	0.06	empty
m7_ab_detail	0	0.02	empty
m7_ac	0	0.02	empty
m7_ac_detail	0	0.02	empty
m7_ae	0	0.13	empty
m7_ae_detail	0	0.06	empty
m7_ag	0	0.09	empty
m7_ag_detail	0	0.06	empty
m7_ao	0	0.06	empty
m7_ao_detail	0	0.09	empty
m7_aq	0	0.09	empty
m7_aq_detail	0	0.03	empty
m7_ar	0	0.06	empty
m7_ar_detail	0	0.13	empty
m7_asl	0	0.06	empty
m7_asl_detail	0	0.06	empty
m7_asr	0	0.06	empty
m7_asr_detail	0	0.06	empty
m7_asset_category_history	0	0.05	empty
m7_asset_category_tax_history	0	0.05	empty
m7_asset_transaction	0	0.06	empty
m7_asset_transaction_history	0	0.06	empty
m7_at	0	0.25	empty
m7_at_detail	0	0.03	empty
m7_at_pay	0	0.03	empty
m7_dsa	0	0.06	empty
m7_dsa_detail	0	0.06	empty
m7_dsr	0	0.06	empty
m7_dsr_detail	0	0.06	empty
m7_files	0	0.02	empty
m7_ia	0	0.02	empty
m7_ia_detail	0	0.02	empty
m7_ir	0	0.02	empty
m7_ir_detail	0	0.02	empty
m7_irt	0	0.02	empty
m7_irt_detail	0	0.02	empty
m7_master_asset_category	0	0.02	empty
m7_master_asset_department	0	0.02	empty
m7_master_asset_disposal	0	0.02	empty
m7_notes	0	0.02	empty
m7_ra	0	0.03	empty
m7_ra_detail	0	0.02	empty
m7_ta	0	0.13	empty
m7_ta_detail	0	0.06	empty
m7_te	0	0.13	empty
m7_te_detail	0	0.06	empty
m7_tr	0	0.06	empty
m7_tr_detail	0	0.13	empty
m7_ua	0	0.09	empty
m7_ua_detail	0	0.06	empty
m7_ur	0	0.06	empty
m7_ur_detail	0	0.06	empty
m7_urt	0	0.06	empty
m7_urt_detail	0	0.06	empty
m9_coa	0	0.13	empty
m9_coa_konsolidasi	0	0.02	empty
m9_jenis_eliminasi	0	0.02	empty
m9_konsolidasi_barang	0	0.02	empty
m9_konsolidasi_history	0	0.02	empty
m9_setting_db	0	0.02	empty
m_10_ab	0	0.02	empty
m_10_ad	0	0.02	empty
m_10_ad_detail	0	0.02	empty
m_10_al	0	0.02	empty
m_10_al_detail	0	0.02	empty
m_10_at	0	0.02	empty
m_10_at_detail	0	0.02	empty
m_10_attendance_status	0	0.02	empty
m_10_benefit _and_deduction	0	0.02	empty
m_10_benefits_setting	0	0.02	empty
m_10_cn	0	0.02	empty
m_10_crn	0	0.02	empty
m_10_crn_detail	0	0.02	empty
m_10_department	0	0.02	empty
m_10_ea	0	0.02	empty
m_10_ed	0	0.02	empty
m_10_ed_detail	0	0.02	empty
m_10_education	0	0.02	empty
m_10_em	0	0.02	empty
m_10_em_detail	0	0.02	empty
m_10_employee	0	0.02	empty
m_10_employee_category	0	0.02	empty
m_10_employee_type	0	0.02	empty
m_10_emr	0	0.02	empty
m_10_emr_detail	0	0.02	empty
m_10_ep	0	0.02	empty
m_10_er	0	0.02	empty
m_10_erg	0	0.02	empty
m_10_erl	0	0.02	empty
m_10_err	0	0.02	empty
m_10_es	0	0.02	empty
m_10_et	0	0.02	empty
m_10_ets	0	0.02	empty
m_10_ets_detail	0	0.02	empty
m_10_ew	0	0.02	empty
m_10_grade_and_payroll_level	0	0.02	empty
m_10_job_test_type	0	0.02	empty
m_10_jp	0	0.02	empty
m_10_leave_setting	0	0.02	empty
m_10_leave_type	0	0.02	empty
m_10_lr	0	0.02	empty
m_10_non_taxable_income	0	0.02	empty
m_10_ord	0	0.02	empty
m_10_pc	0	0.02	empty
m_10_pc_detail	0	0.02	empty
m_10_pe	0	0.02	empty
m_10_pe_detail	0	0.02	empty
m_10_position	0	0.02	empty
m_10_pp	0	0.02	empty
m_10_pp_detail	0	0.02	empty
m_10_rem	0	0.02	empty
m_10_rem_detail	0	0.02	empty
m_10_sc	0	0.02	empty
m_10_sc_detail	0	0.02	empty
m_10_service_provider	0	0.02	empty
m_10_shift	0	0.02	empty
m_10_ss	0	0.02	empty
m_10_ss_detail	0	0.02	empty
m_10_termination_type	0	0.02	empty
m_10_tq	0	0.02	empty
m_10_wt	0	0.02	empty
m_10_wtdetail	0	0.02	empty
m_11_ak	0	0.03	empty
m_11_ak_detail	0	0.05	empty
m_11_ilo	0	0.03	empty
m_11_isk	0	0.03	empty
m_11_kj	0	0.03	empty
m_11_kj_history	0	0.03	empty
m_11_km	0	0.03	empty
m_11_km_history	0	0.03	empty
m_11_kw	0	0.02	empty
m_11_kw_detail	0	0.02	empty
m_11_kw_pay	0	0.02	empty
m_11_lb	0	0.03	empty
m_11_lb_detail	0	0.05	empty
m_11_lb_hasil	0	0.03	empty
m_11_lu	0	0.03	empty
m_11_lu_detail	0	0.05	empty
m_11_lu_detail_history	0	0.05	empty
m_11_lu_history	0	0.03	empty
m_11_pb	0	0.13	empty
m_11_pb_	0	0.02	empty
m_11_pb_detail	0	0.02	empty
m_11_pb_pay	0	0.02	empty
m_11_pt	0	0.03	empty
m_11_rk	0	0.03	empty
m_11_rk_pay	0	0.02	empty
m_11_rm	0	0.02	empty
m_11_ro	0	0.03	empty
m_11_ro_detail	0	0.05	empty
m_11_sk	0	0.03	empty
m_11_ud	0	0.03	empty
m_12_ai	0	0.02	empty
m_12_ai_additional	0	0.02	empty
m_12_ai_detail	0	0.02	empty
m_12_area	0	0.05	empty
m_12_area_category	0	0.05	empty
m_12_area_category_history	0	0.05	empty
m_12_area_history	0	0.05	empty
m_12_bi	0	0.02	empty
m_12_bi_bonus	0	0.02	empty
m_12_bi_bonus_history	0	0.02	empty
m_12_bi_detail	0	0.02	empty
m_12_bi_detail_history	0	0.02	empty
m_12_bi_history	0	0.02	empty
m_12_cpa	0	0.03	empty
m_12_cpa_detail	0	0.02	empty
m_12_cpa_detail_history	0	0.02	empty
m_12_cpa_history	0	0.03	empty
m_12_di	0	0.02	empty
m_12_di_detail	0	0.02	empty
m_12_di_detail_history	0	0.02	empty
m_12_di_history	0	0.02	empty
m_12_lp	0	0.13	empty
m_12_lp_detail	0	0.06	empty
m_12_lp_detail_history	0	0.06	empty
m_12_lp_history	0	0.13	empty
m_12_pos_additional_item	0	0.02	empty
m_12_pos_additional_item_detail	0	0.02	empty
m_12_pos_bonus_item	0	0.02	empty
m_12_pos_bonus_item_detail	0	0.02	empty
m_12_pos_bonus_trans	0	0.02	empty
m_12_pos_bonus_trans_detail	0	0.02	empty
m_12_pos_bonus_trans_special_item	0	0.02	empty
m_12_pos_category_history	0	0.05	empty
m_12_pos_discount_category_customer	0	0.02	empty
m_12_pos_discount_category_item	0	0.02	empty
m_12_pos_discount_item	0	0.02	empty
m_12_pos_hardware	0	0.02	empty
m_12_pos_point_category_item	0	0.02	empty
m_12_pos_point_item	0	0.02	empty
m_12_pos_point_transaction	0	0.02	empty
m_12_pos_promo	0	0.02	empty
m_12_pos_special_price	0	0.02	empty
m_12_pos_special_price_detail	0	0.02	empty
m_12_pos_special_price_special_item	0	0.02	empty
m_12_pos_substitution_item	0	0.02	empty
m_12_pos_substitution_item_detail	0	0.02	empty
m_12_pos_type_class_product	0	0.02	empty
m_12_pos_type_class_product_history	0	0.02	empty
m_12_pos_type_history	0	0.05	empty
m_12_pos_voucher_in	0	0.05	empty
m_12_pos_voucher_out	0	0.03	empty
m_12_ppa	0	0.13	empty
m_12_ppa_detail	0	0.06	empty
m_12_ppa_detail_history	0	0.06	empty
m_12_ppa_history	0	0.13	empty
m_12_ppv	0	0.25	empty
m_12_ppv_detail	0	0.03	empty
m_12_ppv_pay	0	0.03	empty
m_12_sbi	0	0.02	empty
m_12_sbi_detail	0	0.02	empty
m_12_sbi_substitution	0	0.02	empty
m_12_st	0	0.02	empty
m_12_st_detail	0	0.02	empty
m_12_st_detail_history	0	0.02	empty
m_12_st_history	0	0.02	empty
m_coba	0	0.02	empty
meetingagendarelevant	0	0.02	empty
meetingagendatypes	0	0.02	empty
meetingdecisionrelevant	0	0.02	empty
meetingdecisions	0	0.02	empty
meetinglocations	0	0.02	empty
meetings	0	0.02	empty
meetingtypes	0	0.02	empty
quotes	0	0.02	empty
rk_tmp	0	0.02	empty
ro_tmp	0	0.02	empty
temp_barang	0	0.02	empty
term_hierarchy_backup	0	0.02	empty
test	0	0.27	empty
test1	0	0.02	empty
test2	0	0.02	empty
test_new	0	0.02	empty
m0_jenismutasi	2	0.02	non_empty
m0_language	2	0.02	non_empty
m1_expedition_history	2	0.02	non_empty
m1_item_permission	2	0.02	non_empty
m1_price_category	2	0.05	non_empty
m1_production_category	2	0.05	non_empty
m1_production_category_history	2	0.05	non_empty
m1_province	2	0.05	non_empty
m1_province_history	2	0.05	non_empty
m1_size_history	2	0.05	non_empty
m1_subdivision	2	0.05	non_empty
m1_transaction_note	2	0.02	non_empty
m1_vendor	2	0.05	non_empty
m2_cb_pay	2	0.02	non_empty
m2_sg_detail_history	2	0.02	non_empty
m2_sg_history	2	0.03	non_empty
m2_sgc	2	0.03	non_empty
m2_sgc_detail	2	0.02	non_empty
m3_rs_detail_history	2	0.06	non_empty
m3_rs_history	2	0.13	non_empty
m4_pie_detail_history	2	0.02	non_empty
m4_pie_history	2	0.03	non_empty
m4_rfq_history	2	0.06	non_empty
m5_sie	2	0.06	non_empty
m7_asset_history	2	0.06	non_empty
m_12_pos_category	2	0.05	non_empty
m_12_pos_type	2	0.05	non_empty
meetingattendees	2	0.02	non_empty
userpreferences	2	0.02	non_empty
userroles	2	0.02	non_empty
m0_app	3	0.02	non_empty
m0_global_allowance	3	0.03	non_empty
m0_status_progress	3	0.02	non_empty
m1_branch	3	0.05	non_empty
m1_country	3	0.05	non_empty
m1_item_category_history	3	0.05	non_empty
m1_item_supplier	3	0.05	non_empty
m1_other_cost_history	3	0.05	non_empty
m2_rg_history	3	0.03	non_empty
m2_sgc_detail_history	3	0.02	non_empty
m2_sgc_history	3	0.03	non_empty
m2_sm_pay_history	3	0.02	non_empty
m4_rfq_detail_history	3	0.02	non_empty
m5_sie_detail	3	0.03	non_empty
m7_asset	3	0.06	non_empty
m7_depreciation_category	3	0.02	non_empty
meetingagendas	3	0.02	non_empty
m0_status_giro	4	0.02	non_empty
m1_area	4	0.05	non_empty
m1_customer_category	4	0.05	non_empty
m1_location	4	0.05	non_empty
m1_tax_history	4	0.05	non_empty
m2_files	4	0.02	non_empty
m2_rg	4	0.03	non_empty
m2_rm_pay_history	4	0.02	non_empty
m3_pa	4	0.13	non_empty
m6_mrn	4	0.03	non_empty
rolepermissions	4	0.02	non_empty
roles	4	0.02	non_empty
m0_selling_rate	5	0.02	non_empty
m0_status_rq	5	0.02	non_empty
m1_bank	5	0.05	non_empty
m1_city	5	0.05	non_empty
m1_contact_category	5	0.05	non_empty
m1_contact_price_history	5	0.02	non_empty
m1_cost_center	5	0.05	non_empty
m1_expedition	5	0.02	non_empty
m1_files	5	0.02	non_empty
m1_item_supplier_history	5	0.05	non_empty
m1_terms	5	0.03	non_empty
m1_working_estimate	5	0.05	non_empty
m2_rg_detail	5	0.02	non_empty
m2_rgc	5	0.03	non_empty
m2_sg	5	0.03	non_empty
m2_sm_pay	5	0.02	non_empty
m4_rfq	5	0.06	non_empty
m4_rfq_detail	5	0.03	non_empty
m5_pl_history	5	0.06	non_empty
m6_mrn_out	5	0.02	non_empty
m7_asset_category	5	0.05	non_empty
m2_rg_detail_history	6	0.02	non_empty
m2_rgc_detail	6	0.02	non_empty
m2_rm_pay	6	0.02	non_empty
m2r_stok_gagal_upload	6	0.02	non_empty
m5_si_failed	6	0.06	non_empty
m0_realization_category	7	0.02	non_empty
m1_currency	7	0.05	non_empty
m1_location_history	7	0.05	non_empty
m1_oem	7	0.05	non_empty
m2_cb	7	0.03	non_empty
m2_rm_detail_history	7	0.02	non_empty
m2_rm_history	7	0.03	non_empty
m5_pl_detail_history	7	0.13	non_empty
m5_pl_pack_history	7	0.02	non_empty
m5_si_detail_failed	7	0.06	non_empty
m1_contact_attention_history	8	0.03	non_empty
m1_contact_point	8	0.02	non_empty
m1_item_type	8	0.03	non_empty
m1_project	8	0.02	non_empty
m1_project_history	8	0.02	non_empty
m2_sg_detail	8	0.02	non_empty
m3_ib_history	8	0.13	non_empty
m3_mr_history	8	0.06	non_empty
m3_rs	8	0.13	non_empty
m4_prt_detail_history	8	0.06	non_empty
m4_prt_history	8	0.06	non_empty
m6_mrn_history	8	0.03	non_empty
m7_da	8	0.13	non_empty
m1_bank_history	9	0.05	non_empty
m1_tax	9	0.05	non_empty
m3_ib	9	0.13	non_empty
m3_mr	9	0.06	non_empty
m5_dr_history	9	0.16	non_empty
m5_sr_detail_history	9	0.06	non_empty
m5_sr_history	9	0.06	non_empty
versioninfo	9	0.02	non_empty
m0_payment_method	10	0.02	non_empty
m0_struk	10	0.02	non_empty
m1_warehouse	10	0.05	non_empty
m2_cb_detail	10	0.02	non_empty
m3_ib_detail_history	10	0.06	non_empty
m4_pie	10	0.06	non_empty
m5_pl	10	0.06	non_empty
m6_mrn_out_history	10	0.02	non_empty
languages	11	0.02	non_empty
m1_area_history	11	0.05	non_empty
m1_branch_history	11	0.05	non_empty
m1_contact_attention	11	0.03	non_empty
m1_item_location	11	0.06	non_empty
m1_item_location_warehouse	11	0.05	non_empty
m2_gj_history	11	0.03	non_empty
m5_as_history	11	0.06	non_empty
m5_dr_detail_history	11	0.06	non_empty
m6_itembom_in	11	0.02	non_empty
m6_pdr	11	0.03	non_empty
m6_pdr_in	11	0.03	non_empty
m0_role_s	12	0.02	non_empty
m0_userlogin_copy	12	0.02	non_empty
m1_item_category	12	0.05	non_empty
m2_sm_detail_history	12	0.02	non_empty
m2_sm_history	12	0.03	non_empty
m3_mr_detail_history	12	0.16	non_empty
m6_bom	12	0.03	non_empty
m6_bom_in	12	0.02	non_empty
m0_role	13	0.02	non_empty
m2_cb_pay_history	13	0.02	non_empty
m2_cd	13	0.14	non_empty
m3_sa_detail_history	13	0.06	non_empty
m3_sa_history	13	0.13	non_empty
m5_as_pay_history	13	0.03	non_empty
m0_group_rq	14	0.08	non_empty
m1_coa_history	14	0.17	non_empty
m1_terms_history	14	0.03	non_empty
m4_rq_history	14	0.09	non_empty
m5_dr	14	0.16	non_empty
m6_mrs	14	0.03	non_empty
m7_da_detail	14	0.02	non_empty
m0_module	15	0.02	non_empty
m0_status	15	0.02	non_empty
m2_cd_detail	15	0.02	non_empty
m2_rm	15	0.03	non_empty
m2_rm_detail	15	0.02	non_empty
m3_pa_detail	15	0.06	non_empty
m6_pdr_out	15	0.02	non_empty
m2_cb_detail_history	16	0.02	non_empty
m2_cb_history	16	0.03	non_empty
m3_mr_detail	16	0.16	non_empty
m3_ts_history	16	0.13	non_empty
m6_wo	16	0.03	non_empty
m6_wo_in	16	0.03	non_empty
m0_barcode_next	17	0.03	non_empty
m2r_mutasi_stok_custom	17	0.02	non_empty
m4_rq	17	0.09	non_empty
m5_ip	17	0.06	non_empty
m7_asset_category_tax	17	0.05	non_empty
m3_rs_detail	18	0.06	non_empty
m3_sa	18	0.13	non_empty
m5_as	18	0.06	non_empty
m5_ip_history	18	0.06	non_empty
m5_ip_pay_history	18	0.03	non_empty
m5_sr	18	0.06	non_empty
m8_content_chart	18	0.02	non_empty
m0_userlog_category	19	0.02	non_empty
m0_validitas_data_category	19	0.02	non_empty
m2_cd_detail_history	19	0.02	non_empty
m2_cd_history	19	0.03	non_empty
m2_gj	19	0.03	non_empty
m2_sm	19	0.03	non_empty
m2_sm_detail	19	0.02	non_empty
m4_pie_detail	19	0.03	non_empty
m5_ip_pay	19	0.03	non_empty
m5_pl_detail	19	0.13	non_empty
m5_pv_history	19	0.25	non_empty
m5_sr_detail	19	0.06	non_empty
m6_mrs_history	19	0.03	non_empty
m0_userlogin	20	0.02	non_empty
m4_prt	20	0.06	non_empty
m4_vpp_pay	20	0.03	non_empty
m5_pi	20	0.06	non_empty
m5_si_pay_history	20	0.03	non_empty
m1_unit	21	0.05	non_empty
m4_vpp	21	0.31	non_empty
m5_as_pay	21	0.03	non_empty
m5_ic	21	0.31	non_empty
m5_pl_pack	21	0.02	non_empty
m0_setting_grup	22	0.02	non_empty
m3_sp_history	22	0.13	non_empty
m4_prt_detail	22	0.06	non_empty
m4_ri_pay	22	0.03	non_empty
m5_pv	22	0.13	non_empty
m6_mrs_out	22	0.02	non_empty
m6_pd	22	0.03	non_empty
m6_pd_in	22	0.03	non_empty
m8_indicator	22	0.02	non_empty
m1_contact	23	0.17	non_empty
m5_dr_detail	23	0.06	non_empty
m0_role_custom	24	0.03	non_empty
m1_division	24	0.05	non_empty
m2_cr	24	0.14	non_empty
m3_ts	24	0.13	non_empty
m6_wo_out	24	0.02	non_empty
m1_salesman_commission	25	0.02	non_empty
m2_giro_list	25	0.09	non_empty
m4_vpp_pay_history	25	0.03	non_empty
m0_user	26	0.08	non_empty
m1_item_location_warehouse_history	26	0.05	non_empty
m3_sp	26	0.13	non_empty
m3_ts_detail_history	26	0.06	non_empty
m4_rq_detail_history	26	0.03	non_empty
m6_itembom_out	26	0.02	non_empty
m_12_pos_category_setting	26	0.02	non_empty
m_12_pos_setting	26	0.02	non_empty
userpermissions	26	0.02	non_empty
users	26	0.02	non_empty
m2_accounting_period	27	0.02	non_empty
m2_cr_detail	27	0.02	non_empty
m6_bom_out	27	0.02	non_empty
m2_gj_detail_history	28	0.02	non_empty
m3_sp_progress	28	0.13	non_empty
m5_pi_history	28	0.06	non_empty
m6_wo_history	28	0.03	non_empty
m6_wo_in_history	28	0.03	non_empty
m2_rgc_history	29	0.03	non_empty
m3_sa_detail	29	0.06	non_empty
m4_ri_pay_history	29	0.03	non_empty
m0_user_role	30	0.02	non_empty
m0_user_role_s	30	0.02	non_empty
m4_vp_pay_history	30	0.03	non_empty
m5_do_history	30	0.16	non_empty
m6_mrs_out_history	30	0.02	non_empty
m6_wo_out_history	30	0.02	non_empty
m4_vpp_history	31	0.31	non_empty
m6_pd_bom	31	0.02	non_empty
m0_permissions_custom	32	0.02	non_empty
m1_currency_history	32	0.05	non_empty
m2_rgc_detail_history	32	0.02	non_empty
m4_ap	33	0.06	non_empty
m5_sq_history	33	0.06	non_empty
m5_pi_detail	34	0.06	non_empty
m6_pd_history	34	0.03	non_empty
m6_pd_in_history	34	0.03	non_empty
m2_cr_detail_history	36	0.02	non_empty
m2_cr_history	36	0.03	non_empty
m2r_hppglobalkl	36	0.02	non_empty
m4_vp_history	36	0.25	non_empty
m3_ts_detail	38	0.06	non_empty
m4_ap_pay	38	0.03	non_empty
m4_vp	38	0.25	non_empty
m4_vp_pay	38	0.03	non_empty
m5_pi_detail_history	38	0.06	non_empty
m2_realization_branch	39	3.78	non_empty
m2_realization_location	39	3.78	non_empty
m4_ap_history	39	0.06	non_empty
m5_do	39	0.16	non_empty
m5_si_pay	39	0.03	non_empty
0_po	41	0.02	non_empty
m1_contact_history	41	0.20	non_empty
m4_ap_pay_history	41	0.03	non_empty
m0_labarugi	42	0.02	non_empty
m8_content_copy1	42	0.02	non_empty
m6_bom_history	43	0.03	non_empty
m6_bom_in_history	43	0.02	non_empty
m6_pd_out	43	0.03	non_empty
m0_import_target	44	0.02	non_empty
m5_sq	44	0.28	non_empty
m4_rq_detail	45	0.03	non_empty
m5_so_history	45	0.09	non_empty
m6_pdr_history	45	0.03	non_empty
m6_pdr_in_history	45	0.03	non_empty
m1_item_booking	48	0.02	non_empty
m4_vpp_detail	48	0.03	non_empty
m0_hapusdata	49	0.02	non_empty
m5_sq_detail_history	49	0.16	non_empty
0_coacustomer	51	0.02	non_empty
m5_do_detail_history	51	0.09	non_empty
m5_pv_detail_history	51	0.03	non_empty
0_stokapril2018	52	0.02	non_empty
m2_gj_detail	52	0.02	non_empty
m5_ic_history	52	0.34	non_empty
m5_so	54	0.09	non_empty
m6_pd_out_history	58	0.02	non_empty
m4_ri_history	61	0.11	non_empty
m4_ri	63	0.11	non_empty
m5_do_detail	63	0.09	non_empty
m5_so_detail_history	63	0.16	non_empty
m4_vpp_detail_history	67	0.03	non_empty
m5_ic_detail	67	0.03	non_empty
m0_search_packet	68	0.02	non_empty
m5_sq_detail	68	0.16	non_empty
m6_pdr_out_history	69	0.05	non_empty
0_coasupplier	70	0.02	non_empty
m8_content	72	0.02	non_empty
m5_si_detail_history	73	0.11	non_empty
m2_realization_project	75	3.78	non_empty
m4_pr_history	76	0.09	non_empty
m5_pv_detail	76	0.03	non_empty
m0_statistic	77	0.02	non_empty
m0_report_temp	78	0.02	non_empty
m4_pr	80	0.33	non_empty
m5_si	81	0.09	non_empty
m5_si_history	83	0.14	non_empty
m1_item_booking_po	86	0.02	non_empty
m2r_hppglobalms	86	0.02	non_empty
0_po_1	87	0.02	non_empty
0_so	93	0.02	non_empty
m0_table_relation	93	0.02	non_empty
m5_so_detail	94	0.17	non_empty
m4_grn	96	0.20	non_empty
m4_vp_detail	97	0.06	non_empty
m4_pr_detail_history	100	0.20	non_empty
m1_no_serial_out	101	0.06	non_empty
0_coasupplier_copy	106	0.02	non_empty
m8_content_role	108	0.02	non_empty
m5_si_detail	109	0.13	non_empty
m1_no_batch_transaction_history	113	0.05	non_empty
m4_ri_detail	113	0.11	non_empty
m4_po_history	114	0.13	non_empty
m4_vp_detail_history	115	0.08	non_empty
m4_grn_history	118	0.22	non_empty
m1_no_batch_out	120	0.06	non_empty
m6_bom_out_history	123	0.06	non_empty
m4_ri_detail_history	125	0.13	non_empty
m4_pr_detail	132	0.22	non_empty
m0_nomor	137	0.05	non_empty
m5_ic_detail_history	139	0.08	non_empty
m0_dashboardmail	140	0.02	non_empty
m4_po	146	0.14	non_empty
m1_item_history	150	0.39	non_empty
m1_no_batch_in	153	0.09	non_empty
m4_po_detail_history	159	0.19	non_empty
m4_grn_detail_history	163	0.14	non_empty
m0_language_detail	165	0.02	non_empty
m4_grn_detail	169	0.14	non_empty
m1_item_stock_warehouse	194	0.02	non_empty
m1_item_transaction_history	207	17.05	non_empty
m1_cogs_fifo_out	208	0.11	non_empty
m0_usergrupmenu	209	0.03	non_empty
0_ap	217	0.06	non_empty
m0_nomor_next	234	0.09	non_empty
m4_po_detail	243	0.22	non_empty
m1_coa_copy1	246	0.28	non_empty
m0_msmq_cogs	253	0.05	non_empty
m0_setting_lang	269	0.05	non_empty
m2r_hppgudangsa	285	0.05	non_empty
m2r_hppgudangsk	288	0.05	non_empty
0_ar	328	0.08	non_empty
m0_menu_s	338	0.08	non_empty
m0_msmq_journal	371	0.06	non_empty
0_updatesupplier	387	0.06	non_empty
m3_sp_detail_history	394	0.17	non_empty
m0_menu_s_copy1	400	0.09	non_empty
m1_coa	409	0.34	non_empty
0_so_1	415	0.11	non_empty
0_so_update	415	0.09	non_empty
0_updatebarangjuni	415	0.06	non_empty
m0_menu_lang	423	0.08	non_empty
m3_sp_detail	424	0.17	non_empty
m3_sp_detail_progress	426	0.17	non_empty
dateasset	436	0.05	non_empty
m1_no_serial_transaction_history	458	0.13	non_empty
m3_ib_detail	513	0.19	non_empty
0_customer	537	0.09	non_empty
m0_menu_s_lang	546	0.08	non_empty
m2r_hppgudangsa_jml	586	0.08	non_empty
m2r_hppgudangsk_jml	594	0.08	non_empty
m1_no_serial_in	613	0.17	non_empty
m1_no_batch_transaction	713	0.17	non_empty
m1_item_transaction	730	17.38	non_empty
m0_hppaverage	747	0.22	non_empty
m1_no_serial_transaction	825	0.19	non_empty
m0_menu	843	0.19	non_empty
m0_msmq	1009	1.52	non_empty
m0_setting_s	1017	0.17	non_empty
m0_setting	1023	0.17	non_empty
m2r_hppglobalsa	1063	0.13	non_empty
m0_report_copy	1069	2.52	non_empty
m2r_hppglobalsk	1077	0.13	non_empty
m2_realization	1094	3.78	non_empty
m_12_pos_item	1094	0.23	non_empty
m0_role_report	1163	0.19	non_empty
m0_report	1192	1.52	non_empty
m2_transaction_journal	1214	2.13	non_empty
0_saldoawal	1284	0.14	non_empty
m0_report_lang	1295	0.17	non_empty
m0_sentence_translate	1359	0.11	non_empty
m0_translate	1370	0.09	non_empty
m0_role_menu_s	1618	0.20	non_empty
m0_role_menu_s_copy1	1758	0.22	non_empty
m0_role_report_s	1860	0.23	non_empty
m0_sentence_stranslate_copy1	1948	0.14	non_empty
0_stokmaret2018	1949	0.14	non_empty
0_stokjanuari2018	2047	0.16	non_empty
0_stokfebruari2018	2153	0.16	non_empty
m0_role_menu	2172	0.27	non_empty
m1_item	2279	3.84	non_empty
m1_cogs_fifo_in	2622	0.83	non_empty
0_hppglobal	2698	0.17	non_empty
m0_userlog	2972	0.39	non_empty
m0_sentence_stranslate	3034	0.19	non_empty
m0_sentence	3060	0.19	non_empty
m0_report_filter_copy1	3076	1.52	non_empty
m0_sentence_s_copy1	3265	0.19	non_empty
m0_report_filter	3270	1.52	non_empty
m0_sentence_s	3320	0.19	non_empty
0_coabarang	3393	0.41	non_empty
0_updatehpp	4030	0.23	non_empty
0_barangbaru	4232	0.52	non_empty
m0_hitungulang_log	7655	1.52	non_empty
