contacts	UserId	user	users	92	plural_exact
dataauditlog	UserId	user	users	92	plural_exact
m0_msmq	userid	user	m0_user	96	same_prefix_exact
m0_msmq	userid	user	users	92	plural_exact
m0_nomor	menuid	menu	m0_menu	96	same_prefix_exact
m0_nomor	moduleid	module	m0_module	96	same_prefix_exact
m0_nomor_mobile	userid	user	m0_user	96	same_prefix_exact
m0_nomor_mobile	userid	user	users	92	plural_exact
m0_notifikasi_email	menuid	menu	m0_menu	96	same_prefix_exact
m0_notifikasi_email	moduleid	module	m0_module	96	same_prefix_exact
m0_notifikasi_email	userid	user	m0_user	96	same_prefix_exact
m0_notifikasi_email	userid	user	users	92	plural_exact
m0_user	userid	user	users	92	plural_exact
m0_user_branch	userid	user	m0_user	96	same_prefix_exact
m0_user_branch	userid	user	users	92	plural_exact
m0_user_coa	userid	user	m0_user	96	same_prefix_exact
m0_user_coa	userid	user	users	92	plural_exact
m0_user_location	userid	user	m0_user	96	same_prefix_exact
m0_user_location	userid	user	users	92	plural_exact
m0_user_role	userid	user	m0_user	96	same_prefix_exact
m0_user_role	userid	user	users	92	plural_exact
m0_user_role_s	userid	user	m0_user	96	same_prefix_exact
m0_user_role_s	userid	user	users	92	plural_exact
m0_user_warehouse	userid	user	m0_user	96	same_prefix_exact
m0_user_warehouse	userid	user	users	92	plural_exact
m13_bl_history	blid	bl	m13_bl	96	same_prefix_exact
m13_si_history	siid	si	m13_si	96	same_prefix_exact
m2_aj_history	ajid	aj	m2_aj	96	same_prefix_exact
m2_bd_history	bdid	bd	m2_bd	96	same_prefix_exact
m2_cb_history	cbid	cb	m2_cb	96	same_prefix_exact
m2_cd_history	cdid	cd	m2_cd	96	same_prefix_exact
m2_cr_history	crid	cr	m2_cr	96	same_prefix_exact
m2_gj_history	gjid	gj	m2_gj	96	same_prefix_exact
m2_jm_history	jmid	jm	m2_jm	96	same_prefix_exact
m2_rg_history	rgid	rg	m2_rg	96	same_prefix_exact
m2_rgc_history	rgcid	rgc	m2_rgc	96	same_prefix_exact
m2_rm_history	rmid	rm	m2_rm	96	same_prefix_exact
m2_sg_history	sgid	sg	m2_sg	96	same_prefix_exact
m2_sgc_history	sgcid	sgc	m2_sgc	96	same_prefix_exact
m2_sm_history	smid	sm	m2_sm	96	same_prefix_exact
m2r_barang_dibawah_margin	userid	user	users	92	plural_exact
m2r_barcode	userid	user	users	92	plural_exact
m2r_komisi_abd	userid	user	users	92	plural_exact
m2r_komisi_limo	userid	user	users	92	plural_exact
m2r_laporan_penjualan	userid	user	users	92	plural_exact
m2r_omzet_tagihan	userid	user	users	92	plural_exact
m2r_penjualan	userid	user	users	92	plural_exact
m2r_penjualan_per4bulan	userid	user	users	92	plural_exact
m2r_penjualan_perhari_1	userid	user	users	92	plural_exact
m2r_penjualan_perhari_2	userid	user	users	92	plural_exact
m2r_posisi_keuangan_t	userid	user	users	92	plural_exact
m2r_posisi_keuangan_t_detail	userid	user	users	92	plural_exact
m2r_saldoawal_hutang	userid	user	users	92	plural_exact
m2r_salesman_point	userid	user	users	92	plural_exact
m3_dc_history	dcid	dc	m3_dc	96	same_prefix_exact
m3_ib_history	ibid	ib	m3_ib	96	same_prefix_exact
m3_mr_history	mrid	mr	m3_mr	96	same_prefix_exact
m3_pa_history	paid	pa	m3_pa	96	same_prefix_exact
m3_rf_history	rfid	rf	m3_rf	96	same_prefix_exact
m3_rs_history	rsid	rs	m3_rs	96	same_prefix_exact
m3_rw_history	rwid	rw	m3_rw	96	same_prefix_exact
m3_sa_history	said	sa	m3_sa	96	same_prefix_exact
m3_sp_history	spid	sp	m3_sp	96	same_prefix_exact
m3_sp_progress	spid	sp	m3_sp	96	same_prefix_exact
m3_ts_history	tsid	ts	m3_ts	96	same_prefix_exact
m4_ap_history	apid	ap	m4_ap	96	same_prefix_exact
m4_bs_history	bsid	bs	m4_bs	96	same_prefix_exact
m4_dnr_history	dnrid	dnr	m4_dnr	96	same_prefix_exact
m4_grn_history	grnid	grn	m4_grn	96	same_prefix_exact
m4_pie_history	pieid	pie	m4_pie	96	same_prefix_exact
m4_po_history	poid	po	m4_po	96	same_prefix_exact
m4_pr_history	prid	pr	m4_pr	96	same_prefix_exact
m4_prt_history	prtid	prt	m4_prt	96	same_prefix_exact
m4_rfq_history	rfqid	rfq	m4_rfq	96	same_prefix_exact
m4_ri_history	riid	ri	m4_ri	96	same_prefix_exact
m4_rq_history	rqid	rq	m4_rq	96	same_prefix_exact
m4_vp_history	vpid	vp	m4_vp	96	same_prefix_exact
m4_vpp_history	vppid	vpp	m4_vpp	96	same_prefix_exact
m5_as_history	asid	as	m5_as	96	same_prefix_exact
m5_cl_history	clid	cl	m5_cl	96	same_prefix_exact
m5_do_history	doid	do	m5_do	96	same_prefix_exact
m5_dr_history	drid	dr	m5_dr	96	same_prefix_exact
m5_ic_history	icid	ic	m5_ic	96	same_prefix_exact
m5_ip_history	ipid	ip	m5_ip	96	same_prefix_exact
m5_pi_history	piid	pi	m5_pi	96	same_prefix_exact
m5_pl_history	plid	pl	m5_pl	96	same_prefix_exact
m5_pv_history	pvid	pv	m5_pv	96	same_prefix_exact
m5_rnr_history	rnrid	rnr	m5_rnr	96	same_prefix_exact
m5_rp_history	rpid	rp	m5_rp	96	same_prefix_exact
m5_si_failed	siid	si	m5_si	96	same_prefix_exact
m5_si_history	siid	si	m5_si	96	same_prefix_exact
m5_sie_history	sieid	sie	m5_sie	96	same_prefix_exact
m5_so_history	soid	so	m5_so	96	same_prefix_exact
m5_spa_history	spaid	spa	m5_spa	96	same_prefix_exact
m5_sq_history	sqid	sq	m5_sq	96	same_prefix_exact
m5_sr_history	srid	sr	m5_sr	96	same_prefix_exact
m6_bom_history	bomid	bom	m6_bom	96	same_prefix_exact
m6_mrn_history	mrnid	mrn	m6_mrn	96	same_prefix_exact
m6_mrs_history	mrsid	mrs	m6_mrs	96	same_prefix_exact
m6_pd_history	pdid	pd	m6_pd	96	same_prefix_exact
m6_pdr_history	pdrid	pdr	m6_pdr	96	same_prefix_exact
m6_wo_history	woid	wo	m6_wo	96	same_prefix_exact
m7_asset_transaction	atid	at	m7_at	96	same_prefix_exact
m7_asset_transaction_history	atid	at	m7_at	96	same_prefix_exact
meetingagendarelevant	ContactId	contact	contacts	92	plural_exact
meetingagendas	MeetingId	meeting	meetings	92	plural_exact
meetingattendees	ContactId	contact	contacts	92	plural_exact
meetingattendees	MeetingId	meeting	meetings	92	plural_exact
meetingdecisionrelevant	ContactId	contact	contacts	92	plural_exact
meetingdecisions	MeetingId	meeting	meetings	92	plural_exact
meetings	MeetingTypeId	meetingtype	meetingtypes	92	plural_exact
rolepermissions	RoleId	role	roles	92	plural_exact
userpermissions	UserId	user	users	92	plural_exact
userpreferences	UserId	user	users	92	plural_exact
userroles	RoleId	role	roles	92	plural_exact
userroles	UserId	user	users	92	plural_exact
