0_ap	InnoDB	217	0.06	2026-01-30 02:12:40	NULL
0_ar	InnoDB	328	0.08	2026-01-30 02:12:42	NULL
0_barangbaru	InnoDB	4232	0.52	2026-01-30 02:12:46	NULL
0_coabarang	InnoDB	3393	0.41	2026-01-30 02:13:29	NULL
0_coacustomer	InnoDB	51	0.02	2026-01-30 02:14:05	NULL
0_coasupplier	InnoDB	70	0.02	2026-01-30 02:14:06	NULL
0_coasupplier_copy	InnoDB	106	0.02	2026-01-30 02:14:07	NULL
0_customer	InnoDB	537	0.09	2026-01-30 02:14:08	NULL
0_hppglobal	InnoDB	2698	0.17	2026-01-30 02:14:13	NULL
0_po	InnoDB	41	0.02	2026-01-30 02:14:40	NULL
0_po_1	InnoDB	87	0.02	2026-01-30 02:14:40	NULL
0_saldoawal	InnoDB	1284	0.14	2026-01-30 02:14:41	NULL
0_so	InnoDB	93	0.02	2026-01-30 02:14:54	NULL
0_so_1	InnoDB	415	0.11	2026-01-30 02:14:55	NULL
0_so_update	InnoDB	415	0.09	2026-01-30 02:14:59	NULL
0_stokapril2018	InnoDB	52	0.02	2026-01-30 02:15:03	NULL
0_stokfebruari2018	InnoDB	2153	0.16	2026-01-30 02:15:04	NULL
0_stokjanuari2018	InnoDB	2047	0.16	2026-01-30 02:15:25	NULL
0_stokmaret2018	InnoDB	1949	0.14	2026-01-30 02:15:46	NULL
0_updatebarangjuni	InnoDB	415	0.06	2026-01-30 02:16:05	NULL
0_updatehpp	InnoDB	4030	0.23	2026-01-30 02:16:09	NULL
0_updatesupplier	InnoDB	387	0.06	2026-01-30 02:16:49	NULL
a	NULL	NULL	NULL	2026-01-30 02:35:26	NULL
ak_tmp	InnoDB	0	0.02	2026-01-30 02:16:53	NULL
businessunits	InnoDB	0	0.02	2026-01-30 02:16:53	NULL
contacts	InnoDB	0	0.02	2026-01-30 02:16:53	NULL
dataauditlog	InnoDB	0	0.02	2026-01-30 02:16:53	NULL
dateasset	InnoDB	436	0.05	2026-01-30 02:16:53	NULL
exceptions	InnoDB	0	0.02	2026-01-30 02:16:57	NULL
languages	InnoDB	11	0.02	2026-01-30 02:16:57	NULL
lb_tmp	InnoDB	0	0.02	2026-01-30 02:16:58	NULL
lu_tmp	InnoDB	0	0.02	2026-01-30 02:16:58	NULL
m0_app	InnoDB	3	0.02	2026-01-30 02:16:58	NULL
m0_backup	InnoDB	0	0.02	2026-01-30 02:16:58	NULL
m0_barcode_next	InnoDB	17	0.03	2026-01-30 02:16:58	NULL
m0_config	InnoDB	0	0.02	2026-01-30 02:16:58	NULL
m0_dashboardmail	InnoDB	140	0.02	2026-01-30 02:16:58	NULL
m0_dummy	InnoDB	0	0.02	2026-01-30 02:17:00	NULL
m0_export	InnoDB	0	0.02	2026-01-30 02:17:00	NULL
m0_global_allowance	InnoDB	3	0.03	2026-01-30 02:17:00	NULL
m0_group_aq	InnoDB	0	0.08	2026-01-30 02:17:00	NULL
m0_group_rq	InnoDB	14	0.08	2026-01-30 02:17:00	NULL
m0_hapusdata	InnoDB	49	0.02	2026-01-30 02:17:00	NULL
m0_hitungulang_log	InnoDB	7655	1.52	2026-01-30 02:17:01	NULL
m0_hppaverage	InnoDB	747	0.22	2026-01-30 02:18:19	NULL
m0_hppsaldo	InnoDB	0	0.02	2026-01-30 02:18:26	NULL
m0_import_target	InnoDB	44	0.02	2026-01-30 02:18:26	NULL
m0_import_target_cd	NULL	NULL	NULL	2026-01-30 02:35:26	NULL
m0_jenismutasi	InnoDB	2	0.02	2026-01-30 02:18:27	NULL
m0_labarugi	InnoDB	42	0.02	2026-01-30 02:18:27	NULL
m0_language	InnoDB	2	0.02	2026-01-30 02:18:28	NULL
m0_language_detail	InnoDB	165	0.02	2026-01-30 02:18:28	NULL
m0_menu	InnoDB	843	0.19	2026-01-30 02:18:29	NULL
m0_menu_lang	InnoDB	423	0.08	2026-01-30 02:18:38	NULL
m0_menu_s	InnoDB	338	0.08	2026-01-30 02:18:42	NULL
m0_menu_s_copy1	InnoDB	400	0.09	2026-01-30 02:18:45	NULL
m0_menu_s_lang	InnoDB	546	0.08	2026-01-30 02:18:49	NULL
m0_menu_v	NULL	NULL	NULL	2026-01-30 02:35:26	NULL
m0_module	InnoDB	15	0.02	2026-01-30 02:18:55	NULL
m0_msmq	InnoDB	1009	1.52	2026-01-30 02:18:55	NULL
m0_msmq_cogs	InnoDB	253	0.05	2026-01-30 02:19:06	NULL
m0_msmq_importdata	InnoDB	0	0.02	2026-01-30 02:19:09	NULL
m0_msmq_journal	InnoDB	371	0.06	2026-01-30 02:19:09	NULL
m0_nomor	InnoDB	137	0.05	2026-01-30 02:19:13	NULL
m0_nomor_mobile	InnoDB	0	0.02	2026-01-30 02:19:14	NULL
m0_nomor_next	InnoDB	234	0.09	2026-01-30 02:19:14	NULL
m0_nomor_next_failed	InnoDB	0	0.09	2026-01-30 02:19:17	NULL
m0_nomor_tmp	InnoDB	0	0.02	2026-01-30 02:19:17	NULL
m0_notifikasi_email	InnoDB	0	0.02	2026-01-30 02:19:17	NULL
m0_payment_method	InnoDB	10	0.02	2026-01-30 02:19:17	NULL
m0_permissions_custom	InnoDB	32	0.02	2026-01-30 02:19:17	NULL
m0_realization_category	InnoDB	7	0.02	2026-01-30 02:19:18	NULL
m0_report	InnoDB	1192	1.52	2026-01-30 02:19:18	NULL
m0_report_bylang	NULL	NULL	NULL	2026-01-30 02:35:26	NULL
m0_report_copy	InnoDB	1069	2.52	2026-01-30 02:19:32	NULL
m0_report_filter	InnoDB	3270	1.52	2026-01-30 02:19:47	NULL
m0_report_filter_copy1	InnoDB	3076	1.52	2026-01-30 02:20:24	NULL
m0_report_lang	InnoDB	1295	0.17	2026-01-30 02:20:54	NULL
m0_report_new	NULL	NULL	NULL	2026-01-30 02:35:26	NULL
m0_report_temp	InnoDB	78	0.02	2026-01-30 02:21:07	NULL
m0_role	InnoDB	13	0.02	2026-01-30 02:21:07	NULL
m0_role_custom	InnoDB	24	0.03	2026-01-30 02:21:08	NULL
m0_role_item_category	InnoDB	0	0.02	2026-01-30 02:21:08	NULL
m0_role_menu	InnoDB	2172	0.27	2026-01-30 02:21:08	NULL
m0_role_menu_s	InnoDB	1618	0.20	2026-01-30 02:21:30	NULL
m0_role_menu_s_copy1	InnoDB	1758	0.22	2026-01-30 02:21:46	NULL
m0_role_report	InnoDB	1163	0.19	2026-01-30 02:22:03	NULL
m0_role_report_s	InnoDB	1860	0.23	2026-01-30 02:22:15	NULL
m0_role_s	InnoDB	12	0.02	2026-01-30 02:22:33	NULL
m0_search_packet	InnoDB	68	0.02	2026-01-30 02:22:33	NULL
m0_selling_rate	InnoDB	5	0.02	2026-01-30 02:22:34	NULL
m0_sentence	InnoDB	3060	0.19	2026-01-30 02:22:34	NULL
m0_sentence_s	InnoDB	3320	0.19	2026-01-30 02:23:05	NULL
m0_sentence_s_copy1	InnoDB	3265	0.19	2026-01-30 02:24:25	NULL
m0_sentence_stranslate	InnoDB	3034	0.19	2026-01-30 02:23:37	NULL
m0_sentence_stranslate_copy1	InnoDB	1948	0.14	2026-01-30 02:24:07	NULL
m0_sentence_translate	InnoDB	1359	0.11	2026-01-30 02:24:57	NULL
m0_setting	InnoDB	1023	0.17	2026-01-30 02:25:11	NULL
m0_setting_bylang	NULL	NULL	NULL	2026-01-30 02:35:26	NULL
m0_setting_grup	InnoDB	22	0.02	2026-01-30 02:25:22	NULL
m0_setting_lang	InnoDB	269	0.05	2026-01-30 02:25:22	NULL
m0_setting_location	InnoDB	0	0.02	2026-01-30 02:25:25	NULL
m0_setting_s	InnoDB	1017	0.17	2026-01-30 02:25:25	NULL
m0_si	InnoDB	0	0.03	2026-01-30 02:25:36	NULL
m0_si_detail	InnoDB	0	0.06	2026-01-30 02:25:36	NULL
m0_si_pay	InnoDB	0	0.03	2026-01-30 02:25:37	NULL
m0_statistic	InnoDB	77	0.02	2026-01-30 02:25:37	NULL
m0_status	InnoDB	15	0.02	2026-01-30 02:25:38	NULL
m0_status_giro	InnoDB	4	0.02	2026-01-30 02:25:38	NULL
m0_status_progress	InnoDB	3	0.02	2026-01-30 02:25:38	NULL
m0_status_rq	InnoDB	5	0.02	2026-01-30 02:25:38	NULL
m0_struk	InnoDB	10	0.02	2026-01-30 02:25:38	NULL
m0_table_relation	InnoDB	93	0.02	2026-01-30 02:25:38	NULL
m0_table_relation_status	InnoDB	0	0.02	2026-01-30 02:25:39	NULL
m0_translate	InnoDB	1370	0.09	2026-01-30 02:25:39	NULL
m0_user	InnoDB	26	0.08	2026-01-30 02:25:53	NULL
m0_user_branch	InnoDB	0	0.02	2026-01-30 02:26:26	NULL
m0_user_coa	InnoDB	0	0.02	2026-01-30 02:26:26	NULL
m0_user_getdata	NULL	NULL	NULL	2026-01-30 02:35:26	NULL
m0_user_location	InnoDB	0	0.02	2026-01-30 02:26:26	NULL
m0_user_role	InnoDB	30	0.02	2026-01-30 02:26:26	NULL
m0_user_role_s	InnoDB	30	0.02	2026-01-30 02:26:27	NULL
m0_user_v	NULL	NULL	NULL	2026-01-30 02:35:26	NULL
m0_user_warehouse	InnoDB	0	0.02	2026-01-30 02:26:27	NULL
m0_usercustom_new	NULL	NULL	NULL	2026-01-30 02:35:26	NULL
m0_usergrup	InnoDB	0	0.02	2026-01-30 02:25:53	NULL
m0_usergrupmenu	InnoDB	209	0.03	2026-01-30 02:25:53	NULL
m0_userlog	InnoDB	2972	0.39	2026-01-30 02:25:56	NULL
m0_userlog_category	InnoDB	19	0.02	2026-01-30 02:26:26	NULL
m0_userlogerror	InnoDB	0	0.02	2026-01-30 02:26:25	NULL
m0_userlogin	InnoDB	20	0.02	2026-01-30 02:26:25	NULL
m0_userlogin_copy	InnoDB	12	0.02	2026-01-30 02:26:26	NULL
m0_userlogin_v	NULL	NULL	NULL	2026-01-30 02:35:26	NULL
m0_usermodule_new	NULL	NULL	NULL	2026-01-30 02:35:26	NULL
m0_userreport_new	NULL	NULL	NULL	2026-01-30 02:35:26	NULL
m0_validitas_data	InnoDB	0	0.02	2026-01-30 02:26:27	NULL
m0_validitas_data_category	InnoDB	19	0.02	2026-01-30 02:26:27	NULL
m0_versi_db	InnoDB	0	0.02	2026-01-30 02:26:28	NULL
m11_kj_cd	NULL	NULL	NULL	2026-01-30 02:35:26	NULL
m11_kj_getdata	NULL	NULL	NULL	2026-01-30 02:35:26	NULL
m11_lab_hasil	NULL	NULL	NULL	2026-01-30 02:35:26	NULL
m11_lb_getdatabyid	NULL	NULL	NULL	2026-01-30 02:35:26	NULL
m13_billing_category	InnoDB	0	0.05	2026-01-30 02:26:28	NULL
m13_billing_category_history	InnoDB	0	0.02	2026-01-30 02:26:28	NULL
m13_bl	InnoDB	0	0.03	2026-01-30 02:26:28	NULL
m13_bl_detail	InnoDB	0	0.05	2026-01-30 02:26:28	NULL
m13_bl_detail_billing	InnoDB	0	0.03	2026-01-30 02:26:28	NULL
m13_bl_detail_history	InnoDB	0	0.03	2026-01-30 02:26:28	NULL
m13_bl_history	InnoDB	0	0.02	2026-01-30 02:26:28	NULL
m13_class	InnoDB	0	0.05	2026-01-30 02:26:29	NULL
m13_class_history	InnoDB	0	0.02	2026-01-30 02:26:29	NULL
m13_faculty	InnoDB	0	0.05	2026-01-30 02:26:29	NULL
m13_faculty_history	InnoDB	0	0.05	2026-01-30 02:26:29	NULL
m13_py	InnoDB	0	0.03	2026-01-30 02:26:29	NULL
m13_py_detail	InnoDB	0	0.05	2026-01-30 02:26:29	NULL
m13_py_detail_bayar	InnoDB	0	0.03	2026-01-30 02:26:29	NULL
m13_school_year	InnoDB	0	0.05	2026-01-30 02:26:29	NULL
m13_school_year_history	InnoDB	0	0.05	2026-01-30 02:26:30	NULL
m13_si	InnoDB	0	0.02	2026-01-30 02:26:30	NULL
m13_si_history	InnoDB	0	0.02	2026-01-30 02:26:30	NULL
m13_student_category	InnoDB	0	0.06	2026-01-30 02:26:30	NULL
m13_student_category_billing	InnoDB	0	0.05	2026-01-30 02:26:30	NULL
m13_student_category_billing_history	InnoDB	0	0.02	2026-01-30 02:26:30	NULL
m13_student_category_history	InnoDB	0	0.02	2026-01-30 02:26:30	NULL
m13_student_status	InnoDB	0	0.05	2026-01-30 02:26:30	NULL
m13_student_status_history	InnoDB	0	0.05	2026-01-30 02:26:30	NULL
m13_study_program	InnoDB	0	0.05	2026-01-30 02:26:31	NULL
m13_study_program_history	InnoDB	0	0.02	2026-01-30 02:26:31	NULL
m14_account	InnoDB	0	0.03	2026-01-30 02:26:31	NULL
m14_account_history	InnoDB	0	0.03	2026-01-30 02:26:31	NULL
m14_ang	InnoDB	0	0.02	2026-01-30 02:26:31	NULL
m14_ang_detail	InnoDB	0	0.05	2026-01-30 02:26:31	NULL
m14_ang_detail_bayar	InnoDB	0	0.03	2026-01-30 02:26:31	NULL
m14_collateral	InnoDB	0	0.05	2026-01-30 02:26:31	NULL
m14_collateral_history	InnoDB	0	0.05	2026-01-30 02:26:31	NULL
m14_deposit	InnoDB	0	0.05	2026-01-30 02:26:31	NULL
m14_deposit_history	InnoDB	0	0.05	2026-01-30 02:26:32	NULL
m14_loan	InnoDB	0	0.05	2026-01-30 02:26:32	NULL
m14_loan_history	InnoDB	0	0.05	2026-01-30 02:26:32	NULL
m14_pjm	InnoDB	0	0.03	2026-01-30 02:26:32	NULL
m14_pjm_agunan	InnoDB	0	0.03	2026-01-30 02:26:32	NULL
m14_pjm_angsuran	InnoDB	0	0.02	2026-01-30 02:26:32	NULL
m14_pjm_detail	InnoDB	0	0.05	2026-01-30 02:26:32	NULL
m14_pjm_detail_bayar	InnoDB	0	0.03	2026-01-30 02:26:32	NULL
m14_smp	InnoDB	0	0.03	2026-01-30 02:26:32	NULL
m14_smp_detail	InnoDB	0	0.05	2026-01-30 02:26:33	NULL
m14_smp_detail_bayar	InnoDB	0	0.03	2026-01-30 02:26:33	NULL
m1_accident	InnoDB	0	0.05	2026-01-30 02:26:33	NULL
m1_accident_history	InnoDB	0	0.05	2026-01-30 02:26:33	NULL
m1_area	InnoDB	4	0.05	2026-01-30 02:26:33	NULL
m1_area_history	InnoDB	11	0.05	2026-01-30 02:26:33	NULL
m1_area_terkait	NULL	NULL	NULL	2026-01-30 02:35:26	NULL
m1_bank	InnoDB	5	0.05	2026-01-30 02:26:33	NULL
m1_bank_history	InnoDB	9	0.05	2026-01-30 02:26:34	NULL
m1_bank_terkait	NULL	NULL	NULL	2026-01-30 02:35:26	NULL
m1_bed	InnoDB	0	0.05	2026-01-30 02:26:34	NULL
m1_bed_history	InnoDB	0	0.05	2026-01-30 02:26:34	NULL
m1_branch	InnoDB	3	0.05	2026-01-30 02:26:34	NULL
m1_branch_history	InnoDB	11	0.05	2026-01-30 02:26:34	NULL
m1_branch_terkait	NULL	NULL	NULL	2026-01-30 02:35:26	NULL
m1_checking_category	InnoDB	0	0.03	2026-01-30 02:26:34	NULL
m1_checking_category_history	InnoDB	0	0.05	2026-01-30 02:26:34	NULL
m1_city	InnoDB	5	0.05	2026-01-30 02:26:35	NULL
m1_city_history	InnoDB	0	0.05	2026-01-30 02:26:35	NULL
m1_city_terkait	NULL	NULL	NULL	2026-01-30 02:35:26	NULL
m1_class	InnoDB	0	0.05	2026-01-30 02:26:35	NULL
m1_class_history	InnoDB	0	0.05	2026-01-30 02:26:35	NULL
m1_class_product	InnoDB	0	0.05	2026-01-30 02:26:35	NULL
m1_class_product_history	InnoDB	0	0.05	2026-01-30 02:26:35	NULL
m1_coa	InnoDB	409	0.34	2026-01-30 02:26:35	NULL
m1_coa_copy1	InnoDB	246	0.28	2026-01-30 02:26:40	NULL
m1_coa_history	InnoDB	14	0.17	2026-01-30 02:26:43	NULL
m1_coa_search	NULL	NULL	NULL	2026-01-30 02:35:27	NULL
m1_cogs_fifo_in	InnoDB	2622	0.83	2026-01-30 02:26:43	NULL
m1_cogs_fifo_out	InnoDB	208	0.11	2026-01-30 02:27:10	NULL
m1_cogs_special_in	InnoDB	0	0.08	2026-01-30 02:27:12	NULL
m1_cogs_special_in_cd	NULL	NULL	NULL	2026-01-30 02:35:27	NULL
m1_cogs_special_out	InnoDB	0	0.09	2026-01-30 02:27:13	NULL
m1_colleague	InnoDB	0	0.02	2026-01-30 02:27:13	NULL
m1_color	InnoDB	0	0.05	2026-01-30 02:27:13	NULL
m1_color_history	InnoDB	0	0.05	2026-01-30 02:27:13	NULL
m1_commission	InnoDB	0	0.03	2026-01-30 02:27:13	NULL
m1_commission_detail	InnoDB	0	0.02	2026-01-30 02:27:13	NULL
m1_commission_detail_history	InnoDB	0	0.02	2026-01-30 02:27:13	NULL
m1_commission_history	InnoDB	0	0.03	2026-01-30 02:27:13	NULL
m1_contact	InnoDB	23	0.17	2026-01-30 02:27:13	NULL
m1_contact_attention	InnoDB	11	0.03	2026-01-30 02:27:14	NULL
m1_contact_attention_cd	NULL	NULL	NULL	2026-01-30 02:35:27	NULL
m1_contact_attention_history	InnoDB	8	0.03	2026-01-30 02:27:14	NULL
m1_contact_category	InnoDB	5	0.05	2026-01-30 02:27:14	NULL
m1_contact_category_history	InnoDB	0	0.05	2026-01-30 02:27:14	NULL
m1_contact_cd	NULL	NULL	NULL	2026-01-30 02:35:27	NULL
m1_contact_comment	InnoDB	0	0.05	2026-01-30 02:27:14	NULL
m1_contact_comment_history	InnoDB	0	0.05	2026-01-30 02:27:15	NULL
m1_contact_commission	InnoDB	0	0.05	2026-01-30 02:27:15	NULL
m1_contact_copy	InnoDB	0	0.17	2026-01-30 02:27:15	NULL
m1_contact_expedition	InnoDB	0	0.02	2026-01-30 02:27:15	NULL
m1_contact_files	InnoDB	0	0.06	2026-01-30 02:27:15	NULL
m1_contact_getdata	NULL	NULL	NULL	2026-01-30 02:35:27	NULL
m1_contact_history	InnoDB	41	0.20	2026-01-30 02:27:15	NULL
m1_contact_point	InnoDB	8	0.02	2026-01-30 02:27:16	NULL
m1_contact_price	InnoDB	0	0.02	2026-01-30 02:27:16	NULL
m1_contact_price_copy	InnoDB	0	0.02	2026-01-30 02:27:16	NULL
m1_contact_price_history	InnoDB	5	0.02	2026-01-30 02:27:16	NULL
m1_contact_price_v	NULL	NULL	NULL	2026-01-30 02:35:27	NULL
m1_contact_terkait	NULL	NULL	NULL	2026-01-30 02:35:27	NULL
m1_contact_terms	InnoDB	0	0.02	2026-01-30 02:27:16	NULL
m1_contact_tmp	InnoDB	0	0.02	2026-01-30 02:27:17	NULL
m1_contact_v	NULL	NULL	NULL	2026-01-30 02:35:27	NULL
m1_cost_center	InnoDB	5	0.05	2026-01-30 02:27:17	NULL
m1_cost_center_history	InnoDB	0	0.05	2026-01-30 02:27:17	NULL
m1_cost_center_terkait	NULL	NULL	NULL	2026-01-30 02:35:27	NULL
m1_cost_center_v	NULL	NULL	NULL	2026-01-30 02:35:27	NULL
m1_country	InnoDB	3	0.05	2026-01-30 02:27:17	NULL
m1_country_history	InnoDB	0	0.05	2026-01-30 02:27:17	NULL
m1_country_terkait	NULL	NULL	NULL	2026-01-30 02:35:27	NULL
m1_currency	InnoDB	7	0.05	2026-01-30 02:27:17	NULL
m1_currency_history	InnoDB	32	0.05	2026-01-30 02:27:17	NULL
m1_currency_terkait	NULL	NULL	NULL	2026-01-30 02:35:27	NULL
m1_customer_category	InnoDB	4	0.05	2026-01-30 02:27:18	NULL
m1_customer_category_history	InnoDB	0	0.05	2026-01-30 02:27:18	NULL
m1_customer_category_terkait	NULL	NULL	NULL	2026-01-30 02:35:27	NULL
m1_department	InnoDB	0	0.05	2026-01-30 02:27:18	NULL
m1_department_history	InnoDB	0	0.05	2026-01-30 02:27:18	NULL
m1_department_v	NULL	NULL	NULL	2026-01-30 02:35:27	NULL
m1_designer	InnoDB	0	0.05	2026-01-30 02:27:18	NULL
m1_designer_history	InnoDB	0	0.05	2026-01-30 02:27:18	NULL
m1_diagnosis	InnoDB	0	0.05	2026-01-30 02:27:19	NULL
m1_division	InnoDB	24	0.05	2026-01-30 02:27:19	NULL
m1_division_history	InnoDB	0	0.05	2026-01-30 02:27:19	NULL
m1_division_terkait	NULL	NULL	NULL	2026-01-30 02:35:27	NULL
m1_expedition	InnoDB	5	0.02	2026-01-30 02:27:19	NULL
m1_expedition_history	InnoDB	2	0.02	2026-01-30 02:27:20	NULL
m1_files	InnoDB	5	0.02	2026-01-30 02:27:20	NULL
m1_files_copy	InnoDB	0	0.02	2026-01-30 02:27:20	NULL
m1_files_v	NULL	NULL	NULL	2026-01-30 02:35:27	NULL
m1_icd	InnoDB	0	0.03	2026-01-30 02:27:20	NULL
m1_icd_history	InnoDB	0	0.05	2026-01-30 02:27:20	NULL
m1_index_price	InnoDB	0	0.05	2026-01-30 02:27:20	NULL
m1_index_price_history	InnoDB	0	0.05	2026-01-30 02:27:20	NULL
m1_insurer	InnoDB	0	0.05	2026-01-30 02:27:20	NULL
m1_item	InnoDB	2279	3.84	2026-01-30 02:27:20	NULL
m1_item2	InnoDB	0	0.27	2026-01-30 02:27:46	NULL
m1_item_assembly	InnoDB	0	0.02	2026-01-30 02:27:46	NULL
m1_item_assembly_cd	NULL	NULL	NULL	2026-01-30 02:35:27	NULL
m1_item_assembly_history	InnoDB	0	0.02	2026-01-30 02:27:46	NULL
m1_item_booking	InnoDB	48	0.02	2026-01-30 02:27:46	NULL
m1_item_booking_po	InnoDB	86	0.02	2026-01-30 02:27:47	NULL
m1_item_branch_costcenter	InnoDB	0	0.05	2026-01-30 02:27:48	NULL
m1_item_c	InnoDB	0	0.27	2026-01-30 02:27:48	NULL
m1_item_category	InnoDB	12	0.05	2026-01-30 02:27:48	NULL
m1_item_category_history	InnoDB	3	0.05	2026-01-30 02:27:49	NULL
m1_item_category_terkait	NULL	NULL	NULL	2026-01-30 02:35:27	NULL
m1_item_category_v	NULL	NULL	NULL	2026-01-30 02:35:27	NULL
m1_item_cd	NULL	NULL	NULL	2026-01-30 02:35:27	NULL
m1_item_copy1	InnoDB	0	0.27	2026-01-30 02:27:49	NULL
m1_item_copy2	InnoDB	0	0.27	2026-01-30 02:27:49	NULL
m1_item_data	NULL	NULL	NULL	2026-01-30 02:35:27	NULL
m1_item_data_v	NULL	NULL	NULL	2026-01-30 02:35:27	NULL
m1_item_description	InnoDB	0	0.05	2026-01-30 02:27:49	NULL
m1_item_flex	InnoDB	0	0.27	2026-01-30 02:27:49	NULL
m1_item_getdata	NULL	NULL	NULL	2026-01-30 02:35:27	NULL
m1_item_hauling	InnoDB	0	0.27	2026-01-30 02:27:50	NULL
m1_item_hauling_getdata	NULL	NULL	NULL	2026-01-30 02:35:27	NULL
m1_item_hauling_history	InnoDB	0	0.27	2026-01-30 02:27:50	NULL
m1_item_hauling_v	NULL	NULL	NULL	2026-01-30 02:35:27	NULL
m1_item_history	InnoDB	150	0.39	2026-01-30 02:27:50	NULL
m1_item_history_po	NULL	NULL	NULL	2026-01-30 02:35:27	NULL
m1_item_history_ri	NULL	NULL	NULL	2026-01-30 02:35:27	NULL
m1_item_history_si	NULL	NULL	NULL	2026-01-30 02:35:27	NULL
m1_item_history_so	NULL	NULL	NULL	2026-01-30 02:35:27	NULL
m1_item_information_v	NULL	NULL	NULL	2026-01-30 02:35:27	NULL
m1_item_location	InnoDB	11	0.06	2026-01-30 02:27:53	NULL
m1_item_location_history	InnoDB	0	0.06	2026-01-30 02:27:53	NULL
m1_item_location_terkait	NULL	NULL	NULL	2026-01-30 02:35:27	NULL
m1_item_location_v	NULL	NULL	NULL	2026-01-30 02:35:27	NULL
m1_item_location_warehouse	InnoDB	11	0.05	2026-01-30 02:27:53	NULL
m1_item_location_warehouse_history	InnoDB	26	0.05	2026-01-30 02:27:53	NULL
m1_item_permission	InnoDB	2	0.02	2026-01-30 02:27:54	NULL
m1_item_permission_history	InnoDB	0	0.02	2026-01-30 02:27:54	NULL
m1_item_picking_list	InnoDB	0	0.02	2026-01-30 02:27:54	NULL
m1_item_price	InnoDB	0	0.02	2026-01-30 02:27:54	NULL
m1_item_price_history	InnoDB	0	0.02	2026-01-30 02:27:54	NULL
m1_item_stock_warehouse	InnoDB	194	0.02	2026-01-30 02:27:54	NULL
m1_item_stock_warehouse_log	InnoDB	0	0.02	2026-01-30 02:27:56	NULL
m1_item_stock_warehouse_v	NULL	NULL	NULL	2026-01-30 02:35:27	NULL
m1_item_supplier	InnoDB	3	0.05	2026-01-30 02:27:56	NULL
m1_item_supplier_history	InnoDB	5	0.05	2026-01-30 02:27:56	NULL
m1_item_terkait	NULL	NULL	NULL	2026-01-30 02:35:27	NULL
m1_item_transaction	InnoDB	730	17.38	2026-01-30 02:27:56	NULL
m1_item_transaction_history	InnoDB	207	17.05	2026-01-30 02:28:26	NULL
m1_item_transaksi_terakhir	NULL	NULL	NULL	2026-01-30 02:35:27	NULL
m1_item_type	InnoDB	8	0.03	2026-01-30 02:28:50	NULL
m1_item_type_history	InnoDB	0	0.05	2026-01-30 02:28:50	NULL
m1_item_type_terkait	NULL	NULL	NULL	2026-01-30 02:35:28	NULL
m1_item_v	NULL	NULL	NULL	2026-01-30 02:35:28	NULL
m1_lab_result	InnoDB	0	0.02	2026-01-30 02:28:50	NULL
m1_labour_cost	InnoDB	0	0.05	2026-01-30 02:28:50	NULL
m1_layanan	InnoDB	0	0.05	2026-01-30 02:28:50	NULL
m1_location	InnoDB	4	0.05	2026-01-30 02:28:50	NULL
m1_location_history	InnoDB	7	0.05	2026-01-30 02:28:50	NULL
m1_location_terkait	NULL	NULL	NULL	2026-01-30 02:35:28	NULL
m1_location_v	NULL	NULL	NULL	2026-01-30 02:35:28	NULL
m1_machine	InnoDB	0	0.05	2026-01-30 02:28:51	NULL
m1_machine_history	InnoDB	0	0.05	2026-01-30 02:28:51	NULL
m1_material	InnoDB	0	0.05	2026-01-30 02:28:51	NULL
m1_material_history	InnoDB	0	0.05	2026-01-30 02:28:51	NULL
m1_merk	InnoDB	0	0.05	2026-01-30 02:28:51	NULL
m1_merk_history	InnoDB	0	0.05	2026-01-30 02:28:51	NULL
m1_model	InnoDB	0	0.05	2026-01-30 02:28:51	NULL
m1_model_history	InnoDB	0	0.05	2026-01-30 02:28:52	NULL
m1_no_batch_in	InnoDB	153	0.09	2026-01-30 02:28:52	NULL
m1_no_batch_in_getdata	NULL	NULL	NULL	2026-01-30 02:35:28	NULL
m1_no_batch_in_old	InnoDB	0	0.06	2026-01-30 02:28:54	NULL
m1_no_batch_in_v	NULL	NULL	NULL	2026-01-30 02:35:28	NULL
m1_no_batch_out	InnoDB	120	0.06	2026-01-30 02:28:54	NULL
m1_no_batch_transaction	InnoDB	713	0.17	2026-01-30 02:28:55	NULL
m1_no_batch_transaction_history	InnoDB	113	0.05	2026-01-30 02:29:03	NULL
m1_no_batch_transaction_v	NULL	NULL	NULL	2026-01-30 02:35:28	NULL
m1_no_serial_in	InnoDB	613	0.17	2026-01-30 02:29:04	NULL
m1_no_serial_in_copy	InnoDB	0	0.06	2026-01-30 02:29:11	NULL
m1_no_serial_in_getdata	NULL	NULL	NULL	2026-01-30 02:35:28	NULL
m1_no_serial_in_old	InnoDB	0	0.06	2026-01-30 02:29:11	NULL
m1_no_serial_in_v	NULL	NULL	NULL	2026-01-30 02:35:28	NULL
m1_no_serial_out	InnoDB	101	0.06	2026-01-30 02:29:11	NULL
m1_no_serial_out_copy	InnoDB	0	0.06	2026-01-30 02:29:12	NULL
m1_no_serial_out_v	NULL	NULL	NULL	2026-01-30 02:35:28	NULL
m1_no_serial_transaction	InnoDB	825	0.19	2026-01-30 02:29:13	NULL
m1_no_serial_transaction_history	InnoDB	458	0.13	2026-01-30 02:29:21	NULL
m1_no_serial_transaction_v	NULL	NULL	NULL	2026-01-30 02:35:28	NULL
m1_notes	InnoDB	0	0.02	2026-01-30 02:28:52	NULL
m1_notes_v	NULL	NULL	NULL	2026-01-30 02:35:28	NULL
m1_oem	InnoDB	7	0.05	2026-01-30 02:29:26	NULL
m1_oem_history	InnoDB	0	0.05	2026-01-30 02:29:27	NULL
m1_other	InnoDB	0	0.02	2026-01-30 02:29:27	NULL
m1_other_cost	InnoDB	0	0.05	2026-01-30 02:29:27	NULL
m1_other_cost_history	InnoDB	3	0.05	2026-01-30 02:29:27	NULL
m1_other_history	InnoDB	0	0.02	2026-01-30 02:29:27	NULL
m1_other_v	NULL	NULL	NULL	2026-01-30 02:35:28	NULL
m1_patient	InnoDB	0	0.03	2026-01-30 02:29:27	NULL
m1_patient_category	InnoDB	0	0.05	2026-01-30 02:29:27	NULL
m1_price_category	InnoDB	2	0.05	2026-01-30 02:29:27	NULL
m1_price_category_detail	InnoDB	0	0.02	2026-01-30 02:29:27	NULL
m1_price_category_history	InnoDB	0	0.05	2026-01-30 02:29:27	NULL
m1_production_activity	InnoDB	0	0.05	2026-01-30 02:29:28	NULL
m1_production_activity_detail	InnoDB	0	0.02	2026-01-30 02:29:28	NULL
m1_production_activity_detail_history	InnoDB	0	0.02	2026-01-30 02:29:28	NULL
m1_production_activity_getdata	NULL	NULL	NULL	2026-01-30 02:35:28	NULL
m1_production_activity_history	InnoDB	0	0.05	2026-01-30 02:29:28	NULL
m1_production_activity_v	NULL	NULL	NULL	2026-01-30 02:35:28	NULL
m1_production_category	InnoDB	2	0.05	2026-01-30 02:29:28	NULL
m1_production_category_history	InnoDB	2	0.05	2026-01-30 02:29:28	NULL
m1_production_category_terkait	NULL	NULL	NULL	2026-01-30 02:35:28	NULL
m1_production_route	InnoDB	0	0.05	2026-01-30 02:29:28	NULL
m1_production_route_detail	InnoDB	0	0.02	2026-01-30 02:29:28	NULL
m1_project	InnoDB	8	0.02	2026-01-30 02:29:28	NULL
m1_project_history	InnoDB	8	0.02	2026-01-30 02:29:29	NULL
m1_project_terkait	NULL	NULL	NULL	2026-01-30 02:35:28	NULL
m1_project_v	NULL	NULL	NULL	2026-01-30 02:35:28	NULL
m1_province	InnoDB	2	0.05	2026-01-30 02:29:29	NULL
m1_province_history	InnoDB	2	0.05	2026-01-30 02:29:29	NULL
m1_province_terkait	NULL	NULL	NULL	2026-01-30 02:35:28	NULL
m1_reference	InnoDB	0	0.05	2026-01-30 02:29:29	NULL
m1_region	InnoDB	0	0.05	2026-01-30 02:29:29	NULL
m1_region_history	InnoDB	0	0.05	2026-01-30 02:29:29	NULL
m1_room	InnoDB	0	0.05	2026-01-30 02:29:29	NULL
m1_room_history	InnoDB	0	0.05	2026-01-30 02:29:29	NULL
m1_salesman_category	InnoDB	0	0.05	2026-01-30 02:29:30	NULL
m1_salesman_category_history	InnoDB	0	0.05	2026-01-30 02:29:30	NULL
m1_salesman_category_v	NULL	NULL	NULL	2026-01-30 02:35:28	NULL
m1_salesman_commission	InnoDB	25	0.02	2026-01-30 02:29:30	NULL
m1_section	InnoDB	0	0.05	2026-01-30 02:29:30	NULL
m1_section_history	InnoDB	0	0.05	2026-01-30 02:29:30	NULL
m1_selling_point	InnoDB	0	0.03	2026-01-30 02:29:30	NULL
m1_selling_point_history	InnoDB	0	0.02	2026-01-30 02:29:30	NULL
m1_size	InnoDB	0	0.05	2026-01-30 02:29:31	NULL
m1_size_history	InnoDB	2	0.05	2026-01-30 02:29:31	NULL
m1_subclass	InnoDB	0	0.05	2026-01-30 02:29:31	NULL
m1_subclass_history	InnoDB	0	0.05	2026-01-30 02:29:31	NULL
m1_subdepartment	InnoDB	0	0.05	2026-01-30 02:29:31	NULL
m1_subdepartment_history	InnoDB	0	0.05	2026-01-30 02:29:31	NULL
m1_subdepartment_v	NULL	NULL	NULL	2026-01-30 02:35:28	NULL
m1_subdistrict	InnoDB	0	0.05	2026-01-30 02:29:31	NULL
m1_subdivisi_terkait	NULL	NULL	NULL	2026-01-30 02:35:28	NULL
m1_subdivision	InnoDB	2	0.05	2026-01-30 02:29:31	NULL
m1_subdivision_history	InnoDB	0	0.05	2026-01-30 02:29:32	NULL
m1_subdivision_v	NULL	NULL	NULL	2026-01-30 02:35:28	NULL
m1_supplier_category	InnoDB	0	0.05	2026-01-30 02:29:32	NULL
m1_supplier_category_history	InnoDB	0	0.05	2026-01-30 02:29:32	NULL
m1_tax	InnoDB	9	0.05	2026-01-30 02:29:32	NULL
m1_tax_history	InnoDB	4	0.05	2026-01-30 02:29:32	NULL
m1_tax_terkait	NULL	NULL	NULL	2026-01-30 02:35:28	NULL
m1_terms	InnoDB	5	0.03	2026-01-30 02:29:32	NULL
m1_terms_history	InnoDB	14	0.03	2026-01-30 02:29:32	NULL
m1_terms_terkait	NULL	NULL	NULL	2026-01-30 02:35:28	NULL
m1_terms_v	NULL	NULL	NULL	2026-01-30 02:35:28	NULL
m1_transaction_note	InnoDB	2	0.02	2026-01-30 02:29:33	NULL
m1_transaction_note_detail	InnoDB	0	0.02	2026-01-30 02:29:33	NULL
m1_transaction_note_detail_history	InnoDB	0	0.02	2026-01-30 02:29:33	NULL
m1_transaction_note_history	InnoDB	0	0.02	2026-01-30 02:29:33	NULL
m1_trm	InnoDB	0	0.05	2026-01-30 02:29:33	NULL
m1_type_sa	InnoDB	0	0.03	2026-01-30 02:29:33	NULL
m1_type_sa_history	InnoDB	0	0.05	2026-01-30 02:29:33	NULL
m1_type_sa_terkait	NULL	NULL	NULL	2026-01-30 02:35:28	NULL
m1_type_sa_v	NULL	NULL	NULL	2026-01-30 02:35:28	NULL
m1_unit	InnoDB	21	0.05	2026-01-30 02:29:33	NULL
m1_unit_history	InnoDB	0	0.05	2026-01-30 02:29:34	NULL
m1_unit_terkait	NULL	NULL	NULL	2026-01-30 02:35:28	NULL
m1_upline	InnoDB	0	0.05	2026-01-30 02:29:34	NULL
m1_vendor	InnoDB	2	0.05	2026-01-30 02:29:34	NULL
m1_vendor_history	InnoDB	0	0.05	2026-01-30 02:29:34	NULL
m1_village	InnoDB	0	0.05	2026-01-30 02:29:34	NULL
m1_warehouse	InnoDB	10	0.05	2026-01-30 02:29:34	NULL
m1_warehouse_history	InnoDB	0	0.05	2026-01-30 02:29:35	NULL
m1_warehouse_v	NULL	NULL	NULL	2026-01-30 02:35:28	NULL
m1_working_estimate	InnoDB	5	0.05	2026-01-30 02:29:35	NULL
m1_working_estimate_history	InnoDB	0	0.05	2026-01-30 02:29:35	NULL
m1_working_estimate_terkait	NULL	NULL	NULL	2026-01-30 02:35:28	NULL
m2_accounting_period	InnoDB	27	0.02	2026-01-30 02:30:25	NULL
m2_aj	InnoDB	0	0.03	2026-01-30 02:30:26	NULL
m2_aj_detail	InnoDB	0	0.03	2026-01-30 02:30:26	NULL
m2_aj_detail_history	InnoDB	0	0.03	2026-01-30 02:30:26	NULL
m2_aj_getdata	NULL	NULL	NULL	2026-01-30 02:35:28	NULL
m2_aj_history	InnoDB	0	0.03	2026-01-30 02:30:26	NULL
m2_aj_v	NULL	NULL	NULL	2026-01-30 02:35:28	NULL
m2_bd	InnoDB	0	0.03	2026-01-30 02:30:26	NULL
m2_bd_detail	InnoDB	0	0.02	2026-01-30 02:30:26	NULL
m2_bd_detail_history	InnoDB	0	0.02	2026-01-30 02:30:26	NULL
m2_bd_getdata	NULL	NULL	NULL	2026-01-30 02:35:28	NULL
m2_bd_history	InnoDB	0	0.03	2026-01-30 02:30:26	NULL
m2_bd_utama	NULL	NULL	NULL	2026-01-30 02:35:28	NULL
m2_bd_v	NULL	NULL	NULL	2026-01-30 02:35:28	NULL
m2_cb	InnoDB	7	0.03	2026-01-30 02:30:27	NULL
m2_cb_detail	InnoDB	10	0.02	2026-01-30 02:30:27	NULL
m2_cb_detail_history	InnoDB	16	0.02	2026-01-30 02:30:27	NULL
m2_cb_history	InnoDB	16	0.03	2026-01-30 02:30:27	NULL
m2_cb_pay	InnoDB	2	0.02	2026-01-30 02:30:27	NULL
m2_cb_pay_history	InnoDB	13	0.02	2026-01-30 02:30:28	NULL
m2_cb_terkait	NULL	NULL	NULL	2026-01-30 02:35:29	NULL
m2_cd	InnoDB	13	0.14	2026-01-30 02:30:28	NULL
m2_cd_detail	InnoDB	15	0.02	2026-01-30 02:30:28	NULL
m2_cd_detail_history	InnoDB	19	0.02	2026-01-30 02:30:28	NULL
m2_cd_getdata	NULL	NULL	NULL	2026-01-30 02:35:29	NULL
m2_cd_history	InnoDB	19	0.03	2026-01-30 02:30:29	NULL
m2_cd_v	NULL	NULL	NULL	2026-01-30 02:35:29	NULL
m2_cr	InnoDB	24	0.14	2026-01-30 02:30:29	NULL
m2_cr_detail	InnoDB	27	0.02	2026-01-30 02:30:30	NULL
m2_cr_detail_history	InnoDB	36	0.02	2026-01-30 02:30:30	NULL
m2_cr_getdata	NULL	NULL	NULL	2026-01-30 02:35:29	NULL
m2_cr_history	InnoDB	36	0.03	2026-01-30 02:30:30	NULL
m2_cr_v	NULL	NULL	NULL	2026-01-30 02:35:29	NULL
m2_cr_v_history	NULL	NULL	NULL	2026-01-30 02:35:29	NULL
m2_files	InnoDB	4	0.02	2026-01-30 02:30:31	NULL
m2_giro_list	InnoDB	25	0.09	2026-01-30 02:30:31	NULL
m2_giro_list_app	NULL	NULL	NULL	2026-01-30 02:35:29	NULL
m2_giro_list_cd	NULL	NULL	NULL	2026-01-30 02:35:29	NULL
m2_giro_list_v	NULL	NULL	NULL	2026-01-30 02:35:29	NULL
m2_gj	InnoDB	19	0.03	2026-01-30 02:30:31	NULL
m2_gj_detail	InnoDB	52	0.02	2026-01-30 02:30:32	NULL
m2_gj_detail_history	InnoDB	28	0.02	2026-01-30 02:30:32	NULL
m2_gj_getdata	NULL	NULL	NULL	2026-01-30 02:35:29	NULL
m2_gj_history	InnoDB	11	0.03	2026-01-30 02:30:33	NULL
m2_gj_v	NULL	NULL	NULL	2026-01-30 02:35:29	NULL
m2_jm	InnoDB	0	0.03	2026-01-30 02:30:33	NULL
m2_jm_detail	InnoDB	0	0.02	2026-01-30 02:30:33	NULL
m2_jm_detail_history	InnoDB	0	0.02	2026-01-30 02:30:33	NULL
m2_jm_history	InnoDB	0	0.03	2026-01-30 02:30:33	NULL
m2_notes	InnoDB	0	0.02	2026-01-30 02:30:33	NULL
m2_notes_v	NULL	NULL	NULL	2026-01-30 02:35:29	NULL
m2_pengajuan_dana	InnoDB	0	4.19	2026-01-30 02:30:33	NULL
m2_print	InnoDB	0	0.02	2026-01-30 02:30:40	NULL
m2_realization	InnoDB	1094	3.78	2026-01-30 02:30:40	NULL
m2_realization_branch	InnoDB	39	3.78	2026-01-30 02:31:00	NULL
m2_realization_cost_center	InnoDB	0	3.78	2026-01-30 02:31:09	NULL
m2_realization_division	InnoDB	0	3.78	2026-01-30 02:31:18	NULL
m2_realization_location	InnoDB	39	3.78	2026-01-30 02:31:26	NULL
m2_realization_project	InnoDB	75	3.78	2026-01-30 02:31:35	NULL
m2_realization_subdivision	InnoDB	0	3.78	2026-01-30 02:31:45	NULL
m2_rg	InnoDB	4	0.03	2026-01-30 02:31:54	NULL
m2_rg_detail	InnoDB	5	0.02	2026-01-30 02:31:56	NULL
m2_rg_detail_history	InnoDB	6	0.02	2026-01-30 02:31:56	NULL
m2_rg_detail_v	NULL	NULL	NULL	2026-01-30 02:35:29	NULL
m2_rg_getdata	NULL	NULL	NULL	2026-01-30 02:35:29	NULL
m2_rg_history	InnoDB	3	0.03	2026-01-30 02:31:56	NULL
m2_rg_terkait	NULL	NULL	NULL	2026-01-30 02:35:29	NULL
m2_rg_v	NULL	NULL	NULL	2026-01-30 02:35:29	NULL
m2_rgc	InnoDB	5	0.03	2026-01-30 02:31:54	NULL
m2_rgc_detail	InnoDB	6	0.02	2026-01-30 02:31:55	NULL
m2_rgc_detail_history	InnoDB	32	0.02	2026-01-30 02:31:55	NULL
m2_rgc_getdata	NULL	NULL	NULL	2026-01-30 02:35:29	NULL
m2_rgc_history	InnoDB	29	0.03	2026-01-30 02:31:55	NULL
m2_rgc_terkait	NULL	NULL	NULL	2026-01-30 02:35:29	NULL
m2_rgc_v	NULL	NULL	NULL	2026-01-30 02:35:29	NULL
m2_rm	InnoDB	15	0.03	2026-01-30 02:31:56	NULL
m2_rm_detail	InnoDB	15	0.02	2026-01-30 02:31:56	NULL
m2_rm_detail_history	InnoDB	7	0.02	2026-01-30 02:31:57	NULL
m2_rm_getdata	NULL	NULL	NULL	2026-01-30 02:35:29	NULL
m2_rm_history	InnoDB	7	0.03	2026-01-30 02:31:57	NULL
m2_rm_historyjson	InnoDB	0	0.02	2026-01-30 02:31:57	NULL
m2_rm_pay	InnoDB	6	0.02	2026-01-30 02:31:57	NULL
m2_rm_pay_history	InnoDB	4	0.02	2026-01-30 02:31:57	NULL
m2_rm_pay_v	NULL	NULL	NULL	2026-01-30 02:35:29	NULL
m2_rm_terkait	NULL	NULL	NULL	2026-01-30 02:35:29	NULL
m2_rm_v	NULL	NULL	NULL	2026-01-30 02:35:29	NULL
m2_sg_detail_v	NULL	NULL	NULL	2026-01-30 02:35:29	NULL
m2_sg	InnoDB	5	0.03	2026-01-30 02:31:57	NULL
m2_sg_detail	InnoDB	8	0.02	2026-01-30 02:31:58	NULL
m2_sg_detail_history	InnoDB	2	0.02	2026-01-30 02:31:58	NULL
m2_sg_getdata	NULL	NULL	NULL	2026-01-30 02:35:29	NULL
m2_sg_history	InnoDB	2	0.03	2026-01-30 02:31:58	NULL
m2_sg_terkait	NULL	NULL	NULL	2026-01-30 02:35:29	NULL
m2_sg_v	NULL	NULL	NULL	2026-01-30 02:35:29	NULL
m2_sgc	InnoDB	2	0.03	2026-01-30 02:31:57	NULL
m2_sgc_detail	InnoDB	2	0.02	2026-01-30 02:31:58	NULL
m2_sgc_detail_history	InnoDB	3	0.02	2026-01-30 02:31:58	NULL
m2_sgc_getdata	NULL	NULL	NULL	2026-01-30 02:35:29	NULL
m2_sgc_history	InnoDB	3	0.03	2026-01-30 02:31:58	NULL
m2_sgc_terkait	NULL	NULL	NULL	2026-01-30 02:35:29	NULL
m2_sgc_v	NULL	NULL	NULL	2026-01-30 02:35:29	NULL
m2_sm	InnoDB	19	0.03	2026-01-30 02:31:58	NULL
m2_sm_detail	InnoDB	19	0.02	2026-01-30 02:31:59	NULL
m2_sm_detail_history	InnoDB	12	0.02	2026-01-30 02:31:59	NULL
m2_sm_getdata	NULL	NULL	NULL	2026-01-30 02:35:29	NULL
m2_sm_history	InnoDB	12	0.03	2026-01-30 02:31:59	NULL
m2_sm_pay	InnoDB	5	0.02	2026-01-30 02:31:59	NULL
m2_sm_pay_history	InnoDB	3	0.02	2026-01-30 02:32:00	NULL
m2_sm_pay_v	NULL	NULL	NULL	2026-01-30 02:35:29	NULL
m2_sm_terkait	NULL	NULL	NULL	2026-01-30 02:35:29	NULL
m2_sm_v	NULL	NULL	NULL	2026-01-30 02:35:29	NULL
m2_template	InnoDB	0	0.02	2026-01-30 02:32:00	NULL
m2_transaction_journal	InnoDB	1214	2.13	2026-01-30 02:32:00	NULL
m2_transaction_journal_history	InnoDB	0	9.45	2026-01-30 02:32:20	NULL
m2_transaction_journal_voucher	NULL	NULL	NULL	2026-01-30 02:35:29	NULL
m2r_analisa_penyusutan	InnoDB	0	0.02	2026-01-30 02:29:35	NULL
m2r_anggaran	InnoDB	0	0.02	2026-01-30 02:29:35	NULL
m2r_ap_card	InnoDB	0	0.05	2026-01-30 02:29:35	NULL
m2r_ap_card_detail	InnoDB	0	0.05	2026-01-30 02:29:35	NULL
m2r_ap_voucher	InnoDB	0	0.05	2026-01-30 02:29:36	NULL
m2r_ap_voucher_aging	InnoDB	0	0.05	2026-01-30 02:29:36	NULL
m2r_ap_voucher_aging_detail	InnoDB	0	0.05	2026-01-30 02:29:36	NULL
m2r_ap_voucher_detail	InnoDB	0	0.05	2026-01-30 02:29:36	NULL
m2r_appostage_card	InnoDB	0	0.05	2026-01-30 02:29:35	NULL
m2r_appostage_voucher	InnoDB	0	0.05	2026-01-30 02:29:35	NULL
m2r_ar_card	InnoDB	0	0.05	2026-01-30 02:29:36	NULL
m2r_ar_card_detail	InnoDB	0	0.05	2026-01-30 02:29:36	NULL
m2r_ar_voucher	InnoDB	0	0.05	2026-01-30 02:29:37	NULL
m2r_ar_voucher_aging	InnoDB	0	0.05	2026-01-30 02:29:37	NULL
m2r_ar_voucher_aging_detail	InnoDB	0	0.05	2026-01-30 02:29:37	NULL
m2r_ar_voucher_detail	InnoDB	0	0.05	2026-01-30 02:29:37	NULL
m2r_arpostage_card	InnoDB	0	0.05	2026-01-30 02:29:36	NULL
m2r_arpostage_voucher	InnoDB	0	0.05	2026-01-30 02:29:36	NULL
m2r_aruskas	InnoDB	0	0.02	2026-01-30 02:29:36	NULL
m2r_barang_dibawah_margin	InnoDB	0	0.02	2026-01-30 02:29:37	NULL
m2r_barcode	InnoDB	0	0.02	2026-01-30 02:29:37	NULL
m2r_batch_pertanggal	InnoDB	0	0.02	2026-01-30 02:29:37	NULL
m2r_bb_divisi	InnoDB	0	0.02	2026-01-30 02:29:37	NULL
m2r_bp_card	InnoDB	0	0.05	2026-01-30 02:29:37	NULL
m2r_bukubesar_akunlawan	InnoDB	0	0.02	2026-01-30 02:29:37	NULL
m2r_cekfifo	InnoDB	0	0.05	2026-01-30 02:29:38	NULL
m2r_customer_point	InnoDB	0	0.05	2026-01-30 02:29:38	NULL
m2r_general_ledger	InnoDB	0	0.05	2026-01-30 02:29:38	NULL
m2r_general_ledger_detail	InnoDB	0	0.05	2026-01-30 02:29:38	NULL
m2r_giro_voucher	InnoDB	0	0.09	2026-01-30 02:29:38	NULL
m2r_giro_voucher_aging	InnoDB	0	0.09	2026-01-30 02:29:38	NULL
m2r_hpp_produksi	InnoDB	0	0.02	2026-01-30 02:30:20	NULL
m2r_hppglobalkl	InnoDB	36	0.02	2026-01-30 02:29:38	NULL
m2r_hppglobalms	InnoDB	86	0.02	2026-01-30 02:29:39	NULL
m2r_hppglobalsa	InnoDB	1063	0.13	2026-01-30 02:29:40	NULL
m2r_hppglobalsk	InnoDB	1077	0.13	2026-01-30 02:29:51	NULL
m2r_hppgudangsa	InnoDB	285	0.05	2026-01-30 02:30:02	NULL
m2r_hppgudangsa_jml	InnoDB	586	0.08	2026-01-30 02:30:05	NULL
m2r_hppgudangsk	InnoDB	288	0.05	2026-01-30 02:30:11	NULL
m2r_hppgudangsk_jml	InnoDB	594	0.08	2026-01-30 02:30:14	NULL
m2r_inventory_aging	InnoDB	0	0.05	2026-01-30 02:30:20	NULL
m2r_ip_card	InnoDB	0	0.05	2026-01-30 02:30:20	NULL
m2r_ip_list	InnoDB	0	0.05	2026-01-30 02:30:20	NULL
m2r_ip_voucher	InnoDB	0	0.05	2026-01-30 02:30:20	NULL
m2r_item_stock_global	InnoDB	0	0.02	2026-01-30 02:30:21	NULL
m2r_item_stock_out	InnoDB	0	0.02	2026-01-30 02:30:21	NULL
m2r_kartu_stok	InnoDB	0	0.05	2026-01-30 02:30:21	NULL
m2r_kasbank_harian	InnoDB	0	0.05	2026-01-30 02:30:21	NULL
m2r_komisi_abd	InnoDB	0	0.02	2026-01-30 02:30:21	NULL
m2r_komisi_limo	InnoDB	0	0.02	2026-01-30 02:30:21	NULL
m2r_laba_pertahun	InnoDB	0	0.02	2026-01-30 02:30:21	NULL
m2r_laporan_harian	InnoDB	0	0.02	2026-01-30 02:30:21	NULL
m2r_laporan_penjualan	InnoDB	0	0.02	2026-01-30 02:30:21	NULL
m2r_lr_invoice_detail	InnoDB	0	0.02	2026-01-30 02:30:21	NULL
m2r_lr_invoice_global	InnoDB	0	0.02	2026-01-30 02:30:21	NULL
m2r_lr_per_hari	InnoDB	0	0.02	2026-01-30 02:30:22	NULL
m2r_mutasi_keuangan	InnoDB	0	0.02	2026-01-30 02:30:22	NULL
m2r_mutasi_stok	InnoDB	0	0.05	2026-01-30 02:30:22	NULL
m2r_mutasi_stok_batch	InnoDB	0	0.05	2026-01-30 02:30:22	NULL
m2r_mutasi_stok_custom	InnoDB	17	0.02	2026-01-30 02:30:22	NULL
m2r_mutasi_stok_detail	InnoDB	0	0.05	2026-01-30 02:30:22	NULL
m2r_mutasi_stok_rekap	InnoDB	0	0.02	2026-01-30 02:30:22	NULL
m2r_mutasi_stok_sumber	InnoDB	0	0.05	2026-01-30 02:30:22	NULL
m2r_neraca_mutasi	InnoDB	0	0.02	2026-01-30 02:30:22	NULL
m2r_neraca_mutasi_detail	InnoDB	0	0.02	2026-01-30 02:30:23	NULL
m2r_omzet_tagihan	InnoDB	0	0.02	2026-01-30 02:30:23	NULL
m2r_penjualan	InnoDB	0	0.02	2026-01-30 02:30:23	NULL
m2r_penjualan_barang_pertgl	InnoDB	0	0.02	2026-01-30 02:30:23	NULL
m2r_penjualan_per4bulan	InnoDB	0	0.02	2026-01-30 02:30:23	NULL
m2r_penjualan_perhari_1	InnoDB	0	0.02	2026-01-30 02:30:23	NULL
m2r_penjualan_perhari_2	InnoDB	0	0.02	2026-01-30 02:30:23	NULL
m2r_perhitungan_insentive	InnoDB	0	0.02	2026-01-30 02:30:23	NULL
m2r_perincian_biaya	InnoDB	0	0.02	2026-01-30 02:30:23	NULL
m2r_persediaan	InnoDB	0	0.02	2026-01-30 02:30:23	NULL
m2r_persediaan_detail	InnoDB	0	0.05	2026-01-30 02:30:23	NULL
m2r_posisi_keuangan	InnoDB	0	0.02	2026-01-30 02:30:23	NULL
m2r_posisi_keuangan_detail	InnoDB	0	0.02	2026-01-30 02:30:24	NULL
m2r_posisi_keuangan_pertahun	InnoDB	0	0.02	2026-01-30 02:30:24	NULL
m2r_posisi_keuangan_t	InnoDB	0	0.02	2026-01-30 02:30:24	NULL
m2r_posisi_keuangan_t_detail	InnoDB	0	0.02	2026-01-30 02:30:24	NULL
m2r_posisi_keuangan_tahun	InnoDB	0	0.02	2026-01-30 02:30:24	NULL
m2r_produksi_vs_penjualan	InnoDB	0	0.02	2026-01-30 02:30:24	NULL
m2r_rekap_barang_konsinyasi	InnoDB	0	0.05	2026-01-30 02:30:24	NULL
m2r_saldoawal_hutang	InnoDB	0	0.02	2026-01-30 02:30:24	NULL
m2r_salesman_point	InnoDB	0	0.05	2026-01-30 02:30:24	NULL
m2r_stok	InnoDB	0	0.02	2026-01-30 02:30:24	NULL
m2r_stok_coverday	InnoDB	0	0.02	2026-01-30 02:30:25	NULL
m2r_stok_covermonth	InnoDB	0	0.02	2026-01-30 02:30:25	NULL
m2r_stok_coverweek	InnoDB	0	0.02	2026-01-30 02:30:25	NULL
m2r_stok_gagal_upload	InnoDB	6	0.02	2026-01-30 02:30:25	NULL
m2r_stok_opname	InnoDB	0	0.02	2026-01-30 02:30:25	NULL
m2r_top_10_best_seller_per_store	InnoDB	0	0.02	2026-01-30 02:30:25	NULL
m2r_umpembelian_card	InnoDB	0	0.05	2026-01-30 02:30:25	NULL
m2r_umpembelian_voucher	InnoDB	0	0.05	2026-01-30 02:30:25	NULL
m2r_umpenjualan_card	InnoDB	0	0.05	2026-01-30 02:30:25	NULL
m2r_umpenjualan_voucher	InnoDB	0	0.05	2026-01-30 02:30:25	NULL
m2s_cashbank	NULL	NULL	NULL	2026-01-30 02:35:28	NULL
m2s_giro	NULL	NULL	NULL	2026-01-30 02:35:28	NULL
m3_dc	InnoDB	0	0.06	2026-01-30 02:32:34	NULL
m3_dc_check	InnoDB	0	0.03	2026-01-30 02:32:35	NULL
m3_dc_check_getdata	NULL	NULL	NULL	2026-01-30 02:35:29	NULL
m3_dc_check_history	InnoDB	0	0.03	2026-01-30 02:32:35	NULL
m3_dc_detail	InnoDB	0	0.03	2026-01-30 02:32:35	NULL
m3_dc_detail_history	InnoDB	0	0.03	2026-01-30 02:32:35	NULL
m3_dc_getdata	NULL	NULL	NULL	2026-01-30 02:35:29	NULL
m3_dc_history	InnoDB	0	0.06	2026-01-30 02:32:35	NULL
m3_dc_v	NULL	NULL	NULL	2026-01-30 02:35:29	NULL
m3_files	InnoDB	0	0.02	2026-01-30 02:32:35	NULL
m3_files_v	NULL	NULL	NULL	2026-01-30 02:35:30	NULL
m3_ib	InnoDB	9	0.13	2026-01-30 02:32:35	NULL
m3_ib_detail	InnoDB	513	0.19	2026-01-30 02:32:36	NULL
m3_ib_detail_history	InnoDB	10	0.06	2026-01-30 02:32:41	NULL
m3_ib_getdata	NULL	NULL	NULL	2026-01-30 02:35:30	NULL
m3_ib_history	InnoDB	8	0.13	2026-01-30 02:32:42	NULL
m3_ib_terkait	NULL	NULL	NULL	2026-01-30 02:35:30	NULL
m3_ib_v	NULL	NULL	NULL	2026-01-30 02:35:30	NULL
m3_mr	InnoDB	9	0.06	2026-01-30 02:32:42	NULL
m3_mr_detail	InnoDB	16	0.16	2026-01-30 02:32:42	NULL
m3_mr_detail_cd	NULL	NULL	NULL	2026-01-30 02:35:30	NULL
m3_mr_detail_history	InnoDB	12	0.16	2026-01-30 02:32:43	NULL
m3_mr_detail_v	NULL	NULL	NULL	2026-01-30 02:35:30	NULL
m3_mr_getdata	NULL	NULL	NULL	2026-01-30 02:35:30	NULL
m3_mr_history	InnoDB	8	0.06	2026-01-30 02:32:43	NULL
m3_mr_terkait	NULL	NULL	NULL	2026-01-30 02:35:30	NULL
m3_mr_v	NULL	NULL	NULL	2026-01-30 02:35:30	NULL
m3_notes	InnoDB	0	0.02	2026-01-30 02:32:43	NULL
m3_notes_v	NULL	NULL	NULL	2026-01-30 02:35:30	NULL
m3_pa	InnoDB	4	0.13	2026-01-30 02:32:43	NULL
m3_pa_detail	InnoDB	15	0.06	2026-01-30 02:32:44	NULL
m3_pa_detail_history	InnoDB	0	0.06	2026-01-30 02:32:44	NULL
m3_pa_getdata	NULL	NULL	NULL	2026-01-30 02:35:30	NULL
m3_pa_history	InnoDB	0	0.13	2026-01-30 02:32:44	NULL
m3_pa_v	NULL	NULL	NULL	2026-01-30 02:35:30	NULL
m3_rf	InnoDB	0	0.06	2026-01-30 02:32:44	NULL
m3_rf_detail	InnoDB	0	0.16	2026-01-30 02:32:45	NULL
m3_rf_detail_history	InnoDB	0	0.16	2026-01-30 02:32:45	NULL
m3_rf_history	InnoDB	0	0.06	2026-01-30 02:32:45	NULL
m3_rs	InnoDB	8	0.13	2026-01-30 02:32:45	NULL
m3_rs_detail	InnoDB	18	0.06	2026-01-30 02:32:46	NULL
m3_rs_detail_history	InnoDB	2	0.06	2026-01-30 02:32:46	NULL
m3_rs_getdata	NULL	NULL	NULL	2026-01-30 02:35:30	NULL
m3_rs_history	InnoDB	2	0.13	2026-01-30 02:32:46	NULL
m3_rs_terkait	NULL	NULL	NULL	2026-01-30 02:35:30	NULL
m3_rs_v	NULL	NULL	NULL	2026-01-30 02:35:30	NULL
m3_rw	InnoDB	0	0.06	2026-01-30 02:32:47	NULL
m3_rw_history	InnoDB	0	0.06	2026-01-30 02:32:47	NULL
m3_sa	InnoDB	18	0.13	2026-01-30 02:32:47	NULL
m3_sa_detail	InnoDB	29	0.06	2026-01-30 02:32:47	NULL
m3_sa_detail_history	InnoDB	13	0.06	2026-01-30 02:32:48	NULL
m3_sa_getdata	NULL	NULL	NULL	2026-01-30 02:35:30	NULL
m3_sa_history	InnoDB	13	0.13	2026-01-30 02:32:48	NULL
m3_sa_terkait	NULL	NULL	NULL	2026-01-30 02:35:30	NULL
m3_sa_v	NULL	NULL	NULL	2026-01-30 02:35:30	NULL
m3_sp	InnoDB	26	0.13	2026-01-30 02:32:48	NULL
m3_sp_cd	NULL	NULL	NULL	2026-01-30 02:35:30	NULL
m3_sp_detail	InnoDB	424	0.17	2026-01-30 02:32:49	NULL
m3_sp_detail_cd	NULL	NULL	NULL	2026-01-30 02:35:30	NULL
m3_sp_detail_history	InnoDB	394	0.17	2026-01-30 02:32:54	NULL
m3_sp_detail_progress	InnoDB	426	0.17	2026-01-30 02:32:58	NULL
m3_sp_detail_v	NULL	NULL	NULL	2026-01-30 02:35:30	NULL
m3_sp_getdata	NULL	NULL	NULL	2026-01-30 02:35:30	NULL
m3_sp_history	InnoDB	22	0.13	2026-01-30 02:33:03	NULL
m3_sp_progress	InnoDB	28	0.13	2026-01-30 02:33:03	NULL
m3_sp_takedata	NULL	NULL	NULL	2026-01-30 02:35:30	NULL
m3_sp_terkait	NULL	NULL	NULL	2026-01-30 02:35:30	NULL
m3_sp_v	NULL	NULL	NULL	2026-01-30 02:35:30	NULL
m3_ts	InnoDB	24	0.13	2026-01-30 02:33:04	NULL
m3_ts_detail	InnoDB	38	0.06	2026-01-30 02:33:04	NULL
m3_ts_detail_cd	NULL	NULL	NULL	2026-01-30 02:35:30	NULL
m3_ts_detail_history	InnoDB	26	0.06	2026-01-30 02:33:05	NULL
m3_ts_detail_v	NULL	NULL	NULL	2026-01-30 02:35:30	NULL
m3_ts_getdata	NULL	NULL	NULL	2026-01-30 02:35:30	NULL
m3_ts_history	InnoDB	16	0.13	2026-01-30 02:33:05	NULL
m3_ts_terkait	NULL	NULL	NULL	2026-01-30 02:35:30	NULL
m3_ts_v	NULL	NULL	NULL	2026-01-30 02:35:30	NULL
m4_ap	InnoDB	33	0.06	2026-01-30 02:33:06	NULL
m4_ap_getdata	NULL	NULL	NULL	2026-01-30 02:35:30	NULL
m4_ap_history	InnoDB	39	0.06	2026-01-30 02:33:06	NULL
m4_ap_pay	InnoDB	38	0.03	2026-01-30 02:33:07	NULL
m4_ap_pay_history	InnoDB	41	0.03	2026-01-30 02:33:08	NULL
m4_ap_terkait	NULL	NULL	NULL	2026-01-30 02:35:30	NULL
m4_ap_v	NULL	NULL	NULL	2026-01-30 02:35:30	NULL
m4_bs	InnoDB	0	0.06	2026-01-30 02:33:08	NULL
m4_bs_detail	InnoDB	0	0.02	2026-01-30 02:33:08	NULL
m4_bs_detail_history	InnoDB	0	0.02	2026-01-30 02:33:08	NULL
m4_bs_getdata	NULL	NULL	NULL	2026-01-30 02:35:30	NULL
m4_bs_history	InnoDB	0	0.06	2026-01-30 02:33:08	NULL
m4_bs_terkait	NULL	NULL	NULL	2026-01-30 02:35:30	NULL
m4_bs_v	NULL	NULL	NULL	2026-01-30 02:35:30	NULL
m4_cs	InnoDB	0	0.09	2026-01-30 02:33:09	NULL
m4_cs_detail	InnoDB	0	0.03	2026-01-30 02:33:09	NULL
m4_dnr	InnoDB	0	0.06	2026-01-30 02:33:09	NULL
m4_dnr_detail	InnoDB	0	0.06	2026-01-30 02:33:09	NULL
m4_dnr_detail_cd	NULL	NULL	NULL	2026-01-30 02:35:30	NULL
m4_dnr_detail_history	InnoDB	0	0.06	2026-01-30 02:33:09	NULL
m4_dnr_detail_v	NULL	NULL	NULL	2026-01-30 02:35:30	NULL
m4_dnr_getdata	NULL	NULL	NULL	2026-01-30 02:35:30	NULL
m4_dnr_history	InnoDB	0	0.06	2026-01-30 02:33:10	NULL
m4_dnr_terkait	NULL	NULL	NULL	2026-01-30 02:35:31	NULL
m4_dnr_v	NULL	NULL	NULL	2026-01-30 02:35:31	NULL
m4_files	InnoDB	0	0.02	2026-01-30 02:33:10	NULL
m4_grn	InnoDB	96	0.20	2026-01-30 02:33:10	NULL
m4_grn_cost	InnoDB	0	0.02	2026-01-30 02:33:11	NULL
m4_grn_cost_history	InnoDB	0	0.02	2026-01-30 02:33:11	NULL
m4_grn_cost_v	NULL	NULL	NULL	2026-01-30 02:35:31	NULL
m4_grn_detail	InnoDB	169	0.14	2026-01-30 02:33:11	NULL
m4_grn_detail_cd	NULL	NULL	NULL	2026-01-30 02:35:31	NULL
m4_grn_detail_history	InnoDB	163	0.14	2026-01-30 02:33:13	NULL
m4_grn_detail_v	NULL	NULL	NULL	2026-01-30 02:35:31	NULL
m4_grn_getdata	NULL	NULL	NULL	2026-01-30 02:35:31	NULL
m4_grn_history	InnoDB	118	0.22	2026-01-30 02:33:15	NULL
m4_grn_terkait	NULL	NULL	NULL	2026-01-30 02:35:31	NULL
m4_grn_v	NULL	NULL	NULL	2026-01-30 02:35:31	NULL
m4_ipc	InnoDB	0	0.06	2026-01-30 02:33:17	NULL
m4_ipc_detail	InnoDB	0	0.13	2026-01-30 02:33:17	NULL
m4_notes	InnoDB	0	0.02	2026-01-30 02:33:17	NULL
m4_notes_v	NULL	NULL	NULL	2026-01-30 02:35:31	NULL
m4_pie	InnoDB	10	0.06	2026-01-30 02:33:17	NULL
m4_pie_detail	InnoDB	19	0.03	2026-01-30 02:33:18	NULL
m4_pie_detail_history	InnoDB	2	0.02	2026-01-30 02:33:18	NULL
m4_pie_getdata	NULL	NULL	NULL	2026-01-30 02:35:31	NULL
m4_pie_history	InnoDB	2	0.03	2026-01-30 02:33:18	NULL
m4_pie_v	NULL	NULL	NULL	2026-01-30 02:35:31	NULL
m4_po	InnoDB	146	0.14	2026-01-30 02:33:18	NULL
m4_po_cd	NULL	NULL	NULL	2026-01-30 02:35:31	NULL
m4_po_cost	InnoDB	0	0.02	2026-01-30 02:33:20	NULL
m4_po_cost_history	InnoDB	0	0.02	2026-01-30 02:33:20	NULL
m4_po_cost_v	NULL	NULL	NULL	2026-01-30 02:35:31	NULL
m4_po_detail	InnoDB	243	0.22	2026-01-30 02:33:20	NULL
m4_po_detail_cd	NULL	NULL	NULL	2026-01-30 02:35:31	NULL
m4_po_detail_history	InnoDB	159	0.19	2026-01-30 02:33:23	NULL
m4_po_detail_v	NULL	NULL	NULL	2026-01-30 02:35:31	NULL
m4_po_getdata	NULL	NULL	NULL	2026-01-30 02:35:31	NULL
m4_po_history	InnoDB	114	0.13	2026-01-30 02:33:25	NULL
m4_po_terkait	NULL	NULL	NULL	2026-01-30 02:35:31	NULL
m4_po_trans	InnoDB	0	0.03	2026-01-30 02:33:26	NULL
m4_po_trans_history	InnoDB	0	0.03	2026-01-30 02:33:27	NULL
m4_po_v	NULL	NULL	NULL	2026-01-30 02:35:31	NULL
m4_pp	InnoDB	0	0.06	2026-01-30 02:33:27	NULL
m4_pp_pay	InnoDB	0	0.03	2026-01-30 02:33:27	NULL
m4_pp_terkait	NULL	NULL	NULL	2026-01-30 02:35:31	NULL
m4_pr	InnoDB	80	0.33	2026-01-30 02:33:27	NULL
m4_pr_detail	InnoDB	132	0.22	2026-01-30 02:33:30	NULL
m4_pr_detail_cd	NULL	NULL	NULL	2026-01-30 02:35:31	NULL
m4_pr_detail_history	InnoDB	100	0.20	2026-01-30 02:33:31	NULL
m4_pr_detail_v	NULL	NULL	NULL	2026-01-30 02:35:31	NULL
m4_pr_getdata	NULL	NULL	NULL	2026-01-30 02:35:31	NULL
m4_pr_history	InnoDB	76	0.09	2026-01-30 02:33:33	NULL
m4_pr_terkait	NULL	NULL	NULL	2026-01-30 02:35:31	NULL
m4_pr_trans	InnoDB	0	0.03	2026-01-30 02:33:34	NULL
m4_pr_trans_history	InnoDB	0	0.03	2026-01-30 02:33:34	NULL
m4_pr_v	NULL	NULL	NULL	2026-01-30 02:35:31	NULL
m4_prt	InnoDB	20	0.06	2026-01-30 02:33:28	NULL
m4_prt_detail	InnoDB	22	0.06	2026-01-30 02:33:29	NULL
m4_prt_detail_history	InnoDB	8	0.06	2026-01-30 02:33:29	NULL
m4_prt_getdata	NULL	NULL	NULL	2026-01-30 02:35:31	NULL
m4_prt_history	InnoDB	8	0.06	2026-01-30 02:33:29	NULL
m4_prt_terkait	NULL	NULL	NULL	2026-01-30 02:35:31	NULL
m4_prt_v	NULL	NULL	NULL	2026-01-30 02:35:31	NULL
m4_rfq	InnoDB	5	0.06	2026-01-30 02:33:34	NULL
m4_rfq_detail	InnoDB	5	0.03	2026-01-30 02:33:35	NULL
m4_rfq_detail_history	InnoDB	3	0.02	2026-01-30 02:33:35	NULL
m4_rfq_history	InnoDB	2	0.06	2026-01-30 02:33:35	NULL
m4_ri	InnoDB	63	0.11	2026-01-30 02:33:35	NULL
m4_ri_cost	InnoDB	0	0.02	2026-01-30 02:33:36	NULL
m4_ri_cost_history	InnoDB	0	0.02	2026-01-30 02:33:36	NULL
m4_ri_detail	InnoDB	113	0.11	2026-01-30 02:33:36	NULL
m4_ri_detail_cd	NULL	NULL	NULL	2026-01-30 02:35:31	NULL
m4_ri_detail_history	InnoDB	125	0.13	2026-01-30 02:33:38	NULL
m4_ri_detail_v	NULL	NULL	NULL	2026-01-30 02:35:31	NULL
m4_ri_getdata	NULL	NULL	NULL	2026-01-30 02:35:31	NULL
m4_ri_history	InnoDB	61	0.11	2026-01-30 02:33:39	NULL
m4_ri_pay	InnoDB	22	0.03	2026-01-30 02:33:40	NULL
m4_ri_pay_history	InnoDB	29	0.03	2026-01-30 02:33:40	NULL
m4_ri_terkait	NULL	NULL	NULL	2026-01-30 02:35:31	NULL
m4_ri_v	NULL	NULL	NULL	2026-01-30 02:35:31	NULL
m4_rq	InnoDB	17	0.09	2026-01-30 02:33:41	NULL
m4_rq_cd	NULL	NULL	NULL	2026-01-30 02:35:31	NULL
m4_rq_detail	InnoDB	45	0.03	2026-01-30 02:33:41	NULL
m4_rq_detail_cd	NULL	NULL	NULL	2026-01-30 02:35:31	NULL
m4_rq_detail_history	InnoDB	26	0.03	2026-01-30 02:33:42	NULL
m4_rq_detail_v	NULL	NULL	NULL	2026-01-30 02:35:31	NULL
m4_rq_getdata	NULL	NULL	NULL	2026-01-30 02:35:32	NULL
m4_rq_grup	NULL	NULL	NULL	2026-01-30 02:35:32	NULL
m4_rq_history	InnoDB	14	0.09	2026-01-30 02:33:42	NULL
m4_rq_terkait	NULL	NULL	NULL	2026-01-30 02:35:32	NULL
m4_rq_v	NULL	NULL	NULL	2026-01-30 02:35:32	NULL
m4_vp	InnoDB	38	0.25	2026-01-30 02:33:43	NULL
m4_vp_detail	InnoDB	97	0.06	2026-01-30 02:33:47	NULL
m4_vp_detail_history	InnoDB	115	0.08	2026-01-30 02:33:48	NULL
m4_vp_getdata	NULL	NULL	NULL	2026-01-30 02:35:32	NULL
m4_vp_getdata_pay	NULL	NULL	NULL	2026-01-30 02:35:32	NULL
m4_vp_history	InnoDB	36	0.25	2026-01-30 02:33:50	NULL
m4_vp_pay	InnoDB	38	0.03	2026-01-30 02:33:50	NULL
m4_vp_pay_history	InnoDB	30	0.03	2026-01-30 02:33:51	NULL
m4_vp_terkait	NULL	NULL	NULL	2026-01-30 02:35:32	NULL
m4_vp_v	NULL	NULL	NULL	2026-01-30 02:35:32	NULL
m4_vpp	InnoDB	21	0.31	2026-01-30 02:33:43	NULL
m4_vpp_cd	NULL	NULL	NULL	2026-01-30 02:35:32	NULL
m4_vpp_detail	InnoDB	48	0.03	2026-01-30 02:33:44	NULL
m4_vpp_detail_history	InnoDB	67	0.03	2026-01-30 02:33:45	NULL
m4_vpp_getdata	NULL	NULL	NULL	2026-01-30 02:35:32	NULL
m4_vpp_getdata_pay	NULL	NULL	NULL	2026-01-30 02:35:32	NULL
m4_vpp_history	InnoDB	31	0.31	2026-01-30 02:33:46	NULL
m4_vpp_pay	InnoDB	20	0.03	2026-01-30 02:33:46	NULL
m4_vpp_pay_history	InnoDB	25	0.03	2026-01-30 02:33:47	NULL
m4_vpp_takedata_ap	NULL	NULL	NULL	2026-01-30 02:35:32	NULL
m4_vpp_takedata_prt	NULL	NULL	NULL	2026-01-30 02:35:32	NULL
m4_vpp_takedata_ri	NULL	NULL	NULL	2026-01-30 02:35:32	NULL
m4_vpp_terkait	NULL	NULL	NULL	2026-01-30 02:35:32	NULL
m4_vpp_v	NULL	NULL	NULL	2026-01-30 02:35:32	NULL
m5_as	InnoDB	18	0.06	2026-01-30 02:33:51	NULL
m5_as_getdata	NULL	NULL	NULL	2026-01-30 02:35:32	NULL
m5_as_history	InnoDB	11	0.06	2026-01-30 02:33:52	NULL
m5_as_pay	InnoDB	21	0.03	2026-01-30 02:33:52	NULL
m5_as_pay_history	InnoDB	13	0.03	2026-01-30 02:33:52	NULL
m5_as_terkait	NULL	NULL	NULL	2026-01-30 02:35:32	NULL
m5_as_v	NULL	NULL	NULL	2026-01-30 02:35:32	NULL
m5_cl	InnoDB	0	0.06	2026-01-30 02:33:53	NULL
m5_cl_history	InnoDB	0	0.06	2026-01-30 02:33:53	NULL
m5_do	InnoDB	39	0.16	2026-01-30 02:33:53	NULL
m5_do_cd	NULL	NULL	NULL	2026-01-30 02:35:32	NULL
m5_do_detail	InnoDB	63	0.09	2026-01-30 02:33:54	NULL
m5_do_detail_cd	NULL	NULL	NULL	2026-01-30 02:35:32	NULL
m5_do_detail_history	InnoDB	51	0.09	2026-01-30 02:33:55	NULL
m5_do_detail_v	NULL	NULL	NULL	2026-01-30 02:35:32	NULL
m5_do_getdata	NULL	NULL	NULL	2026-01-30 02:35:32	NULL
m5_do_history	InnoDB	30	0.16	2026-01-30 02:33:55	NULL
m5_do_v	NULL	NULL	NULL	2026-01-30 02:35:32	NULL
m5_dr	InnoDB	14	0.16	2026-01-30 02:33:56	NULL
m5_dr_cd	NULL	NULL	NULL	2026-01-30 02:35:32	NULL
m5_dr_detail	InnoDB	23	0.06	2026-01-30 02:33:56	NULL
m5_dr_detail_cd	NULL	NULL	NULL	2026-01-30 02:35:32	NULL
m5_dr_detail_history	InnoDB	11	0.06	2026-01-30 02:33:57	NULL
m5_dr_detail_v	NULL	NULL	NULL	2026-01-30 02:35:32	NULL
m5_dr_getdata	NULL	NULL	NULL	2026-01-30 02:35:32	NULL
m5_dr_history	InnoDB	9	0.16	2026-01-30 02:33:57	NULL
m5_dr_v	NULL	NULL	NULL	2026-01-30 02:35:32	NULL
m5_files	InnoDB	0	0.02	2026-01-30 02:33:57	NULL
m5_ic	InnoDB	21	0.31	2026-01-30 02:33:57	NULL
m5_ic_cd	NULL	NULL	NULL	2026-01-30 02:35:32	NULL
m5_ic_detail	InnoDB	67	0.03	2026-01-30 02:33:58	NULL
m5_ic_detail_history	InnoDB	139	0.08	2026-01-30 02:33:59	NULL
m5_ic_getdata	NULL	NULL	NULL	2026-01-30 02:35:32	NULL
m5_ic_history	InnoDB	52	0.34	2026-01-30 02:34:00	NULL
m5_ic_takedata_as	NULL	NULL	NULL	2026-01-30 02:35:32	NULL
m5_ic_takedata_si	NULL	NULL	NULL	2026-01-30 02:35:32	NULL
m5_ic_takedata_sr	NULL	NULL	NULL	2026-01-30 02:35:32	NULL
m5_ic_terkait	NULL	NULL	NULL	2026-01-30 02:35:32	NULL
m5_ic_v	NULL	NULL	NULL	2026-01-30 02:35:32	NULL
m5_ip	InnoDB	17	0.06	2026-01-30 02:34:01	NULL
m5_ip_cd	NULL	NULL	NULL	2026-01-30 02:35:33	NULL
m5_ip_history	InnoDB	18	0.06	2026-01-30 02:34:02	NULL
m5_ip_pay	InnoDB	19	0.03	2026-01-30 02:34:02	NULL
m5_ip_pay_history	InnoDB	18	0.03	2026-01-30 02:34:03	NULL
m5_notes	InnoDB	0	0.02	2026-01-30 02:34:03	NULL
m5_notes_v	NULL	NULL	NULL	2026-01-30 02:35:33	NULL
m5_pi	InnoDB	20	0.06	2026-01-30 02:34:03	NULL
m5_pi_cd	NULL	NULL	NULL	2026-01-30 02:35:33	NULL
m5_pi_detail	InnoDB	34	0.06	2026-01-30 02:34:03	NULL
m5_pi_detail_cd	NULL	NULL	NULL	2026-01-30 02:35:33	NULL
m5_pi_detail_history	InnoDB	38	0.06	2026-01-30 02:34:04	NULL
m5_pi_detail_v	NULL	NULL	NULL	2026-01-30 02:35:33	NULL
m5_pi_getdata	NULL	NULL	NULL	2026-01-30 02:35:33	NULL
m5_pi_history	InnoDB	28	0.06	2026-01-30 02:34:04	NULL
m5_pi_terkait	NULL	NULL	NULL	2026-01-30 02:35:33	NULL
m5_pi_v	NULL	NULL	NULL	2026-01-30 02:35:33	NULL
m5_pl	InnoDB	10	0.06	2026-01-30 02:34:05	NULL
m5_pl_cd	NULL	NULL	NULL	2026-01-30 02:35:33	NULL
m5_pl_detail	InnoDB	19	0.13	2026-01-30 02:34:05	NULL
m5_pl_detail_cd	NULL	NULL	NULL	2026-01-30 02:35:33	NULL
m5_pl_detail_history	InnoDB	7	0.13	2026-01-30 02:34:06	NULL
m5_pl_detail_v	NULL	NULL	NULL	2026-01-30 02:35:33	NULL
m5_pl_getdata	NULL	NULL	NULL	2026-01-30 02:35:33	NULL
m5_pl_history	InnoDB	5	0.06	2026-01-30 02:34:06	NULL
m5_pl_pack	InnoDB	21	0.02	2026-01-30 02:34:06	NULL
m5_pl_pack_history	InnoDB	7	0.02	2026-01-30 02:34:06	NULL
m5_pl_v	NULL	NULL	NULL	2026-01-30 02:35:33	NULL
m5_print	InnoDB	0	0.02	2026-01-30 02:34:07	NULL
m5_pv	InnoDB	22	0.13	2026-01-30 02:34:07	NULL
m5_pv_detail	InnoDB	76	0.03	2026-01-30 02:34:07	NULL
m5_pv_detail_history	InnoDB	51	0.03	2026-01-30 02:34:08	NULL
m5_pv_getdata	NULL	NULL	NULL	2026-01-30 02:35:33	NULL
m5_pv_history	InnoDB	19	0.25	2026-01-30 02:34:09	NULL
m5_pv_v	NULL	NULL	NULL	2026-01-30 02:35:33	NULL
m5_rnr	InnoDB	0	0.06	2026-01-30 02:34:09	NULL
m5_rnr_cd	NULL	NULL	NULL	2026-01-30 02:35:33	NULL
m5_rnr_detail	InnoDB	0	0.06	2026-01-30 02:34:10	NULL
m5_rnr_detail_cd	NULL	NULL	NULL	2026-01-30 02:35:33	NULL
m5_rnr_detail_history	InnoDB	0	0.06	2026-01-30 02:34:10	NULL
m5_rnr_detail_v	NULL	NULL	NULL	2026-01-30 02:35:33	NULL
m5_rnr_getdata	NULL	NULL	NULL	2026-01-30 02:35:33	NULL
m5_rnr_history	InnoDB	0	0.06	2026-01-30 02:34:10	NULL
m5_rnr_terkait	NULL	NULL	NULL	2026-01-30 02:35:33	NULL
m5_rnr_v	NULL	NULL	NULL	2026-01-30 02:35:33	NULL
m5_rp	InnoDB	0	0.03	2026-01-30 02:34:10	NULL
m5_rp_history	InnoDB	0	0.03	2026-01-30 02:34:10	NULL
m5_rp_pay	InnoDB	0	0.03	2026-01-30 02:34:10	NULL
m5_rp_pay_history	InnoDB	0	0.03	2026-01-30 02:34:10	NULL
m5_rp_terkait	NULL	NULL	NULL	2026-01-30 02:35:33	NULL
m5_si	InnoDB	81	0.09	2026-01-30 02:34:10	NULL
m5_si_cd	NULL	NULL	NULL	2026-01-30 02:35:33	NULL
m5_si_detail	InnoDB	109	0.13	2026-01-30 02:34:12	NULL
m5_si_detail_cd	NULL	NULL	NULL	2026-01-30 02:35:33	NULL
m5_si_detail_failed	InnoDB	7	0.06	2026-01-30 02:34:13	NULL
m5_si_detail_history	InnoDB	73	0.11	2026-01-30 02:34:14	NULL
m5_si_detail_v	NULL	NULL	NULL	2026-01-30 02:35:33	NULL
m5_si_failed	InnoDB	6	0.06	2026-01-30 02:34:15	NULL
m5_si_getdata	NULL	NULL	NULL	2026-01-30 02:35:33	NULL
m5_si_getdata_h	NULL	NULL	NULL	2026-01-30 02:35:33	NULL
m5_si_history	InnoDB	83	0.14	2026-01-30 02:34:15	NULL
m5_si_history_v	NULL	NULL	NULL	2026-01-30 02:35:33	NULL
m5_si_installment	InnoDB	0	0.03	2026-01-30 02:34:16	NULL
m5_si_material	InnoDB	0	0.06	2026-01-30 02:34:16	NULL
m5_si_material_history	InnoDB	0	0.06	2026-01-30 02:34:17	NULL
m5_si_pay	InnoDB	39	0.03	2026-01-30 02:34:17	NULL
m5_si_pay_history	InnoDB	20	0.03	2026-01-30 02:34:17	NULL
m5_si_terkait	NULL	NULL	NULL	2026-01-30 02:35:33	NULL
m5_si_v	NULL	NULL	NULL	2026-01-30 02:35:33	NULL
m5_sie	InnoDB	2	0.06	2026-01-30 02:34:12	NULL
m5_sie_detail	InnoDB	3	0.03	2026-01-30 02:34:12	NULL
m5_sie_detail_history	InnoDB	0	0.02	2026-01-30 02:34:12	NULL
m5_sie_history	InnoDB	0	0.03	2026-01-30 02:34:12	NULL
m5_so	InnoDB	54	0.09	2026-01-30 02:34:18	NULL
m5_so_cd	NULL	NULL	NULL	2026-01-30 02:35:33	NULL
m5_so_detail	InnoDB	94	0.17	2026-01-30 02:34:18	NULL
m5_so_detail_cd	NULL	NULL	NULL	2026-01-30 02:35:33	NULL
m5_so_detail_history	InnoDB	63	0.16	2026-01-30 02:34:20	NULL
m5_so_detail_v	NULL	NULL	NULL	2026-01-30 02:35:33	NULL
m5_so_detail_vmob	NULL	NULL	NULL	2026-01-30 02:35:33	NULL
m5_so_getdata	NULL	NULL	NULL	2026-01-30 02:35:33	NULL
m5_so_history	InnoDB	45	0.09	2026-01-30 02:34:21	NULL
m5_so_terkait	NULL	NULL	NULL	2026-01-30 02:35:33	NULL
m5_so_v	NULL	NULL	NULL	2026-01-30 02:35:34	NULL
m5_spa	InnoDB	0	0.03	2026-01-30 02:34:21	NULL
m5_spa_detail	InnoDB	0	0.02	2026-01-30 02:34:21	NULL
m5_spa_detail_history	InnoDB	0	0.02	2026-01-30 02:34:21	NULL
m5_spa_getdata	NULL	NULL	NULL	2026-01-30 02:35:34	NULL
m5_spa_history	InnoDB	0	0.03	2026-01-30 02:34:21	NULL
m5_spa_v	NULL	NULL	NULL	2026-01-30 02:35:34	NULL
m5_sq	InnoDB	44	0.28	2026-01-30 02:34:22	NULL
m5_sq_cd	NULL	NULL	NULL	2026-01-30 02:35:34	NULL
m5_sq_detail	InnoDB	68	0.16	2026-01-30 02:34:22	NULL
m5_sq_detail_cd	NULL	NULL	NULL	2026-01-30 02:35:34	NULL
m5_sq_detail_history	InnoDB	49	0.16	2026-01-30 02:34:23	NULL
m5_sq_detail_v	NULL	NULL	NULL	2026-01-30 02:35:34	NULL
m5_sq_getdata	NULL	NULL	NULL	2026-01-30 02:35:34	NULL
m5_sq_history	InnoDB	33	0.06	2026-01-30 02:34:24	NULL
m5_sq_out	InnoDB	0	0.06	2026-01-30 02:34:25	NULL
m5_sq_out_bahan	InnoDB	0	0.06	2026-01-30 02:34:25	NULL
m5_sq_out_bahan1	InnoDB	0	0.06	2026-01-30 02:34:25	NULL
m5_sq_shipping	InnoDB	0	0.06	2026-01-30 02:34:25	NULL
m5_sq_terkait	NULL	NULL	NULL	2026-01-30 02:35:34	NULL
m5_sq_v	NULL	NULL	NULL	2026-01-30 02:35:34	NULL
m5_sr	InnoDB	18	0.06	2026-01-30 02:34:25	NULL
m5_sr_detail	InnoDB	19	0.06	2026-01-30 02:34:25	NULL
m5_sr_detail_history	InnoDB	9	0.06	2026-01-30 02:34:26	NULL
m5_sr_getdata	NULL	NULL	NULL	2026-01-30 02:35:34	NULL
m5_sr_history	InnoDB	9	0.06	2026-01-30 02:34:26	NULL
m5_sr_terkait	NULL	NULL	NULL	2026-01-30 02:35:34	NULL
m5_sr_v	NULL	NULL	NULL	2026-01-30 02:35:34	NULL
m6_bom	InnoDB	12	0.03	2026-01-30 02:34:26	NULL
m6_bom_cd	NULL	NULL	NULL	2026-01-30 02:35:34	NULL
m6_bom_getdata	NULL	NULL	NULL	2026-01-30 02:35:34	NULL
m6_bom_getdata_out	NULL	NULL	NULL	2026-01-30 02:35:34	NULL
m6_bom_history	InnoDB	43	0.03	2026-01-30 02:34:27	NULL
m6_bom_in	InnoDB	12	0.02	2026-01-30 02:34:27	NULL
m6_bom_in_history	InnoDB	43	0.02	2026-01-30 02:34:27	NULL
m6_bom_out	InnoDB	27	0.02	2026-01-30 02:34:28	NULL
m6_bom_out_history	InnoDB	123	0.06	2026-01-30 02:34:28	NULL
m6_bom_v	NULL	NULL	NULL	2026-01-30 02:35:34	NULL
m6_files	InnoDB	0	0.02	2026-01-30 02:34:30	NULL
m6_itembom_in	InnoDB	11	0.02	2026-01-30 02:34:30	NULL
m6_itembom_out	InnoDB	26	0.02	2026-01-30 02:34:30	NULL
m6_itembom_v	NULL	NULL	NULL	2026-01-30 02:35:34	NULL
m6_mrn	InnoDB	4	0.03	2026-01-30 02:34:30	NULL
m6_mrn_cd	NULL	NULL	NULL	2026-01-30 02:35:34	NULL
m6_mrn_getdata	NULL	NULL	NULL	2026-01-30 02:35:34	NULL
m6_mrn_getdata_out	NULL	NULL	NULL	2026-01-30 02:35:34	NULL
m6_mrn_history	InnoDB	8	0.03	2026-01-30 02:34:31	NULL
m6_mrn_in	InnoDB	0	0.03	2026-01-30 02:34:31	NULL
m6_mrn_in_history	InnoDB	0	0.03	2026-01-30 02:34:31	NULL
m6_mrn_out	InnoDB	5	0.02	2026-01-30 02:34:31	NULL
m6_mrn_out_history	InnoDB	10	0.02	2026-01-30 02:34:31	NULL
m6_mrn_v	NULL	NULL	NULL	2026-01-30 02:35:34	NULL
m6_mrs	InnoDB	14	0.03	2026-01-30 02:34:31	NULL
m6_mrs_cd	NULL	NULL	NULL	2026-01-30 02:35:34	NULL
m6_mrs_getdata	NULL	NULL	NULL	2026-01-30 02:35:34	NULL
m6_mrs_getdata_out	NULL	NULL	NULL	2026-01-30 02:35:34	NULL
m6_mrs_history	InnoDB	19	0.03	2026-01-30 02:34:32	NULL
m6_mrs_in	InnoDB	0	0.03	2026-01-30 02:34:32	NULL
m6_mrs_in_history	InnoDB	0	0.03	2026-01-30 02:34:32	NULL
m6_mrs_out	InnoDB	22	0.02	2026-01-30 02:34:32	NULL
m6_mrs_out_cd	NULL	NULL	NULL	2026-01-30 02:35:34	NULL
m6_mrs_out_history	InnoDB	30	0.02	2026-01-30 02:34:32	NULL
m6_mrs_v	NULL	NULL	NULL	2026-01-30 02:35:34	NULL
m6_notes	InnoDB	0	0.02	2026-01-30 02:34:33	NULL
m6_pd	InnoDB	22	0.03	2026-01-30 02:34:33	NULL
m6_pd_bom	InnoDB	31	0.02	2026-01-30 02:34:36	NULL
m6_pd_cd	NULL	NULL	NULL	2026-01-30 02:35:34	NULL
m6_pd_getdata	NULL	NULL	NULL	2026-01-30 02:35:34	NULL
m6_pd_getdata_out	NULL	NULL	NULL	2026-01-30 02:35:34	NULL
m6_pd_history	InnoDB	34	0.03	2026-01-30 02:34:37	NULL
m6_pd_in	InnoDB	22	0.03	2026-01-30 02:34:37	NULL
m6_pd_in_history	InnoDB	34	0.03	2026-01-30 02:34:37	NULL
m6_pd_out	InnoDB	43	0.03	2026-01-30 02:34:38	NULL
m6_pd_out_history	InnoDB	58	0.02	2026-01-30 02:34:39	NULL
m6_pd_terkait	NULL	NULL	NULL	2026-01-30 02:35:34	NULL
m6_pd_v	NULL	NULL	NULL	2026-01-30 02:35:35	NULL
m6_pdr	InnoDB	11	0.03	2026-01-30 02:34:33	NULL
m6_pdr_cd	NULL	NULL	NULL	2026-01-30 02:35:34	NULL
m6_pdr_getdata	NULL	NULL	NULL	2026-01-30 02:35:34	NULL
m6_pdr_getdata_out	NULL	NULL	NULL	2026-01-30 02:35:34	NULL
m6_pdr_history	InnoDB	45	0.03	2026-01-30 02:34:34	NULL
m6_pdr_in	InnoDB	11	0.03	2026-01-30 02:34:34	NULL
m6_pdr_in_history	InnoDB	45	0.03	2026-01-30 02:34:34	NULL
m6_pdr_out	InnoDB	15	0.02	2026-01-30 02:34:35	NULL
m6_pdr_out_history	InnoDB	69	0.05	2026-01-30 02:34:35	NULL
m6_pdr_v	NULL	NULL	NULL	2026-01-30 02:35:34	NULL
m6_wo	InnoDB	16	0.03	2026-01-30 02:34:39	NULL
m6_wo_activity	InnoDB	0	0.02	2026-01-30 02:34:40	NULL
m6_wo_cd	NULL	NULL	NULL	2026-01-30 02:35:35	NULL
m6_wo_getdata	NULL	NULL	NULL	2026-01-30 02:35:35	NULL
m6_wo_getdata_in	NULL	NULL	NULL	2026-01-30 02:35:35	NULL
m6_wo_getdata_out	NULL	NULL	NULL	2026-01-30 02:35:35	NULL
m6_wo_history	InnoDB	28	0.03	2026-01-30 02:34:40	NULL
m6_wo_in	InnoDB	16	0.03	2026-01-30 02:34:40	NULL
m6_wo_in_history	InnoDB	28	0.03	2026-01-30 02:34:40	NULL
m6_wo_out	InnoDB	24	0.02	2026-01-30 02:34:41	NULL
m6_wo_out_history	InnoDB	30	0.02	2026-01-30 02:34:41	NULL
m6_wo_route_card	InnoDB	0	0.02	2026-01-30 02:34:42	NULL
m6_wo_v	NULL	NULL	NULL	2026-01-30 02:35:35	NULL
m7_ab	InnoDB	0	0.06	2026-01-30 02:34:42	NULL
m7_ab_detail	InnoDB	0	0.02	2026-01-30 02:34:42	NULL
m7_ac	InnoDB	0	0.02	2026-01-30 02:34:42	NULL
m7_ac_detail	InnoDB	0	0.02	2026-01-30 02:34:42	NULL
m7_ae	InnoDB	0	0.13	2026-01-30 02:34:42	NULL
m7_ae_detail	InnoDB	0	0.06	2026-01-30 02:34:42	NULL
m7_ae_getdata	NULL	NULL	NULL	2026-01-30 02:35:35	NULL
m7_ae_v	NULL	NULL	NULL	2026-01-30 02:35:35	NULL
m7_ag	InnoDB	0	0.09	2026-01-30 02:34:42	NULL
m7_ag_detail	InnoDB	0	0.06	2026-01-30 02:34:43	NULL
m7_ag_getdata	NULL	NULL	NULL	2026-01-30 02:35:35	NULL
m7_ag_v	NULL	NULL	NULL	2026-01-30 02:35:35	NULL
m7_ao	InnoDB	0	0.06	2026-01-30 02:34:43	NULL
m7_ao_detail	InnoDB	0	0.09	2026-01-30 02:34:43	NULL
m7_ao_getdata	NULL	NULL	NULL	2026-01-30 02:35:35	NULL
m7_ao_v	NULL	NULL	NULL	2026-01-30 02:35:35	NULL
m7_aq	InnoDB	0	0.09	2026-01-30 02:34:43	NULL
m7_aq_detail	InnoDB	0	0.03	2026-01-30 02:34:43	NULL
m7_aq_detail_cd	NULL	NULL	NULL	2026-01-30 02:35:35	NULL
m7_aq_getdata	NULL	NULL	NULL	2026-01-30 02:35:35	NULL
m7_aq_v	NULL	NULL	NULL	2026-01-30 02:35:35	NULL
m7_ar	InnoDB	0	0.06	2026-01-30 02:34:43	NULL
m7_ar_detail	InnoDB	0	0.13	2026-01-30 02:34:44	NULL
m7_ar_detail_cd	NULL	NULL	NULL	2026-01-30 02:35:35	NULL
m7_ar_getdata	NULL	NULL	NULL	2026-01-30 02:35:35	NULL
m7_ar_v	NULL	NULL	NULL	2026-01-30 02:35:35	NULL
m7_asl	InnoDB	0	0.06	2026-01-30 02:34:44	NULL
m7_asl_detail	InnoDB	0	0.06	2026-01-30 02:34:44	NULL
m7_asr	InnoDB	0	0.06	2026-01-30 02:34:44	NULL
m7_asr_detail	InnoDB	0	0.06	2026-01-30 02:34:44	NULL
m7_asset	InnoDB	3	0.06	2026-01-30 02:34:44	NULL
m7_asset_category	InnoDB	5	0.05	2026-01-30 02:34:45	NULL
m7_asset_category_cd	NULL	NULL	NULL	2026-01-30 02:35:35	NULL
m7_asset_category_history	InnoDB	0	0.05	2026-01-30 02:34:45	NULL
m7_asset_category_tax	InnoDB	17	0.05	2026-01-30 02:34:45	NULL
m7_asset_category_tax_cd	NULL	NULL	NULL	2026-01-30 02:35:35	NULL
m7_asset_category_tax_history	InnoDB	0	0.05	2026-01-30 02:34:45	NULL
m7_asset_category_tax_terkait	NULL	NULL	NULL	2026-01-30 02:35:35	NULL
m7_asset_category_tax_v	NULL	NULL	NULL	2026-01-30 02:35:35	NULL
m7_asset_category_terkait	NULL	NULL	NULL	2026-01-30 02:35:35	NULL
m7_asset_category_v	NULL	NULL	NULL	2026-01-30 02:35:35	NULL
m7_asset_cd	NULL	NULL	NULL	2026-01-30 02:35:35	NULL
m7_asset_history	InnoDB	2	0.06	2026-01-30 02:34:45	NULL
m7_asset_terkait	NULL	NULL	NULL	2026-01-30 02:35:35	NULL
m7_asset_transaction	InnoDB	0	0.06	2026-01-30 02:34:45	NULL
m7_asset_transaction_history	InnoDB	0	0.06	2026-01-30 02:34:46	NULL
m7_asset_transaction_v	NULL	NULL	NULL	2026-01-30 02:35:35	NULL
m7_asset_v	NULL	NULL	NULL	2026-01-30 02:35:35	NULL
m7_assetview	NULL	NULL	NULL	2026-01-30 02:35:35	NULL
m7_at	InnoDB	0	0.25	2026-01-30 02:34:46	NULL
m7_at_detail	InnoDB	0	0.03	2026-01-30 02:34:46	NULL
m7_at_getdata	NULL	NULL	NULL	2026-01-30 02:35:35	NULL
m7_at_pay	InnoDB	0	0.03	2026-01-30 02:34:46	NULL
m7_at_v	NULL	NULL	NULL	2026-01-30 02:35:35	NULL
m7_da	InnoDB	8	0.13	2026-01-30 02:34:46	NULL
m7_da_detail	InnoDB	14	0.02	2026-01-30 02:34:47	NULL
m7_da_getdata	NULL	NULL	NULL	2026-01-30 02:35:35	NULL
m7_da_v	NULL	NULL	NULL	2026-01-30 02:35:35	NULL
m7_depreciation_category	InnoDB	3	0.02	2026-01-30 02:34:47	NULL
m7_dsa	InnoDB	0	0.06	2026-01-30 02:34:47	NULL
m7_dsa_detail	InnoDB	0	0.06	2026-01-30 02:34:47	NULL
m7_dsr	InnoDB	0	0.06	2026-01-30 02:34:47	NULL
m7_dsr_detail	InnoDB	0	0.06	2026-01-30 02:34:48	NULL
m7_files	InnoDB	0	0.02	2026-01-30 02:34:48	NULL
m7_ia	InnoDB	0	0.02	2026-01-30 02:34:48	NULL
m7_ia_detail	InnoDB	0	0.02	2026-01-30 02:34:48	NULL
m7_ir	InnoDB	0	0.02	2026-01-30 02:34:48	NULL
m7_ir_detail	InnoDB	0	0.02	2026-01-30 02:34:48	NULL
m7_irt	InnoDB	0	0.02	2026-01-30 02:34:48	NULL
m7_irt_detail	InnoDB	0	0.02	2026-01-30 02:34:48	NULL
m7_master_asset_category	InnoDB	0	0.02	2026-01-30 02:34:48	NULL
m7_master_asset_department	InnoDB	0	0.02	2026-01-30 02:34:48	NULL
m7_master_asset_disposal	InnoDB	0	0.02	2026-01-30 02:34:48	NULL
m7_notes	InnoDB	0	0.02	2026-01-30 02:34:49	NULL
m7_ra	InnoDB	0	0.03	2026-01-30 02:34:49	NULL
m7_ra_detail	InnoDB	0	0.02	2026-01-30 02:34:49	NULL
m7_ta	InnoDB	0	0.13	2026-01-30 02:34:49	NULL
m7_ta_detail	InnoDB	0	0.06	2026-01-30 02:34:49	NULL
m7_te	InnoDB	0	0.13	2026-01-30 02:34:49	NULL
m7_te_detail	InnoDB	0	0.06	2026-01-30 02:34:50	NULL
m7_tr	InnoDB	0	0.06	2026-01-30 02:34:50	NULL
m7_tr_detail	InnoDB	0	0.13	2026-01-30 02:34:50	NULL
m7_ua	InnoDB	0	0.09	2026-01-30 02:34:50	NULL
m7_ua_detail	InnoDB	0	0.06	2026-01-30 02:34:50	NULL
m7_ur	InnoDB	0	0.06	2026-01-30 02:34:50	NULL
m7_ur_detail	InnoDB	0	0.06	2026-01-30 02:34:51	NULL
m7_urt	InnoDB	0	0.06	2026-01-30 02:34:51	NULL
m7_urt_detail	InnoDB	0	0.06	2026-01-30 02:34:51	NULL
m8_content	InnoDB	72	0.02	2026-01-30 02:34:51	NULL
m8_content_chart	InnoDB	18	0.02	2026-01-30 02:34:52	NULL
m8_content_copy1	InnoDB	42	0.02	2026-01-30 02:34:52	NULL
m8_content_role	InnoDB	108	0.02	2026-01-30 02:34:53	NULL
m8_indicator	InnoDB	22	0.02	2026-01-30 02:34:54	NULL
m9_coa	InnoDB	0	0.13	2026-01-30 02:34:54	NULL
m9_coa_konsolidasi	InnoDB	0	0.02	2026-01-30 02:34:54	NULL
m9_jenis_eliminasi	InnoDB	0	0.02	2026-01-30 02:34:54	NULL
m9_konsolidasi_barang	InnoDB	0	0.02	2026-01-30 02:34:55	NULL
m9_konsolidasi_history	InnoDB	0	0.02	2026-01-30 02:34:55	NULL
m9_setting_db	InnoDB	0	0.02	2026-01-30 02:34:55	NULL
m_10_ab	InnoDB	0	0.02	2026-01-30 02:34:56	NULL
m_10_ad	InnoDB	0	0.02	2026-01-30 02:34:56	NULL
m_10_ad_detail	InnoDB	0	0.02	2026-01-30 02:34:56	NULL
m_10_al	InnoDB	0	0.02	2026-01-30 02:34:56	NULL
m_10_al_detail	InnoDB	0	0.02	2026-01-30 02:34:56	NULL
m_10_at	InnoDB	0	0.02	2026-01-30 02:34:56	NULL
m_10_at_detail	InnoDB	0	0.02	2026-01-30 02:34:56	NULL
m_10_attendance_status	InnoDB	0	0.02	2026-01-30 02:34:56	NULL
m_10_benefit _and_deduction	InnoDB	0	0.02	2026-01-30 02:34:56	NULL
m_10_benefits_setting	InnoDB	0	0.02	2026-01-30 02:34:56	NULL
m_10_cn	InnoDB	0	0.02	2026-01-30 02:34:56	NULL
m_10_crn	InnoDB	0	0.02	2026-01-30 02:34:56	NULL
m_10_crn_detail	InnoDB	0	0.02	2026-01-30 02:34:57	NULL
m_10_department	InnoDB	0	0.02	2026-01-30 02:34:57	NULL
m_10_ea	InnoDB	0	0.02	2026-01-30 02:34:57	NULL
m_10_ed	InnoDB	0	0.02	2026-01-30 02:34:57	NULL
m_10_ed_detail	InnoDB	0	0.02	2026-01-30 02:34:57	NULL
m_10_education	InnoDB	0	0.02	2026-01-30 02:34:57	NULL
m_10_em	InnoDB	0	0.02	2026-01-30 02:34:57	NULL
m_10_em_detail	InnoDB	0	0.02	2026-01-30 02:34:58	NULL
m_10_employee	InnoDB	0	0.02	2026-01-30 02:34:57	NULL
m_10_employee_category	InnoDB	0	0.02	2026-01-30 02:34:57	NULL
m_10_employee_type	InnoDB	0	0.02	2026-01-30 02:34:57	NULL
m_10_emr	InnoDB	0	0.02	2026-01-30 02:34:57	NULL
m_10_emr_detail	InnoDB	0	0.02	2026-01-30 02:34:57	NULL
m_10_ep	InnoDB	0	0.02	2026-01-30 02:34:58	NULL
m_10_er	InnoDB	0	0.02	2026-01-30 02:34:58	NULL
m_10_erg	InnoDB	0	0.02	2026-01-30 02:34:58	NULL
m_10_erl	InnoDB	0	0.02	2026-01-30 02:34:58	NULL
m_10_err	InnoDB	0	0.02	2026-01-30 02:34:58	NULL
m_10_es	InnoDB	0	0.02	2026-01-30 02:34:58	NULL
m_10_et	InnoDB	0	0.02	2026-01-30 02:34:58	NULL
m_10_ets	InnoDB	0	0.02	2026-01-30 02:34:58	NULL
m_10_ets_detail	InnoDB	0	0.02	2026-01-30 02:34:58	NULL
m_10_ew	InnoDB	0	0.02	2026-01-30 02:34:58	NULL
m_10_grade_and_payroll_level	InnoDB	0	0.02	2026-01-30 02:34:58	NULL
m_10_job_test_type	InnoDB	0	0.02	2026-01-30 02:34:58	NULL
m_10_jp	InnoDB	0	0.02	2026-01-30 02:34:59	NULL
m_10_leave_setting	InnoDB	0	0.02	2026-01-30 02:34:59	NULL
m_10_leave_type	InnoDB	0	0.02	2026-01-30 02:34:59	NULL
m_10_lr	InnoDB	0	0.02	2026-01-30 02:34:59	NULL
m_10_non_taxable_income	InnoDB	0	0.02	2026-01-30 02:34:59	NULL
m_10_ord	InnoDB	0	0.02	2026-01-30 02:34:59	NULL
m_10_pc	InnoDB	0	0.02	2026-01-30 02:34:59	NULL
m_10_pc_detail	InnoDB	0	0.02	2026-01-30 02:34:59	NULL
m_10_pe	InnoDB	0	0.02	2026-01-30 02:34:59	NULL
m_10_pe_detail	InnoDB	0	0.02	2026-01-30 02:34:59	NULL
m_10_position	InnoDB	0	0.02	2026-01-30 02:34:59	NULL
m_10_pp	InnoDB	0	0.02	2026-01-30 02:34:59	NULL
m_10_pp_detail	InnoDB	0	0.02	2026-01-30 02:34:59	NULL
m_10_rem	InnoDB	0	0.02	2026-01-30 02:35:00	NULL
m_10_rem_detail	InnoDB	0	0.02	2026-01-30 02:35:00	NULL
m_10_sc	InnoDB	0	0.02	2026-01-30 02:35:00	NULL
m_10_sc_detail	InnoDB	0	0.02	2026-01-30 02:35:00	NULL
m_10_service_provider	InnoDB	0	0.02	2026-01-30 02:35:00	NULL
m_10_shift	InnoDB	0	0.02	2026-01-30 02:35:00	NULL
m_10_ss	InnoDB	0	0.02	2026-01-30 02:35:00	NULL
m_10_ss_detail	InnoDB	0	0.02	2026-01-30 02:35:00	NULL
m_10_termination_type	InnoDB	0	0.02	2026-01-30 02:35:00	NULL
m_10_tq	InnoDB	0	0.02	2026-01-30 02:35:00	NULL
m_10_wt	InnoDB	0	0.02	2026-01-30 02:35:00	NULL
m_10_wtdetail	InnoDB	0	0.02	2026-01-30 02:35:00	NULL
m_11_ak	InnoDB	0	0.03	2026-01-30 02:35:00	NULL
m_11_ak_detail	InnoDB	0	0.05	2026-01-30 02:35:01	NULL
m_11_ak_getdata	NULL	NULL	NULL	2026-01-30 02:35:35	NULL
m_11_ilo	InnoDB	0	0.03	2026-01-30 02:35:01	NULL
m_11_isk	InnoDB	0	0.03	2026-01-30 02:35:01	NULL
m_11_kj	InnoDB	0	0.03	2026-01-30 02:35:01	NULL
m_11_kj_history	InnoDB	0	0.03	2026-01-30 02:35:01	NULL
m_11_km	InnoDB	0	0.03	2026-01-30 02:35:01	NULL
m_11_km_history	InnoDB	0	0.03	2026-01-30 02:35:01	NULL
m_11_kw	InnoDB	0	0.02	2026-01-30 02:35:01	NULL
m_11_kw_detail	InnoDB	0	0.02	2026-01-30 02:35:01	NULL
m_11_kw_pay	InnoDB	0	0.02	2026-01-30 02:35:02	NULL
m_11_lb	InnoDB	0	0.03	2026-01-30 02:35:02	NULL
m_11_lb_detail	InnoDB	0	0.05	2026-01-30 02:35:02	NULL
m_11_lb_hasil	InnoDB	0	0.03	2026-01-30 02:35:02	NULL
m_11_lu	InnoDB	0	0.03	2026-01-30 02:35:02	NULL
m_11_lu_detail	InnoDB	0	0.05	2026-01-30 02:35:02	NULL
m_11_lu_detail_history	InnoDB	0	0.05	2026-01-30 02:35:02	NULL
m_11_lu_history	InnoDB	0	0.03	2026-01-30 02:35:02	NULL
m_11_pb	InnoDB	0	0.13	2026-01-30 02:35:02	NULL
m_11_pb_	InnoDB	0	0.02	2026-01-30 02:35:03	NULL
m_11_pb_detail	InnoDB	0	0.02	2026-01-30 02:35:03	NULL
m_11_pb_pay	InnoDB	0	0.02	2026-01-30 02:35:03	NULL
m_11_pt	InnoDB	0	0.03	2026-01-30 02:35:03	NULL
m_11_rk	InnoDB	0	0.03	2026-01-30 02:35:03	NULL
m_11_rk_pay	InnoDB	0	0.02	2026-01-30 02:35:03	NULL
m_11_rm	InnoDB	0	0.02	2026-01-30 02:35:03	NULL
m_11_ro	InnoDB	0	0.03	2026-01-30 02:35:03	NULL
m_11_ro_detail	InnoDB	0	0.05	2026-01-30 02:35:03	NULL
m_11_sk	InnoDB	0	0.03	2026-01-30 02:35:03	NULL
m_11_ud	InnoDB	0	0.03	2026-01-30 02:35:04	NULL
m_12_ai	InnoDB	0	0.02	2026-01-30 02:35:04	NULL
m_12_ai_additional	InnoDB	0	0.02	2026-01-30 02:35:04	NULL
m_12_ai_detail	InnoDB	0	0.02	2026-01-30 02:35:04	NULL
m_12_area	InnoDB	0	0.05	2026-01-30 02:35:04	NULL
m_12_area_category	InnoDB	0	0.05	2026-01-30 02:35:04	NULL
m_12_area_category_history	InnoDB	0	0.05	2026-01-30 02:35:04	NULL
m_12_area_category_history_v	NULL	NULL	NULL	2026-01-30 02:35:36	NULL
m_12_area_category_v	NULL	NULL	NULL	2026-01-30 02:35:36	NULL
m_12_area_history	InnoDB	0	0.05	2026-01-30 02:35:04	NULL
m_12_area_history_v	NULL	NULL	NULL	2026-01-30 02:35:36	NULL
m_12_area_v	NULL	NULL	NULL	2026-01-30 02:35:36	NULL
m_12_bi	InnoDB	0	0.02	2026-01-30 02:35:04	NULL
m_12_bi_bonus	InnoDB	0	0.02	2026-01-30 02:35:04	NULL
m_12_bi_bonus_history	InnoDB	0	0.02	2026-01-30 02:35:04	NULL
m_12_bi_detail	InnoDB	0	0.02	2026-01-30 02:35:05	NULL
m_12_bi_detail_history	InnoDB	0	0.02	2026-01-30 02:35:05	NULL
m_12_bi_history	InnoDB	0	0.02	2026-01-30 02:35:05	NULL
m_12_contact_cd	NULL	NULL	NULL	2026-01-30 02:35:36	NULL
m_12_cpa	InnoDB	0	0.03	2026-01-30 02:35:05	NULL
m_12_cpa_detail	InnoDB	0	0.02	2026-01-30 02:35:05	NULL
m_12_cpa_detail_history	InnoDB	0	0.02	2026-01-30 02:35:05	NULL
m_12_cpa_history	InnoDB	0	0.03	2026-01-30 02:35:05	NULL
m_12_di	InnoDB	0	0.02	2026-01-30 02:35:05	NULL
m_12_di_detail	InnoDB	0	0.02	2026-01-30 02:35:05	NULL
m_12_di_detail_history	InnoDB	0	0.02	2026-01-30 02:35:05	NULL
m_12_di_history	InnoDB	0	0.02	2026-01-30 02:35:05	NULL
m_12_item_cd	NULL	NULL	NULL	2026-01-30 02:35:36	NULL
m_12_item_data	NULL	NULL	NULL	2026-01-30 02:35:36	NULL
m_12_lp	InnoDB	0	0.13	2026-01-30 02:35:05	NULL
m_12_lp_detail	InnoDB	0	0.06	2026-01-30 02:35:06	NULL
m_12_lp_detail_history	InnoDB	0	0.06	2026-01-30 02:35:06	NULL
m_12_lp_history	InnoDB	0	0.13	2026-01-30 02:35:06	NULL
m_12_pos_additional_item	InnoDB	0	0.02	2026-01-30 02:35:06	NULL
m_12_pos_additional_item_detail	InnoDB	0	0.02	2026-01-30 02:35:06	NULL
m_12_pos_bonus_item	InnoDB	0	0.02	2026-01-30 02:35:06	NULL
m_12_pos_bonus_item_detail	InnoDB	0	0.02	2026-01-30 02:35:06	NULL
m_12_pos_bonus_trans	InnoDB	0	0.02	2026-01-30 02:35:06	NULL
m_12_pos_bonus_trans_detail	InnoDB	0	0.02	2026-01-30 02:35:07	NULL
m_12_pos_bonus_trans_special_item	InnoDB	0	0.02	2026-01-30 02:35:07	NULL
m_12_pos_category	InnoDB	2	0.05	2026-01-30 02:35:07	NULL
m_12_pos_category_history	InnoDB	0	0.05	2026-01-30 02:35:07	NULL
m_12_pos_category_setting	InnoDB	26	0.02	2026-01-30 02:35:07	NULL
m_12_pos_discount_category_customer	InnoDB	0	0.02	2026-01-30 02:35:07	NULL
m_12_pos_discount_category_item	InnoDB	0	0.02	2026-01-30 02:35:07	NULL
m_12_pos_discount_item	InnoDB	0	0.02	2026-01-30 02:35:08	NULL
m_12_pos_hardware	InnoDB	0	0.02	2026-01-30 02:35:08	NULL
m_12_pos_item	InnoDB	1094	0.23	2026-01-30 02:35:08	NULL
m_12_pos_point_category_item	InnoDB	0	0.02	2026-01-30 02:35:20	NULL
m_12_pos_point_item	InnoDB	0	0.02	2026-01-30 02:35:20	NULL
m_12_pos_point_transaction	InnoDB	0	0.02	2026-01-30 02:35:20	NULL
m_12_pos_promo	InnoDB	0	0.02	2026-01-30 02:35:20	NULL
m_12_pos_setting	InnoDB	26	0.02	2026-01-30 02:35:20	NULL
m_12_pos_special_price	InnoDB	0	0.02	2026-01-30 02:35:20	NULL
m_12_pos_special_price_detail	InnoDB	0	0.02	2026-01-30 02:35:20	NULL
m_12_pos_special_price_special_item	InnoDB	0	0.02	2026-01-30 02:35:21	NULL
m_12_pos_substitution_item	InnoDB	0	0.02	2026-01-30 02:35:21	NULL
m_12_pos_substitution_item_detail	InnoDB	0	0.02	2026-01-30 02:35:21	NULL
m_12_pos_type	InnoDB	2	0.05	2026-01-30 02:35:21	NULL
m_12_pos_type_class_product	InnoDB	0	0.02	2026-01-30 02:35:21	NULL
m_12_pos_type_class_product_history	InnoDB	0	0.02	2026-01-30 02:35:21	NULL
m_12_pos_type_getdata	NULL	NULL	NULL	2026-01-30 02:35:36	NULL
m_12_pos_type_history	InnoDB	0	0.05	2026-01-30 02:35:21	NULL
m_12_pos_type_v	NULL	NULL	NULL	2026-01-30 02:35:36	NULL
m_12_pos_voucher_in	InnoDB	0	0.05	2026-01-30 02:35:21	NULL
m_12_pos_voucher_out	InnoDB	0	0.03	2026-01-30 02:35:21	NULL
m_12_ppa	InnoDB	0	0.13	2026-01-30 02:35:21	NULL
m_12_ppa_detail	InnoDB	0	0.06	2026-01-30 02:35:22	NULL
m_12_ppa_detail_history	InnoDB	0	0.06	2026-01-30 02:35:22	NULL
m_12_ppa_history	InnoDB	0	0.13	2026-01-30 02:35:22	NULL
m_12_ppv	InnoDB	0	0.25	2026-01-30 02:35:22	NULL
m_12_ppv_detail	InnoDB	0	0.03	2026-01-30 02:35:23	NULL
m_12_ppv_pay	InnoDB	0	0.03	2026-01-30 02:35:23	NULL
m_12_sbi	InnoDB	0	0.02	2026-01-30 02:35:23	NULL
m_12_sbi_detail	InnoDB	0	0.02	2026-01-30 02:35:23	NULL
m_12_sbi_substitution	InnoDB	0	0.02	2026-01-30 02:35:23	NULL
m_12_st	InnoDB	0	0.02	2026-01-30 02:35:23	NULL
m_12_st_detail	InnoDB	0	0.02	2026-01-30 02:35:23	NULL
m_12_st_detail_history	InnoDB	0	0.02	2026-01-30 02:35:23	NULL
m_12_st_history	InnoDB	0	0.02	2026-01-30 02:35:23	NULL
m_coba	InnoDB	0	0.02	2026-01-30 02:35:23	NULL
meetingagendarelevant	InnoDB	0	0.02	2026-01-30 02:34:55	NULL
meetingagendas	InnoDB	3	0.02	2026-01-30 02:34:55	NULL
meetingagendatypes	InnoDB	0	0.02	2026-01-30 02:34:55	NULL
meetingattendees	InnoDB	2	0.02	2026-01-30 02:34:55	NULL
meetingdecisionrelevant	InnoDB	0	0.02	2026-01-30 02:34:55	NULL
meetingdecisions	InnoDB	0	0.02	2026-01-30 02:34:55	NULL
meetinglocations	InnoDB	0	0.02	2026-01-30 02:34:55	NULL
meetings	InnoDB	0	0.02	2026-01-30 02:34:55	NULL
meetingtypes	InnoDB	0	0.02	2026-01-30 02:34:56	NULL
quotes	InnoDB	0	0.02	2026-01-30 02:35:24	NULL
rk_tmp	InnoDB	0	0.02	2026-01-30 02:35:24	NULL
rk_v	NULL	NULL	NULL	2026-01-30 02:35:36	NULL
ro_tmp	InnoDB	0	0.02	2026-01-30 02:35:24	NULL
rolepermissions	InnoDB	4	0.02	2026-01-30 02:35:24	NULL
roles	InnoDB	4	0.02	2026-01-30 02:35:24	NULL
temp_barang	InnoDB	0	0.02	2026-01-30 02:35:24	NULL
term_hierarchy_backup	InnoDB	0	0.02	2026-01-30 02:35:24	NULL
test	InnoDB	0	0.27	2026-01-30 02:35:24	NULL
test1	InnoDB	0	0.02	2026-01-30 02:35:25	NULL
test2	InnoDB	0	0.02	2026-01-30 02:35:25	NULL
test_1	NULL	NULL	NULL	2026-01-30 02:35:36	NULL
test_new	InnoDB	0	0.02	2026-01-30 02:35:25	NULL
userpermissions	InnoDB	26	0.02	2026-01-30 02:35:25	NULL
userpreferences	InnoDB	2	0.02	2026-01-30 02:35:25	NULL
userroles	InnoDB	2	0.02	2026-01-30 02:35:25	NULL
users	InnoDB	26	0.02	2026-01-30 02:35:25	NULL
v_m4_pir_takedata	NULL	NULL	NULL	2026-01-30 02:35:36	NULL
versioninfo	InnoDB	9	0.02	2026-01-30 02:35:26	NULL
