0_hppglobal	id
businessunits	UnitId
contacts	ContactId
dataauditlog	LogId
exceptions	Id
languages	Id
m0_app	appid
m0_backup	id
m0_barcode_next	awalan
m0_config	cid
m0_dashboardmail	did
m0_dummy	dkode
m0_export	eid
m0_global_allowance	kode
m0_group_aq	cabang,lokasi,tahun,bulan
m0_group_rq	cabang,lokasi,tahun,bulan
m0_hapusdata	id
m0_hitungulang_log	huid
m0_hppaverage	id
m0_hppsaldo	id
m0_import_target	itmoduleid,itmenuid
m0_jenismutasi	jenismutasi
m0_labarugi	lrurutan
m0_language	lkode
m0_language_detail	ldid
m0_menu	mnmoduleid,mnid
m0_menu_lang	mnlmoduleid,mnlmnid,mnllanguage
m0_menu_s	mnmoduleid,mnid
m0_menu_s_copy1	mnmoduleid,mnid
m0_menu_s_lang	mnlmoduleid,mnlmnid,mnllanguage
m0_module	mid
m0_msmq	id
m0_msmq_cogs	mcid
m0_msmq_importdata	miid
m0_msmq_journal	mjid
m0_nomor	kodetabel
m0_nomor_next	cabang,lokasi,kodetabel,tahun,bulan
m0_nomor_next_failed	id
m0_nomor_tmp	kodetabel
m0_notifikasi_email	moduleid,menuid,statusnotifikasi,statusupdate,userid,useridmail
m0_payment_method	kode
m0_permissions_custom	pcmodule,pcid
m0_realization_category	kode
m0_report	rid
m0_report_copy	rid
m0_report_filter	fid
m0_report_filter_copy1	fid
m0_report_lang	rlrid,rllanguage
m0_report_temp	tnama
m0_role	rkode
m0_role_custom	rcmoduleid,rcidpc,rcrole
m0_role_item_category	ricrole,rickategoribarang
m0_role_menu	rmmoduleid,rmmenuid,rmrole
m0_role_menu_s	rmid
m0_role_menu_s_copy1	rmid
m0_role_report	rrmoduleid,rrmenuid,rritem,rrrole
m0_role_report_s	rrmoduleid,rrmenuid,rritem,rrrole
m0_role_s	rkode
m0_search_packet	spkode
m0_selling_rate	kode
m0_sentence	sid
m0_sentence_s	sid
m0_sentence_s_copy1	sid
m0_sentence_stranslate	stid
m0_sentence_stranslate_copy1	stid
m0_sentence_translate	stid
m0_setting	smodule,sgrup,skode
m0_setting_grup	sgmodule,sggrup
m0_setting_lang	slmodule,slgrup,slkode,sllanguage
m0_setting_location	sllokasi,slmodule,slgrup,slkode
m0_setting_s	smodule,sgrup,skode
m0_si	siid,siisclose
m0_si_detail	idsidetail,isclose
m0_si_pay	idsicarabayar,isclose
m0_statistic	sid
m0_status	kode
m0_status_giro	kode
m0_status_progress	kode
m0_status_rq	kode
m0_struk	id
m0_table_relation	derivedtable,destinationtable
m0_table_relation_status	trsid
m0_translate	tlanguage,tsentence
m0_user	userid
m0_user_branch	userid,cabang
m0_user_coa	userid,norek
m0_user_location	userid,lokasi
m0_user_role	userid,role
m0_user_role_s	userid,role
m0_user_warehouse	userid,gudang
m0_usergrup	ugkode
m0_usergrupmenu	ugmmoduleid,ugmmenuid,ugmusergrup
m0_userlog	ulid
m0_userlog_category	kode
m0_userlogerror	ulid
m0_userlogin	ulid
m0_userlogin_copy	ulid
m0_validitas_data	no
m0_validitas_data_category	id
m13_billing_category	bckode
m13_billing_category_history	bcidhistory
m13_bl	blid,blisclose
m13_bl_detail	idbldetail,isclose
m13_bl_detail_history	idhistorydetail,isclose
m13_bl_history	blidhistory,blisclose
m13_class	ckode
m13_class_history	cidhistory
m13_faculty	fkode
m13_faculty_history	fidhistory
m13_py	pyid,pyisclose
m13_py_detail	idpydetail,isclose
m13_school_year	sykode
m13_school_year_history	syidhistory
m13_si	siid
m13_si_history	siidhistory
m13_student_category	scid
m13_student_category_history	scidhistory
m13_student_status	sskode
m13_student_status_history	ssidhistory
m13_study_program	spkode
m13_study_program_history	spidhistory
m14_account	anorek
m14_account_history	aidhistory
m14_ang	angid,angisclose
m14_ang_detail	idangdetail,isclose
m14_collateral	akode
m14_collateral_history	aidhistory
m14_deposit	skode
m14_deposit_history	sidhistory
m14_loan	pkode
m14_loan_history	pidhistory
m14_pjm	pjmid,pjmisclose
m14_pjm_detail	idpjmdetail,isclose
m14_smp	smpid,smpisclose
m14_smp_detail	idsmpdetail,isclose
m1_accident	akode
m1_accident_history	aidhistory
m1_area	akode
m1_area_history	aidhistory
m1_bank	bkode
m1_bank_history	bidhistory
m1_bed	bkode
m1_bed_history	bidhistory
m1_branch	bkode
m1_branch_history	bidhistory
m1_checking_category	ccid
m1_checking_category_history	ccidhistory
m1_city	ckode
m1_city_history	cidhistory
m1_class	ckode
m1_class_history	cidhistory
m1_class_product	cpkode
m1_class_product_history	cpidhistory
m1_coa	cid
m1_coa_copy1	cid
m1_coa_history	cidhistory
m1_cogs_fifo_in	cfiid
m1_cogs_fifo_out	cfoid
m1_cogs_special_in	idhppikm
m1_cogs_special_out	idhppikk
m1_colleague	cid
m1_color	ckode
m1_color_history	cidhistory
m1_commission	kmkode
m1_commission_detail	kmdiddetail
m1_commission_detail_history	kmdidhistorydetail
m1_commission_history	kmidhistory
m1_contact	kid
m1_contact_attention	kaid
m1_contact_attention_history	kaidhistory
m1_contact_category	cckode
m1_contact_category_history	ccidhistory
m1_contact_comment	idcc
m1_contact_comment_history	idhistory
m1_contact_commission	kkmkodekontak,kkmkodekomisi
m1_contact_copy	kid
m1_contact_expedition	ktidkontak,kttipeinvoice
m1_contact_files	idkontak,namafile
m1_contact_history	kidhistory
m1_contact_point	cpidkontak
m1_contact_price	khidkontak,khidbarang
m1_contact_price_copy	khidkontak,khidbarang
m1_contact_price_history	khidhistory
m1_contact_terms	ktidkontak,kttipeinvoice
m1_contact_tmp	kid
m1_cost_center	cckode
m1_cost_center_history	ccidhistory
m1_country	ckode
m1_country_history	cidhistory
m1_currency	ckode
m1_currency_history	cidhistory
m1_customer_category	cckode
m1_customer_category_history	ccidhistory
m1_department	dpkode
m1_department_history	dpidhistory
m1_designer	dkode
m1_designer_history	didhistory
m1_diagnosis	dkode
m1_division	dkode
m1_division_history	didhistory
m1_expedition	ekode
m1_expedition_history	eidhistory
m1_files	fsumber,fnamafile
m1_files_copy	fsumber,fnamafile
m1_icd	iid
m1_icd_history	iidhistory
m1_index_price	ipkode
m1_index_price_history	ipidhistory
m1_insurer	iid
m1_item	bid
m1_item2	bid
m1_item_assembly	iaidbarang,iaurutan
m1_item_assembly_history	iaidhistory
m1_item_booking	idbarang
m1_item_booking_po	idbarang
m1_item_branch_costcenter	ibcid
m1_item_c	bid
m1_item_category	ickode
m1_item_category_history	icidhistory
m1_item_copy1	bid
m1_item_copy2	bid
m1_item_description	ididbarang,idkode,idurutan
m1_item_flex	bid
m1_item_hauling	bid
m1_item_hauling_history	bidhistory
m1_item_history	bidhistory
m1_item_location	ilid
m1_item_location_history	ilidhistory
m1_item_location_warehouse_history	blgidhistory
m1_item_permission	ipkode
m1_item_permission_history	ipidhistory
m1_item_picking_list	idbarang,gudang
m1_item_price	khidbarang,khmatauang
m1_item_price_history	khidhistory
m1_item_stock_warehouse	idbarang,kgudang
m1_item_stock_warehouse_log	id
m1_item_supplier	isidbarang,isidkontak
m1_item_supplier_history	isidhistory
m1_item_transaction	id,kodepa
m1_item_transaction_history	idhistory,kodepa
m1_item_type_history	itidhistory
m1_lab_result	lrid
m1_labour_cost	lckode
m1_layanan	lkode
m1_location	lkode
m1_location_history	lidhistory
m1_machine	mkode
m1_machine_history	midhistory
m1_material	mkode
m1_material_history	midhistory
m1_merk	mkode
m1_merk_history	midhistory
m1_model	mkode
m1_model_history	midhistory
m1_no_batch_in	nbiidbatchin
m1_no_batch_in_old	nbiidbatchin
m1_no_batch_out	nboid
m1_no_batch_transaction	nbtid
m1_no_batch_transaction_history	nbtidhistory
m1_no_serial_in	nsiidserialin
m1_no_serial_in_copy	nsiidserialin
m1_no_serial_in_old	nsiidserialin
m1_no_serial_out	nsoid
m1_no_serial_out_copy	nsoid
m1_no_serial_transaction	nstid
m1_no_serial_transaction_history	nstidhistory
m1_notes	nid
m1_oem	okode
m1_oem_history	oidhistory
m1_other	ojenis,okode
m1_other_cost	ockode
m1_other_cost_history	ocidhistory
m1_other_history	oidhistory
m1_patient	pid
m1_patient_category	pckode
m1_price_category	pckode
m1_price_category_detail	pcdkategori,pcdidbarang
m1_price_category_history	pcidhistory
m1_production_activity	paid
m1_production_activity_detail	idpadetail
m1_production_activity_detail_history	idhistorydetail
m1_production_activity_history	paidhistory
m1_production_category	pckode
m1_production_category_history	pcidhistory
m1_production_route	prid
m1_production_route_detail	idprdetail
m1_project	pkode
m1_project_history	pidhistory
m1_province	pkode
m1_province_history	pidhistory
m1_reference	rid
m1_region	rkode
m1_region_history	ridhistory
m1_room	rkode
m1_room_history	ridhistory
m1_salesman_category	sckode
m1_salesman_category_history	scidhistory
m1_salesman_commission	scidkontak
m1_section	skode
m1_section_history	sidhistory
m1_selling_point	spid
m1_selling_point_history	spidhistory
m1_size	skode
m1_size_history	sidhistory
m1_subclass	sckode
m1_subclass_history	scidhistory
m1_subdepartment	sdpkode
m1_subdepartment_history	sdpidhistory
m1_subdistrict	sdkode
m1_subdivision	sdkode
m1_subdivision_history	sdidhistory
m1_supplier_category	sckode
m1_supplier_category_history	scidhistory
m1_tax	tkode
m1_tax_history	tidhistory
m1_terms	trkode
m1_terms_history	tridhistory
m1_transaction_note	tnsumber,tnkode
m1_transaction_note_detail	tndkode
m1_transaction_note_detail_history	tndidhistory
m1_transaction_note_history	tnidhistory,tnsumber,tnkode
m1_trm	trmkode
m1_type_sa_history	tsaidhistory
m1_unit	ukode
m1_unit_history	uidhistory
m1_upline	ukode
m1_vendor	vkode
m1_vendor_history	vidhistory
m1_village	vkode
m1_warehouse	wkode
m1_warehouse_history	widhistory
m1_working_estimate	wekode
m1_working_estimate_history	weidhistory
m2_accounting_period	apkode
m2_aj	ajid
m2_aj_detail	idajdetail
m2_aj_detail_history	idhistorydetail
m2_aj_history	ajidhistory
m2_bd	bdid
m2_bd_detail	idbddetail
m2_bd_detail_history	idhistorydetail
m2_bd_history	bdidhistory
m2_cb	cbid
m2_cb_detail	idcbdetail
m2_cb_detail_history	idhistorydetail
m2_cb_history	cbidhistory
m2_cb_pay	idcbcarabayar
m2_cb_pay_history	idcarabayarhistory
m2_cd	cdid
m2_cd_detail	idcddetail
m2_cd_detail_history	idhistorydetail
m2_cd_history	cdidhistory
m2_cr	crid
m2_cr_detail	idcrdetail
m2_cr_detail_history	idhistorydetail
m2_cr_history	cridhistory
m2_files	fsumber,fidtransaksi,fnamafile
m2_giro_list	glnogiro
m2_gj	gjid
m2_gj_detail	idgjdetail
m2_gj_detail_history	idhistorydetail
m2_gj_history	gjidhistory
m2_jm	jmid
m2_jm_detail	idjmdetail
m2_jm_detail_history	idhistorydetail
m2_jm_history	jmidhistory
m2_notes	nid
m2_pengajuan_dana	tid,tkodetabelangka
m2_print	idprint
m2_realization	rtahun,rbulan,rnorek,rkodepa
m2_realization_branch	rwtahun,rwbulan,rwcabang,rwnorek,rwkodepa
m2_realization_cost_center	rcctahun,rccbulan,rcccostcenter,rccnorek,rcckodepa
m2_realization_division	rdtahun,rdbulan,rddivisi,rdnorek,rdkodepa
m2_realization_location	rltahun,rlbulan,rllokasi,rlnorek,rlkodepa
m2_realization_project	rptahun,rpbulan,rpproyek,rpnorek,rpkodepa
m2_realization_subdivision	rsdtahun,rsdbulan,rsdsubdivisi,rsdnorek,rsdkodepa
m2_rg	rgid
m2_rg_detail	idrgdetail
m2_rg_detail_history	idhistorydetail
m2_rg_history	rgidhistory
m2_rgc	rgcid
m2_rgc_detail	idrgcdetail
m2_rgc_detail_history	idhistorydetail
m2_rgc_history	rgcidhistory
m2_rm	rmid
m2_rm_detail	idrmdetail
m2_rm_detail_history	idhistorydetail
m2_rm_history	rmidhistory
m2_rm_historyjson	rmjid
m2_rm_pay	idrmcarabayar
m2_rm_pay_history	idrmcarabayarhistory
m2_sg	sgid
m2_sg_detail	idsgdetail
m2_sg_detail_history	idhistorydetail
m2_sg_history	sgidhistory
m2_sgc	sgcid
m2_sgc_detail	idsgcdetail
m2_sgc_detail_history	idhistorydetail
m2_sgc_history	sgcidhistory
m2_sm	smid
m2_sm_detail	idsmdetail
m2_sm_detail_history	idhistorydetail
m2_sm_history	smidhistory
m2_sm_pay	idsmcarabayar
m2_sm_pay_history	idsmcarabayarhistory
m2_template	tid,tkodetabelangka
m2_transaction_journal	tid,tkodepa
m2_transaction_journal_history	tidhistory,tkodepa
m2r_cekfifo	id
m2r_hppglobalkl	idmsmq,id
m2r_hppglobalms	idmsmq,id
m2r_hppglobalsa	idmsmq,id
m2r_hppglobalsk	idmsmq,id
m2r_hppgudangsa	idmsmq,id
m2r_hppgudangsa_jml	idmsmq,gudang,id
m2r_hppgudangsk	idmsmq,id
m2r_hppgudangsk_jml	idmsmq,gudang,id
m2r_item_stock_global	idbarang,tgl
m2r_item_stock_out	idbarang,tahun,bulan
m2r_mutasi_stok_custom	csumber,ccabang,clokasi,cgudang,ctgl
m3_dc	dcid,dcisclose
m3_dc_check	iddccheck,isclose
m3_dc_check_history	iddccheckhistory,isclose
m3_dc_detail	iddcdetail,isclose
m3_dc_detail_history	iddcdetailhistory,isclose
m3_dc_history	dcidhistory,dcisclose
m3_files	fsumber,fidtransaksi,fnamafile
m3_ib	ibid,ibisclose
m3_ib_detail	idibdetail,isclose
m3_ib_detail_history	idhistorydetail,isclose
m3_ib_history	ibidhistory,ibisclose
m3_mr	mrid,mrisclose
m3_mr_detail	idmrdetail,isclose
m3_mr_detail_history	idhistorydetail,isclose
m3_mr_history	mridhistory,mrisclose
m3_notes	nid
m3_pa	paid,paisclose
m3_pa_detail	idpadetail,isclose
m3_pa_detail_history	idhistorydetail,isclose
m3_pa_history	paidhistory,paisclose
m3_rf	rfid,rfisclose
m3_rf_detail	idrfdetail,isclose
m3_rf_detail_history	idhistorydetail,isclose
m3_rf_history	rfidhistory,rfisclose
m3_rs	rsid,rsisclose
m3_rs_detail	idrsdetail,isclose
m3_rs_detail_history	idhistorydetail,isclose
m3_rs_history	rsidhistory,rsisclose
m3_rw	rwid,rwisclose
m3_rw_history	rwidhistory,rwisclose
m3_sa	said,saisclose
m3_sa_detail	idsadetail,isclose
m3_sa_detail_history	idhistorydetail,isclose
m3_sa_history	saidhistory,saisclose
m3_sp	spid,spisclose
m3_sp_detail	idspdetail,isclose
m3_sp_detail_history	idhistorydetail,isclose
m3_sp_detail_progress	idprogressdetail,isclose
m3_sp_history	spidhistory,spisclose
m3_sp_progress	spidprogress,spisclose
m3_ts	tsid,tsisclose
m3_ts_detail	idtsdetail,isclose
m3_ts_detail_history	idhistorydetail,isclose
m3_ts_history	tsidhistory,tsisclose
m4_ap	apid,apisclose
m4_ap_history	apidhistory,apisclose
m4_ap_pay	idapcarabayar,isclose
m4_ap_pay_history	idhistorycarabayar,isclose
m4_bs	bsid,bsisclose
m4_bs_detail	idbsdetail
m4_bs_detail_history	idhistorydetail
m4_bs_history	bsidhistory,bsisclose
m4_cs	csid,csisclose
m4_cs_detail	idcsdetail,isclose
m4_dnr	dnrid,dnrisclose
m4_dnr_detail	iddnrdetail,isclose
m4_dnr_detail_history	idhistorydetail,isclose
m4_dnr_history	dnridhistory,dnrisclose
m4_files	fsumber,fidtransaksi,fnamafile
m4_grn	grnid,grnisclose
m4_grn_cost	idgrncost
m4_grn_cost_history	idhistorycost
m4_grn_detail	idgrndetail,isclose
m4_grn_detail_history	idhistorydetail,isclose
m4_grn_history	grnidhistory,grnisclose
m4_ipc	ipcid,ipcisclose
m4_ipc_detail	idipcdetail,isclose
m4_notes	nid
m4_pie	pieid,pieisclose
m4_pie_detail	idpiedetail,isclose
m4_pie_detail_history	idhistorydetail
m4_pie_history	pieidhistory
m4_po	poid,poisclose
m4_po_cost	idpocost
m4_po_cost_history	idhistorycost
m4_po_detail	idpodetail,isclose
m4_po_detail_history	idhistorydetail,isclose
m4_po_history	poidhistory,poisclose
m4_po_trans	idpotrans,isclose
m4_po_trans_history	idpotranshistory,isclose
m4_pp	ppid,ppisclose
m4_pp_pay	idppcarabayar,isclose
m4_pr	prid,prisclose
m4_pr_detail	idprdetail,isclose
m4_pr_detail_history	idhistorydetail,isclose
m4_pr_history	pridhistory,prisclose
m4_pr_trans	idprtrans,isclose
m4_pr_trans_history	idprtranshistory,isclose
m4_prt	prtid,prtisclose
m4_prt_detail	idprtdetail,isclose
m4_prt_detail_history	idhistorydetail,isclose
m4_prt_history	prtidhistory,prtisclose
m4_rfq	rfqid,rfqisclose
m4_rfq_detail	idrfqdetail,isclose
m4_rfq_detail_history	idhistorydetail
m4_rfq_history	rfqidhistory,rfqisclose
m4_ri	riid,riisclose
m4_ri_cost	idricost
m4_ri_cost_history	idhistorycost
m4_ri_detail	idridetail,isclose
m4_ri_detail_history	idhistorydetail,isclose
m4_ri_history	riidhistory,riisclose
m4_ri_pay	idricarabayar,isclose
m4_ri_pay_history	idhistorycarabayar,isclose
m4_rq	rqid,rqisclose
m4_rq_detail	idrqdetail,isclose
m4_rq_detail_history	idhistorydetail,isclose
m4_rq_history	rqidhistory,rqisclose
m4_vp	vpid,vpisclose
m4_vp_detail	idvpdetail,isclose
m4_vp_detail_history	idhistorydetail,isclose
m4_vp_history	vpidhistory,vpisclose
m4_vp_pay	idvpcarabayar,isclose
m4_vp_pay_history	idhistorycarabayar,isclose
m4_vpp	vppid,vppisclose
m4_vpp_detail	idvppdetail,isclose
m4_vpp_detail_history	idhistorydetail,isclose
m4_vpp_history	vppidhistory,vppisclose
m4_vpp_pay	idvppcarabayar,isclose
m4_vpp_pay_history	idhistorycarabayar,isclose
m5_as	asid,asisclose
m5_as_history	asidhistory,asisclose
m5_as_pay	idascarabayar,isclose
m5_as_pay_history	idhistorycarabayar,isclose
m5_cl	clid,clisclose
m5_cl_history	clidhistory,clisclose
m5_do	doid,doisclose
m5_do_detail	iddodetail,isclose
m5_do_detail_history	idhistorydetail,isclose
m5_do_history	doidhistory,doisclose
m5_dr	drid,drisclose
m5_dr_detail	iddrdetail,isclose
m5_dr_detail_history	idhistorydetail,isclose
m5_dr_history	dridhistory,drisclose
m5_files	fsumber,fidtransaksi,fnamafile
m5_ic	icid,icisclose
m5_ic_detail	idicdetail,isclose
m5_ic_detail_history	idhistorydetail,isclose
m5_ic_history	icidhistory,icisclose
m5_ip	ipid,ipisclose
m5_ip_history	ipidhistory,ipisclose
m5_ip_pay	idipcarabayar,isclose
m5_ip_pay_history	idhistorycarabayar,isclose
m5_notes	nid
m5_pi	piid,piisclose
m5_pi_detail	idpidetail,isclose
m5_pi_detail_history	idhistorydetail,isclose
m5_pi_history	piidhistory,piisclose
m5_pl	plid,plisclose
m5_pl_detail	idpldetail,isclose
m5_pl_detail_history	idhistorydetail,isclose
m5_pl_history	plidhistory,plisclose
m5_pl_pack	idplpack,urutan
m5_pl_pack_history	idhistorypack
m5_print	psumber,pidtransaksi,pmodul,pmenu,pitem
m5_pv	pvid,pvisclose
m5_pv_detail	idpvdetail,isclose
m5_pv_detail_history	idhistorydetail,isclose
m5_pv_history	pvidhistory,pvisclose
m5_rnr	rnrid,rnrisclose
m5_rnr_detail	idrnrdetail,isclose
m5_rnr_detail_history	idhistorydetail,isclose
m5_rnr_history	rnridhistory,rnrisclose
m5_rp	rpid,rpisclose
m5_rp_history	rpidhistory,rpisclose
m5_rp_pay	idrpcarabayar,isclose
m5_rp_pay_history	idhistorycarabayar,isclose
m5_si	siid,siisclose
m5_si_detail	idsidetail,isclose
m5_si_detail_failed	idsidetail,isclose
m5_si_detail_history	idhistorydetail,isclose
m5_si_failed	siid,siisclose
m5_si_history	siidhistory,siisclose
m5_si_installment	idsiinstallment,isclose
m5_si_material	idsimaterial,isclose
m5_si_material_history	idhistorymaterial,isclose
m5_si_pay	idsicarabayar,isclose
m5_si_pay_history	idhistorycarabayar,isclose
m5_sie	sieid,sieisclose
m5_sie_detail	idsiedetail,isclose
m5_sie_detail_history	idhistorydetail
m5_sie_history	sieidhistory
m5_so	soid,soisclose
m5_so_detail	idsodetail,isclose
m5_so_detail_history	idhistorydetail,isclose
m5_so_history	soidhistory,soisclose
m5_spa	spaid
m5_spa_detail	idspadetail
m5_spa_detail_history	idhistorydetail
m5_spa_history	spaidhistory
m5_sq	sqid,sqisclose
m5_sq_detail	idsqdetail,isclose
m5_sq_detail_history	idhistorydetail,isclose
m5_sq_history	sqidhistory,sqisclose
m5_sq_out	idsqout,isclose
m5_sq_out_bahan	idsqout,isclose
m5_sq_out_bahan1	idsqout,isclose
m5_sq_shipping	idsqshipping,isclose
m5_sr	srid,srisclose
m5_sr_detail	idsrdetail,isclose
m5_sr_detail_history	idhistorydetail,isclose
m5_sr_history	sridhistory,srisclose
m6_bom	bomid
m6_bom_history	bomidhistory
m6_bom_in	idbomin
m6_bom_in_history	idhistoryin
m6_bom_out	idbomout
m6_bom_out_history	idhistoryout
m6_files	fsumber,fidtransaksi,fnamafile
m6_itembom_in	idbarang
m6_mrn	mrnid,mrnisclose
m6_mrn_history	mrnidhistory,mrnisclose
m6_mrn_in	idmrnin,isclose
m6_mrn_in_history	idhistoryin,isclose
m6_mrn_out	idmrnout,isclose
m6_mrn_out_history	idhistoryout,isclose
m6_mrs	mrsid,mrsisclose
m6_mrs_history	mrsidhistory,mrsisclose
m6_mrs_in	idmrsin,isclose
m6_mrs_in_history	idhistoryin,isclose
m6_mrs_out	idmrsout,isclose
m6_mrs_out_history	idhistoryout,isclose
m6_notes	nid
m6_pd	pdid,pdisclose
m6_pd_history	pdidhistory,pdisclose
m6_pd_in	idpdin,isclose
m6_pd_in_history	idhistoryin,isclose
m6_pd_out	idpdout,isclose
m6_pd_out_history	idhistoryout,isclose
m6_pdr	pdrid,pdrisclose
m6_pdr_history	pdridhistory,pdrisclose
m6_pdr_in	idpdrin,isclose
m6_pdr_in_history	idhistoryin,isclose
m6_pdr_out	idpdrout,isclose
m6_pdr_out_history	idhistoryout,isclose
m6_wo	woid,woisclose
m6_wo_activity	idwoactivity
m6_wo_history	woidhistory,woisclose
m6_wo_in	idwoin,isclose
m6_wo_in_history	idhistoryin,isclose
m6_wo_out	idwoout,isclose
m6_wo_out_history	idhistoryout,isclose
m6_wo_route_card	idworoutecard
m7_ab	abid,abisclose
m7_ab_detail	idabdetail
m7_ac	acid
m7_ac_detail	idacdetail
m7_ae	aeid,aeisclose
m7_ae_detail	idaedetail,isclose
m7_ag	agid,agisclose
m7_ag_detail	idagdetail,isclose
m7_ao	aoid,aoisclose
m7_ao_detail	idaodetail,isclose
m7_aq	aqid,aqisclose
m7_aq_detail	idaqdetail,isclose
m7_ar	arid,arisclose
m7_ar_detail	idardetail,isclose
m7_asl	aslid,aslisclose
m7_asl_detail	idasldetail,isclose
m7_asr	asrid,asrisclose
m7_asr_detail	idasrdetail,isclose
m7_asset	aid
m7_asset_category	ackode
m7_asset_category_history	acidhistory
m7_asset_category_tax	actkode
m7_asset_category_tax_history	actidhistory
m7_asset_history	aidhistory
m7_asset_transaction	atid
m7_asset_transaction_history	atidhistory
m7_at	atid,atisclose
m7_at_detail	idatdetail,isclose
m7_at_pay	idatcarabayar,isclose
m7_da	daid,daisclose
m7_da_detail	iddadetail,isclose
m7_depreciation_category	kode
m7_dsa	dsaid,dsaisclose
m7_dsa_detail	idsidetail,isclose
m7_dsr	dsrid,dsrisclose
m7_dsr_detail	iddsrdetail,isclose
m7_files	fsumber,fidtransaksi,fnamafile
m7_ia	iaid,iaisclose
m7_ia_detail	idiadetail,isclose
m7_ir	irid,irisclose
m7_ir_detail	idirdetail,isclose
m7_irt	irtid,irtisclose
m7_irt_detail	idirtdetail,isclose
m7_master_asset_category	ackode
m7_master_asset_department	dpkode
m7_master_asset_disposal	adkode
m7_notes	nid
m7_ra	raid,raisclose
m7_ra_detail	idradetail,isclose
m7_ta	taid,taisclose
m7_ta_detail	idtadetail,isclose
m7_te	teid,teisclose
m7_te_detail	idtedetail,isclose
m7_tr	trid,trisclose
m7_tr_detail	idtrdetail,isclose
m7_ua	uaid,uaisclose
m7_ua_detail	iduadetail,isclose
m7_ur	urid,urisclose
m7_ur_detail	idurdetail,isclose
m7_urt	urtid,urtisclose
m7_urt_detail	idurtdetail,isclose
m8_content	ckode
m8_content_chart	chkode
m8_content_copy1	ckode
m8_indicator	ikode
m9_coa	ctahun,cbulan,ckode,cnomor
m9_jenis_eliminasi	kjjenis,kjakun
m9_konsolidasi_barang	kbid
m9_konsolidasi_history	khid
m9_setting_db	dbkodecabang
m_10_ab	abid
m_10_ad	adid
m_10_ad_detail	idaddetail
m_10_al	alid
m_10_al_detail	idaldetail
m_10_at	atid
m_10_at_detail	idtdetail
m_10_attendance_status	skid,skkode
m_10_benefit _and_deduction	ppkode
m_10_benefits_setting	stkodegolongan
m_10_cn	cnkode
m_10_crn	crnid
m_10_crn_detail	idcrdetail
m_10_department	dkode
m_10_ea	eajid
m_10_ed	edid
m_10_ed_detail	ideddetail
m_10_education	pkode
m_10_em	emid
m_10_em_detail	idemdetail
m_10_employee	kid,kkode
m_10_employee_category	kkkode
m_10_employee_type	jkkode
m_10_emr	emrid
m_10_emr_detail	idppmdetail
m_10_ep	epid
m_10_er	erid
m_10_erg	ergid
m_10_erl	erlid
m_10_err	errid
m_10_et	etid
m_10_ets	etsid
m_10_ets_detail	idetsdetail
m_10_ew	ewid
m_10_grade_and_payroll_level	gkode
m_10_job_test_type	jtkode
m_10_jp	jpid
m_10_leave_setting	scidkaryawan
m_10_leave_type	jckode
m_10_lr	lrid
m_10_non_taxable_income	pkode
m_10_ord	ordlid
m_10_pc	pcid
m_10_pc_detail	idpcdetail
m_10_pe	peid
m_10_pe_detail	idpedetail
m_10_position	jkode
m_10_pp	ppid,ppinputtgl
m_10_pp_detail	idppdetail
m_10_rem	remid
m_10_rem_detail	idremdetail
m_10_sc	scid
m_10_sc_detail	idscdetail
m_10_service_provider	spid,spkode
m_10_shift	shkode
m_10_ss	ssid
m_10_ss_detail	idssdetail
m_10_termination_type	jpkode
m_10_tq	tqid
m_10_wt	wtid
m_10_wtdetail	idwtdetail
m_11_ak	akid,akisclose
m_11_ak_detail	idakdetail,isclose
m_11_ilo	iloid,iloisclose
m_11_isk	iskid,iskisclose
m_11_kj	kjid,kjisclose
m_11_kj_history	kjidhistory,kjisclose
m_11_km	kmid,kmisclose
m_11_km_history	kmidhistory,kmisclose
m_11_kw	kwid,kwisclose
m_11_kw_detail	idkwdetail,isclose
m_11_kw_pay	idkwcarabayar,isclose
m_11_lb	lbid,lbisclose
m_11_lb_detail	idlbdetail,isclose
m_11_lb_hasil	idlbhasil
m_11_lu	luid,luisclose
m_11_lu_detail	idludetail,isclose
m_11_lu_detail_history	idhistorydetail,isclose
m_11_lu_history	luidhistory,luisclose
m_11_pb	pvid,pvisclose
m_11_pb_	pbid,pbisclose
m_11_pb_detail	idpvdetail,isclose
m_11_pb_pay	idpbcarabayar,isclose
m_11_pt	ptid,ptisclose
m_11_rk	rkid,rkisclose
m_11_rk_pay	idrkcarabayar,isclose
m_11_rm	rmid,rmisclose
m_11_ro	roid,roisclose
m_11_ro_detail	idrodetail,isclose
m_11_sk	skid,skisclose
m_11_ud	udid,udisclose
m_12_ai	aiid
m_12_ai_additional	idadditional
m_12_ai_detail	idaidetail
m_12_area	akode
m_12_area_category	ackode
m_12_area_category_history	acidhistory
m_12_area_history	aidhistory
m_12_bi	biid
m_12_bi_bonus	idbonus
m_12_bi_bonus_history	idhistorybonus
m_12_bi_detail	idbidetail
m_12_bi_detail_history	idhistorydetail
m_12_bi_history	biidhistory
m_12_cpa	cpaid
m_12_cpa_detail	idcpadetail
m_12_cpa_detail_history	idhistorydetail
m_12_cpa_history	cpaidhistory
m_12_di	diid
m_12_di_detail	iddidetail
m_12_di_detail_history	idhistorydetail
m_12_di_history	diidhistory
m_12_lp	lpid,lpisclose
m_12_lp_detail	idlpdetail,isclose
m_12_lp_detail_history	idhistorydetail,isclose
m_12_lp_history	paidhistory,paisclose
m_12_pos_additional_item	aiid
m_12_pos_additional_item_detail	idaidetail
m_12_pos_bonus_item	biid
m_12_pos_bonus_item_detail	idbidetail
m_12_pos_bonus_trans	biid
m_12_pos_bonus_trans_detail	idbidetail
m_12_pos_bonus_trans_special_item	idbiitem
m_12_pos_category	pckode
m_12_pos_category_history	pcidhistory
m_12_pos_category_setting	pcskategori,pcsmodule,pcsgrup,pcskode
m_12_pos_discount_category_customer	dcckategori,dcckategoricustomer,dccoperator,dccjml1,dccjml2
m_12_pos_discount_category_item	dcikategori,dcikategoribarang,dcioperator,dcijml1,dcijml2
m_12_pos_discount_item	dikategori,diidbarang,dioperator,dijml1,dijml2
m_12_pos_hardware	phuserid
m_12_pos_item	pikategori,piidbarang
m_12_pos_point_category_item	pcikategori,pcikategoribarang,pcioperator,pcijml1,pcijml2
m_12_pos_point_item	pikategori,piidbarang,pioperator,pijml1,pijml2
m_12_pos_point_transaction	ptkategori,ptoperator,ptjml1,ptjml2
m_12_pos_promo	kode
m_12_pos_setting	smodule,sgrup,skode
m_12_pos_special_price	biid
m_12_pos_special_price_detail	idbidetail
m_12_pos_special_price_special_item	idbiitem
m_12_pos_substitution_item	siid
m_12_pos_substitution_item_detail	idsidetail
m_12_pos_type	ptkode
m_12_pos_type_class_product	tipepos,kelasproduk
m_12_pos_type_history	ptidhistory
m_12_pos_voucher_in	viid
m_12_pos_voucher_out	void
m_12_ppa	ppaid,ppaisclose
m_12_ppa_detail	idppadetail,isclose
m_12_ppa_detail_history	idhistorydetail,isclose
m_12_ppa_history	paidhistory,paisclose
m_12_ppv	ppvid,ppvisclose
m_12_ppv_detail	idppvdetail,isclose
m_12_ppv_pay	idppvcarabayar,isclose
m_12_sbi	sbiid
m_12_sbi_detail	idsbidetail
m_12_sbi_substitution	idsubstitution
m_12_st	stid
m_12_st_detail	idstdetail
m_12_st_detail_history	idhistorydetail
m_12_st_history	diidhistory
meetingagendarelevant	AgendaRelevantId
meetingagendas	AgendaId
meetingagendatypes	AgendaTypeId
meetingattendees	AttendeeId
meetingdecisionrelevant	DecisionRelevantId
meetingdecisions	DecisionId
meetinglocations	LocationId
meetings	MeetingId
meetingtypes	MeetingTypeId
quotes	id
rolepermissions	RolePermissionId
roles	RoleId
test	bid
userpermissions	UserPermissionId
userpreferences	UserPreferenceId
userroles	UserRoleId
users	UserId
versioninfo	Version
