m5_si_getdata_h	250
m5_si_getdata	248
m11_lb_getdatabyid	233
m_11_ak_getdata	224
m5_dr_getdata	193
m4_dnr_getdata	189
m5_do_getdata	189
m5_rnr_getdata	189
m5_sr_getdata	188
m4_prt_getdata	187
m4_ri_getdata	183
m4_grn_getdata	181
m4_po_getdata	176
m5_pi_getdata	175
m5_pl_getdata	174
m1_contact_getdata	173
m5_so_getdata	171
m4_rq_getdata	169
m4_pr_getdata	160
m5_sq_getdata	160
m13_si_history	158
m13_si	157
m1_contact_history	152
m1_contact	151
m1_contact_copy	151
m0_config	150
m1_contact_v	149
m7_ae_getdata	146
m14_loan_history	145
m14_loan	144
m7_ao_getdata	144
m6_pdr_getdata	143
m6_wo_getdata	142
m6_mrs_getdata	141
m_11_kj	140
m13_student_category_billing_history	138
m6_mrn_getdata	138
m7_aq_getdata	138
m0_si	137
m11_kj_getdata	137
m13_billing_category_history	137
m13_student_category_billing	137
m14_deposit_history	137
m1_item_getdata	137
m5_si_history	137
m13_billing_category	136
m14_deposit	136
m5_ic_getdata	136
m5_si	136
m5_si_failed	136
m13_student_category_history	135
m14_account_history	135
m14_collateral_history	135
m13_class_history	134
m13_faculty_history	134
m13_school_year_history	134
m13_student_category	134
m13_student_status_history	134
m13_study_program_history	134
m14_account	134
m14_collateral	134
m13_class	133
m13_faculty	133
m13_school_year	133
m13_student_status	133
m13_study_program	133
m1_item_history	133
m4_vp_getdata	133
m5_pv_getdata	133
m6_pd_getdata	133
m1_item	132
m1_item_c	132
m1_item_copy1	132
m1_item_copy2	132
m1_item2	131
m1_item_flex	131
m4_bs_getdata	130
m4_vpp_getdata	129
m_11_kj_history	127
m1_item_v	125
ak_tmp	124
m_11_km_history	124
m5_si_history_v	123
m_11_ak	123
m_11_km	123
lb_tmp	121
m13_bl_history	121
m13_py	121
m14_ang	121
m14_pjm	121
m7_ar_getdata	121
m1_item_hauling_getdata	120
m_11_lb	120
m13_bl	119
m14_smp	118
m7_at_getdata	118
lu_tmp	117
m2r_posisi_keuangan_t_detail	117
ro_tmp	117
m_11_lu	116
