m1	271
m	173
m5	150
m4	136
m2	115
m0	106
m2r	96
m7	88
m3	77
m6	71
m13	26
0	22
m14	19
m9	6
m8	5
m11	4
test	3
m2s	2
rk	2
a	1
ak	1
businessunits	1
contacts	1
dataauditlog	1
dateasset	1
exceptions	1
languages	1
lb	1
lu	1
meetingagendarelevant	1
meetingagendas	1
meetingagendatypes	1
meetingattendees	1
meetingdecisionrelevant	1
meetingdecisions	1
meetinglocations	1
meetings	1
meetingtypes	1
quotes	1
ro	1
rolepermissions	1
roles	1
temp	1
term	1
test1	1
test2	1
userpermissions	1
userpreferences	1
userroles	1
users	1
v	1
versioninfo	1
